{"type":"FeatureCollection","features":[{"type":"Feature","id":"relation/19308688","properties":{"id":"relation/19308688","building":"yes","_elevM":10,"_bbox":[99.9629508,8.4320352,99.964131,8.4329135]},"geometry":{"type":"Polygon","coordinates":[[[99.9635,8.43214],[99.96413,8.43216],[99.96404,8.43243],[99.96375,8.43238],[99.96374,8.43246],[99.96401,8.4325],[99.96393,8.4328],[99.9638,8.43273],[99.96382,8.43291],[99.96338,8.43285],[99.96295,8.4328],[99.96301,8.43204],[99.9635,8.43214]]]}},{"type":"Feature","id":"relation/20618921","properties":{"id":"relation/20618921","name":"ศาลากลางจังหวัดนครศรีธรรมราช","building":"yes","amenity":"townhall","_elevM":10,"_bbox":[99.9631081,8.4181296,99.9638762,8.418966]},"geometry":{"type":"Polygon","coordinates":[[[99.96311,8.41887],[99.96313,8.41874],[99.96316,8.41875],[99.96319,8.41858],[99.96315,8.41858],[99.96317,8.41844],[99.96321,8.41844],[99.96323,8.41829],[99.9632,8.41828],[99.96321,8.41816],[99.96325,8.41817],[99.96325,8.41813],[99.96349,8.41816],[99.96349,8.41819],[99.96366,8.41821],[99.96366,8.41818],[99.9638,8.4182],[99.96379,8.41823],[99.96388,8.41824],[99.96386,8.41834],[99.96379,8.41833],[99.96376,8.41851],[99.96385,8.41852],[99.96383,8.41867],[99.96375,8.41865],[99.96372,8.41881],[99.96381,8.41882],[99.96379,8.41897],[99.9634,8.41891],[99.9634,8.41894],[99.96312,8.4189],[99.96311,8.41887]],[[99.96344,8.41858],[99.96341,8.41879],[99.96358,8.41881],[99.96361,8.41862],[99.96355,8.41861],[99.96357,8.41849],[99.96361,8.41849],[99.96364,8.41832],[99.96349,8.4183],[99.96346,8.41849],[99.96349,8.41849],[99.96348,8.41859],[99.96344,8.41858]]]}},{"type":"Feature","id":"way/498321268","properties":{"id":"way/498321268","building":"retail","_elevM":10,"_bbox":[99.9752935,8.3973054,99.9762312,8.3988704]},"geometry":{"type":"Polygon","coordinates":[[[99.97619,8.39887],[99.97529,8.39885],[99.97534,8.39731],[99.97623,8.39733],[99.97619,8.39887]]]}},{"type":"Feature","id":"way/541444007","properties":{"id":"way/541444007","name":"สถานีรถไฟนครศรีธรรมราช","building":"train_station","_elevM":10,"_bbox":[99.95976,8.4392173,99.9599872,8.4398997]},"geometry":{"type":"Polygon","coordinates":[[[99.95985,8.43922],[99.95996,8.43923],[99.95993,8.43948],[99.95999,8.43949],[99.95997,8.43961],[99.95991,8.4396],[99.95987,8.4399],[99.95976,8.43988],[99.95985,8.43922]]]}},{"type":"Feature","id":"way/765938022","properties":{"id":"way/765938022","building":"yes","_elevM":10,"_bbox":[99.9687595,8.3964441,99.9690947,8.3967338]},"geometry":{"type":"Polygon","coordinates":[[[99.96876,8.39668],[99.96881,8.39644],[99.96909,8.3965],[99.96905,8.39673],[99.96876,8.39668]]]}},{"type":"Feature","id":"way/765938023","properties":{"id":"way/765938023","building":"yes","_elevM":10,"_bbox":[99.9686008,8.3964239,99.9687875,8.3967907]},"geometry":{"type":"Polygon","coordinates":[[[99.9686,8.39677],[99.96866,8.39642],[99.96879,8.39645],[99.96872,8.39679],[99.9686,8.39677]]]}},{"type":"Feature","id":"way/765938025","properties":{"id":"way/765938025","building":"yes","_elevM":10,"_bbox":[99.9684603,8.3964077,99.9685952,8.3965605]},"geometry":{"type":"Polygon","coordinates":[[[99.96846,8.39655],[99.96848,8.39641],[99.9686,8.39642],[99.96858,8.39656],[99.96846,8.39655]]]}},{"type":"Feature","id":"way/765938026","properties":{"id":"way/765938026","building":"yes","_elevM":10,"_bbox":[99.96875,8.396722,99.9690818,8.3968648]},"geometry":{"type":"Polygon","coordinates":[[[99.96877,8.39672],[99.96908,8.39678],[99.96907,8.39686],[99.96875,8.3968],[99.96877,8.39672]]]}},{"type":"Feature","id":"way/765938028","properties":{"id":"way/765938028","building":"yes","_elevM":10,"_bbox":[99.969822,8.3965516,99.9699521,8.3968923]},"geometry":{"type":"Polygon","coordinates":[[[99.96982,8.39688],[99.9699,8.39655],[99.96995,8.39656],[99.96987,8.39689],[99.96982,8.39688]]]}},{"type":"Feature","id":"way/765938625","properties":{"id":"way/765938625","building":"yes","_elevM":10,"_bbox":[99.9691274,8.3968076,99.9695704,8.3969781]},"geometry":{"type":"Polygon","coordinates":[[[99.96914,8.39681],[99.96957,8.39689],[99.96955,8.39698],[99.96913,8.3969],[99.96914,8.39681]]]}},{"type":"Feature","id":"way/765938626","properties":{"id":"way/765938626","building":"yes","_elevM":10,"_bbox":[99.9696023,8.3969126,99.9697839,8.3970358]},"geometry":{"type":"Polygon","coordinates":[[[99.9696,8.39701],[99.96962,8.39691],[99.96978,8.39694],[99.96977,8.39704],[99.9696,8.39701]]]}},{"type":"Feature","id":"way/765938627","properties":{"id":"way/765938627","building":"yes","_elevM":10,"_bbox":[99.9696142,8.3959596,99.9698668,8.3963044]},"geometry":{"type":"Polygon","coordinates":[[[99.96961,8.39626],[99.96969,8.39596],[99.96987,8.396],[99.96979,8.3963],[99.96961,8.39626]]]}},{"type":"Feature","id":"way/765938628","properties":{"id":"way/765938628","building":"yes","_elevM":10,"_bbox":[99.9691598,8.3961323,99.9692495,8.3962671]},"geometry":{"type":"Polygon","coordinates":[[[99.96916,8.39626],[99.96918,8.39613],[99.96925,8.39614],[99.96923,8.39627],[99.96916,8.39626]]]}},{"type":"Feature","id":"way/765938629","properties":{"id":"way/765938629","building":"yes","_elevM":10,"_bbox":[99.9693312,8.3957907,99.9695163,8.3959997]},"geometry":{"type":"Polygon","coordinates":[[[99.96938,8.39598],[99.9694,8.39589],[99.96933,8.39587],[99.96935,8.39579],[99.96952,8.39583],[99.96947,8.396],[99.96938,8.39598]]]}},{"type":"Feature","id":"way/765949173","properties":{"id":"way/765949173","building":"yes","_elevM":10,"_bbox":[99.969364,8.3970515,99.9695538,8.3972047]},"geometry":{"type":"Polygon","coordinates":[[[99.96936,8.39717],[99.96939,8.39705],[99.96955,8.39709],[99.96953,8.3972],[99.96936,8.39717]]]}},{"type":"Feature","id":"way/765949174","properties":{"id":"way/765949174","building":"yes","mnType":"temple","_elevM":28,"_bbox":[99.9691696,8.3970524,99.9693078,8.3971583]},"geometry":{"type":"Polygon","coordinates":[[[99.96917,8.39714],[99.96918,8.39705],[99.96931,8.39707],[99.96929,8.39716],[99.96917,8.39714]]]}},{"type":"Feature","id":"way/765949175","properties":{"id":"way/765949175","building":"yes","_elevM":10,"_bbox":[99.9695953,8.3970217,99.9697636,8.3970915]},"geometry":{"type":"Polygon","coordinates":[[[99.9696,8.39706],[99.9696,8.39702],[99.96976,8.39706],[99.96976,8.39709],[99.9696,8.39706]]]}},{"type":"Feature","id":"way/765949176","properties":{"id":"way/765949176","building":"yes","_elevM":10,"_bbox":[99.9683905,8.3969165,99.9685447,8.3970863]},"geometry":{"type":"Polygon","coordinates":[[[99.96839,8.39707],[99.96841,8.39692],[99.96854,8.39693],[99.96853,8.39709],[99.96839,8.39707]]]}},{"type":"Feature","id":"way/765949177","properties":{"id":"way/765949177","building":"yes","_elevM":10,"_bbox":[99.9685007,8.3972935,99.9685923,8.3973586]},"geometry":{"type":"Polygon","coordinates":[[[99.9685,8.39735],[99.96851,8.39729],[99.96859,8.3973],[99.96859,8.39736],[99.9685,8.39735]]]}},{"type":"Feature","id":"way/765949178","properties":{"id":"way/765949178","building":"yes","mnType":"temple","_elevM":28,"_bbox":[99.9688667,8.3973153,99.9689721,8.3973955]},"geometry":{"type":"Polygon","coordinates":[[[99.96887,8.39739],[99.96887,8.39732],[99.96897,8.39732],[99.96897,8.3974],[99.96887,8.39739]]]}},{"type":"Feature","id":"way/765949179","properties":{"id":"way/765949179","building":"yes","_elevM":10,"_bbox":[99.9684406,8.3973905,99.9685467,8.3974686]},"geometry":{"type":"Polygon","coordinates":[[[99.96844,8.39746],[99.96845,8.39739],[99.96855,8.3974],[99.96854,8.39747],[99.96844,8.39746]]]}},{"type":"Feature","id":"way/765949181","properties":{"id":"way/765949181","building":"yes","mnType":"temple","_elevM":28,"_bbox":[99.9686348,8.3975495,99.9687984,8.3976581]},"geometry":{"type":"Polygon","coordinates":[[[99.96863,8.39763],[99.96865,8.39755],[99.9688,8.39758],[99.96878,8.39766],[99.96863,8.39763]]]}},{"type":"Feature","id":"way/765949182","properties":{"id":"way/765949182","building":"yes","_elevM":10,"_bbox":[99.9684388,8.3975184,99.9685595,8.3976339]},"geometry":{"type":"Polygon","coordinates":[[[99.96844,8.39762],[99.96846,8.39752],[99.96856,8.39754],[99.96854,8.39763],[99.96844,8.39762]]]}},{"type":"Feature","id":"way/765949183","properties":{"id":"way/765949183","building":"yes","mnType":"temple","_elevM":28,"_bbox":[99.9686133,8.3978247,99.9687359,8.3979209]},"geometry":{"type":"Polygon","coordinates":[[[99.96862,8.39782],[99.96874,8.39784],[99.96873,8.39792],[99.96861,8.39791],[99.96862,8.39782]]]}},{"type":"Feature","id":"way/765949184","properties":{"id":"way/765949184","building":"yes","mnType":"temple","_elevM":28,"_bbox":[99.9688328,8.3978477,99.9689599,8.3979329]},"geometry":{"type":"Polygon","coordinates":[[[99.96883,8.39792],[99.96884,8.39785],[99.96896,8.39786],[99.96895,8.39793],[99.96883,8.39792]]]}},{"type":"Feature","id":"way/765949185","properties":{"id":"way/765949185","building":"yes","mnType":"temple","_elevM":28,"_bbox":[99.968927,8.3976733,99.9692014,8.3978198]},"geometry":{"type":"Polygon","coordinates":[[[99.96893,8.39779],[99.96894,8.39767],[99.9692,8.3977],[99.96919,8.39782],[99.96893,8.39779]]]}},{"type":"Feature","id":"way/765949186","properties":{"id":"way/765949186","building":"yes","_elevM":10,"_bbox":[99.9687191,8.3979563,99.9688083,8.3980762]},"geometry":{"type":"Polygon","coordinates":[[[99.96873,8.39796],[99.96881,8.39796],[99.9688,8.39808],[99.96872,8.39807],[99.96873,8.39796]]]}},{"type":"Feature","id":"way/765949188","properties":{"id":"way/765949188","building":"yes","_elevM":10,"_bbox":[99.9685468,8.3958577,99.9690143,8.3964527]},"geometry":{"type":"Polygon","coordinates":[[[99.96857,8.39637],[99.96862,8.39611],[99.96855,8.3961],[99.9686,8.39586],[99.96899,8.39594],[99.96895,8.39611],[99.96867,8.39605],[99.96863,8.39625],[99.96901,8.39633],[99.96899,8.39645],[99.96857,8.39637]]]}},{"type":"Feature","id":"way/765949189","properties":{"id":"way/765949189","building":"yes","_elevM":10,"_bbox":[99.9689618,8.3959973,99.9690662,8.3961312]},"geometry":{"type":"Polygon","coordinates":[[[99.96896,8.39611],[99.96899,8.396],[99.96907,8.39601],[99.96905,8.39613],[99.96896,8.39611]]]}},{"type":"Feature","id":"way/765949190","properties":{"id":"way/765949190","building":"yes","_elevM":10,"_bbox":[99.9686591,8.3957364,99.9690515,8.3959277]},"geometry":{"type":"Polygon","coordinates":[[[99.96868,8.39574],[99.96905,8.39583],[99.96903,8.39593],[99.96866,8.39583],[99.96868,8.39574]]]}},{"type":"Feature","id":"way/765949191","properties":{"id":"way/765949191","building":"yes","_elevM":10,"_bbox":[99.9687134,8.3955187,99.969101,8.3957208]},"geometry":{"type":"Polygon","coordinates":[[[99.96871,8.39563],[99.96876,8.39552],[99.9691,8.39561],[99.96906,8.39572],[99.96871,8.39563]]]}},{"type":"Feature","id":"way/765949192","properties":{"id":"way/765949192","building":"yes","_elevM":10,"_bbox":[99.968785,8.395314,99.9691225,8.3955208]},"geometry":{"type":"Polygon","coordinates":[[[99.96878,8.39544],[99.96882,8.39531],[99.96912,8.3954],[99.96909,8.39552],[99.96878,8.39544]]]}},{"type":"Feature","id":"way/765949193","properties":{"id":"way/765949193","building":"yes","_elevM":10,"_bbox":[99.9688892,8.3950648,99.969032,8.3951868]},"geometry":{"type":"Polygon","coordinates":[[[99.96889,8.39516],[99.96891,8.39506],[99.96903,8.3951],[99.96901,8.39519],[99.96889,8.39516]]]}},{"type":"Feature","id":"way/765949194","properties":{"id":"way/765949194","building":"yes","_elevM":10,"_bbox":[99.9690695,8.3951139,99.9692124,8.3952359]},"geometry":{"type":"Polygon","coordinates":[[[99.96907,8.3952],[99.96909,8.39511],[99.96921,8.39515],[99.96919,8.39524],[99.96907,8.3952]]]}},{"type":"Feature","id":"way/765949195","properties":{"id":"way/765949195","building":"yes","_elevM":10,"_bbox":[99.9692487,8.3951613,99.9693876,8.3952871]},"geometry":{"type":"Polygon","coordinates":[[[99.96925,8.39525],[99.96927,8.39516],[99.96939,8.3952],[99.96937,8.39529],[99.96925,8.39525]]]}},{"type":"Feature","id":"way/765949196","properties":{"id":"way/765949196","building":"yes","_elevM":10,"_bbox":[99.9692949,8.3949892,99.9694377,8.3951112]},"geometry":{"type":"Polygon","coordinates":[[[99.96929,8.39508],[99.96932,8.39499],[99.96944,8.39502],[99.96941,8.39511],[99.96929,8.39508]]]}},{"type":"Feature","id":"way/765949197","properties":{"id":"way/765949197","building":"yes","_elevM":10,"_bbox":[99.9690999,8.3949487,99.9692427,8.3950707]},"geometry":{"type":"Polygon","coordinates":[[[99.9691,8.39504],[99.96912,8.39495],[99.96924,8.39498],[99.96922,8.39507],[99.9691,8.39504]]]}},{"type":"Feature","id":"way/765949198","properties":{"id":"way/765949198","building":"yes","_elevM":10,"_bbox":[99.9689393,8.3949002,99.9690782,8.3950261]},"geometry":{"type":"Polygon","coordinates":[[[99.96894,8.39499],[99.96896,8.3949],[99.96908,8.39494],[99.96906,8.39503],[99.96894,8.39499]]]}},{"type":"Feature","id":"way/765949199","properties":{"id":"way/765949199","building":"yes","_elevM":10,"_bbox":[99.969323,8.3954021,99.9697003,8.3955786]},"geometry":{"type":"Polygon","coordinates":[[[99.96934,8.3954],[99.9697,8.39547],[99.96968,8.39558],[99.96932,8.39551],[99.96934,8.3954]]]}},{"type":"Feature","id":"way/765949200","properties":{"id":"way/765949200","building":"yes","_elevM":10,"_bbox":[99.9692738,8.3955788,99.9696614,8.395752]},"geometry":{"type":"Polygon","coordinates":[[[99.96927,8.39567],[99.9693,8.39558],[99.96966,8.39565],[99.96963,8.39575],[99.96927,8.39567]]]}},{"type":"Feature","id":"way/765949201","properties":{"id":"way/765949201","building":"yes","_elevM":10,"_bbox":[99.9697195,8.3956681,99.9701079,8.3958449]},"geometry":{"type":"Polygon","coordinates":[[[99.96972,8.39577],[99.96974,8.39567],[99.97011,8.39575],[99.97009,8.39584],[99.96972,8.39577]]]}},{"type":"Feature","id":"way/765949202","properties":{"id":"way/765949202","building":"yes","_elevM":10,"_bbox":[99.9697633,8.3954989,99.9701516,8.3956757]},"geometry":{"type":"Polygon","coordinates":[[[99.96976,8.3956],[99.96978,8.3955],[99.97015,8.39558],[99.97013,8.39568],[99.96976,8.3956]]]}},{"type":"Feature","id":"way/765949203","properties":{"id":"way/765949203","building":"yes","_elevM":10,"_bbox":[99.96981,8.3952806,99.9701983,8.3954574]},"geometry":{"type":"Polygon","coordinates":[[[99.96981,8.39538],[99.96983,8.39528],[99.9702,8.39536],[99.97018,8.39546],[99.96981,8.39538]]]}},{"type":"Feature","id":"way/765949204","properties":{"id":"way/765949204","building":"yes","_elevM":10,"_bbox":[99.9698567,8.3950993,99.970245,8.395276]},"geometry":{"type":"Polygon","coordinates":[[[99.96986,8.3952],[99.96988,8.3951],[99.97025,8.39518],[99.97022,8.39528],[99.96986,8.3952]]]}},{"type":"Feature","id":"way/765949210","properties":{"id":"way/765949210","building":"yes","_elevM":10,"_bbox":[99.9691149,8.3957902,99.9691997,8.3958944]},"geometry":{"type":"Polygon","coordinates":[[[99.96911,8.39588],[99.96914,8.39579],[99.9692,8.39581],[99.96918,8.39589],[99.96911,8.39588]]]}},{"type":"Feature","id":"way/765949211","properties":{"id":"way/765949211","building":"yes","_elevM":10,"_bbox":[99.9691899,8.3958732,99.9692728,8.3959477]},"geometry":{"type":"Polygon","coordinates":[[[99.96919,8.39593],[99.9692,8.39587],[99.96927,8.39589],[99.96926,8.39595],[99.96919,8.39593]]]}},{"type":"Feature","id":"way/765949215","properties":{"id":"way/765949215","building":"yes","_elevM":10,"_bbox":[99.9703146,8.3970834,99.9704305,8.3973237]},"geometry":{"type":"Polygon","coordinates":[[[99.97031,8.39731],[99.97035,8.39708],[99.97043,8.39709],[99.97039,8.39732],[99.97031,8.39731]]]}},{"type":"Feature","id":"way/765949216","properties":{"id":"way/765949216","building":"yes","_elevM":10,"_bbox":[99.9704346,8.397196,99.9705565,8.3973639]},"geometry":{"type":"Polygon","coordinates":[[[99.97043,8.39735],[99.97045,8.3972],[99.97056,8.39721],[99.97054,8.39736],[99.97043,8.39735]]]}},{"type":"Feature","id":"way/765949217","properties":{"id":"way/765949217","building":"yes","_elevM":10,"_bbox":[99.9706043,8.3972473,99.9707181,8.3973539]},"geometry":{"type":"Polygon","coordinates":[[[99.9706,8.39734],[99.97063,8.39725],[99.97072,8.39725],[99.97071,8.39735],[99.9706,8.39734]]]}},{"type":"Feature","id":"way/765949218","properties":{"id":"way/765949218","building":"yes","_elevM":10,"_bbox":[99.970303,8.3974081,99.9703995,8.3974865]},"geometry":{"type":"Polygon","coordinates":[[[99.9703,8.39747],[99.97031,8.39741],[99.9704,8.39742],[99.97039,8.39749],[99.9703,8.39747]]]}},{"type":"Feature","id":"way/765949219","properties":{"id":"way/765949219","building":"yes","_elevM":10,"_bbox":[99.9706178,8.3974569,99.9707304,8.3975296]},"geometry":{"type":"Polygon","coordinates":[[[99.97062,8.39751],[99.97063,8.39746],[99.97073,8.39748],[99.97072,8.39753],[99.97062,8.39751]]]}},{"type":"Feature","id":"way/765949220","properties":{"id":"way/765949220","building":"yes","_elevM":10,"_bbox":[99.9710596,8.3972453,99.9712212,8.3974333]},"geometry":{"type":"Polygon","coordinates":[[[99.97106,8.39741],[99.9711,8.39725],[99.97122,8.39726],[99.97119,8.39743],[99.97106,8.39741]]]}},{"type":"Feature","id":"way/765949221","properties":{"id":"way/765949221","building":"yes","_elevM":10,"_bbox":[99.9703813,8.3968785,99.9704803,8.3969754]},"geometry":{"type":"Polygon","coordinates":[[[99.97038,8.39697],[99.97039,8.39688],[99.97048,8.39688],[99.97047,8.39698],[99.97038,8.39697]]]}},{"type":"Feature","id":"way/765949222","properties":{"id":"way/765949222","building":"yes","_elevM":10,"_bbox":[99.9705492,8.396884,99.9706952,8.3969658]},"geometry":{"type":"Polygon","coordinates":[[[99.97055,8.39696],[99.97055,8.39688],[99.9707,8.39689],[99.97069,8.39697],[99.97055,8.39696]]]}},{"type":"Feature","id":"way/765949223","properties":{"id":"way/765949223","building":"yes","_elevM":10,"_bbox":[99.9711193,8.3971106,99.9712254,8.3972137]},"geometry":{"type":"Polygon","coordinates":[[[99.97113,8.39711],[99.97123,8.39712],[99.97121,8.39721],[99.97112,8.3972],[99.97113,8.39711]]]}},{"type":"Feature","id":"way/765949224","properties":{"id":"way/765949224","building":"yes","_elevM":10,"_bbox":[99.971139,8.3969449,99.9712455,8.3970638]},"geometry":{"type":"Polygon","coordinates":[[[99.97114,8.39706],[99.97114,8.39695],[99.97124,8.39694],[99.97125,8.39706],[99.97114,8.39706]]]}},{"type":"Feature","id":"way/765949225","properties":{"id":"way/765949225","building":"yes","_elevM":10,"_bbox":[99.9712392,8.3971139,99.9713384,8.3972197]},"geometry":{"type":"Polygon","coordinates":[[[99.97124,8.3972],[99.97126,8.39711],[99.97134,8.39713],[99.97132,8.39722],[99.97124,8.3972]]]}},{"type":"Feature","id":"way/765949226","properties":{"id":"way/765949226","building":"yes","_elevM":10,"_bbox":[99.971252,8.3969387,99.9713945,8.3971013]},"geometry":{"type":"Polygon","coordinates":[[[99.97125,8.39709],[99.97126,8.397],[99.97133,8.39701],[99.97133,8.39694],[99.97139,8.39694],[99.97138,8.3971],[99.97125,8.39709]]]}},{"type":"Feature","id":"way/765949228","properties":{"id":"way/765949228","building":"yes","_elevM":10,"_bbox":[99.9700082,8.3975832,99.970171,8.3977308]},"geometry":{"type":"Polygon","coordinates":[[[99.97001,8.39771],[99.97003,8.39758],[99.97017,8.3976],[99.97015,8.39773],[99.97001,8.39771]]]}},{"type":"Feature","id":"way/765949229","properties":{"id":"way/765949229","building":"yes","_elevM":10,"_bbox":[99.9702057,8.3975855,99.9703078,8.3976615]},"geometry":{"type":"Polygon","coordinates":[[[99.97021,8.39766],[99.97021,8.39759],[99.97031,8.39759],[99.9703,8.39766],[99.97021,8.39766]]]}},{"type":"Feature","id":"way/765949230","properties":{"id":"way/765949230","building":"yes","_elevM":10,"_bbox":[99.9703562,8.397596,99.9704582,8.397672]},"geometry":{"type":"Polygon","coordinates":[[[99.97036,8.39767],[99.97036,8.3976],[99.97046,8.3976],[99.97045,8.39767],[99.97036,8.39767]]]}},{"type":"Feature","id":"way/765949231","properties":{"id":"way/765949231","building":"yes","_elevM":10,"_bbox":[99.9702159,8.3977127,99.970318,8.3977888]},"geometry":{"type":"Polygon","coordinates":[[[99.97022,8.39778],[99.97022,8.39771],[99.97032,8.39772],[99.97031,8.39779],[99.97022,8.39778]]]}},{"type":"Feature","id":"way/765949232","properties":{"id":"way/765949232","building":"yes","_elevM":10,"_bbox":[99.9700086,8.3978001,99.9701106,8.3978761]},"geometry":{"type":"Polygon","coordinates":[[[99.97001,8.39787],[99.97001,8.3978],[99.97011,8.39781],[99.97011,8.39788],[99.97001,8.39787]]]}},{"type":"Feature","id":"way/765949233","properties":{"id":"way/765949233","building":"yes","_elevM":10,"_bbox":[99.9703023,8.3979229,99.9704043,8.3979988]},"geometry":{"type":"Polygon","coordinates":[[[99.9703,8.39799],[99.97031,8.39792],[99.9704,8.39793],[99.9704,8.398],[99.9703,8.39799]]]}},{"type":"Feature","id":"way/765949234","properties":{"id":"way/765949234","building":"yes","_elevM":10,"_bbox":[99.9703498,8.397835,99.9704507,8.3979162]},"geometry":{"type":"Polygon","coordinates":[[[99.97035,8.39791],[99.97036,8.39784],[99.97045,8.39784],[99.97044,8.39792],[99.97035,8.39791]]]}},{"type":"Feature","id":"way/765949235","properties":{"id":"way/765949235","building":"yes","_elevM":10,"_bbox":[99.9703623,8.3977298,99.9704643,8.3978058]},"geometry":{"type":"Polygon","coordinates":[[[99.97036,8.3978],[99.97037,8.39773],[99.97046,8.39774],[99.97046,8.39781],[99.97036,8.3978]]]}},{"type":"Feature","id":"way/765949236","properties":{"id":"way/765949236","building":"yes","_elevM":10,"_bbox":[99.9697921,8.3978905,99.9699583,8.3982368]},"geometry":{"type":"Polygon","coordinates":[[[99.96979,8.39822],[99.96985,8.39789],[99.96996,8.39791],[99.9699,8.39824],[99.96979,8.39822]]]}},{"type":"Feature","id":"way/765949237","properties":{"id":"way/765949237","building":"yes","_elevM":10,"_bbox":[99.9697641,8.3982733,99.9699256,8.3984242]},"geometry":{"type":"Polygon","coordinates":[[[99.96976,8.3984],[99.96979,8.39827],[99.96993,8.3983],[99.9699,8.39842],[99.96976,8.3984]]]}},{"type":"Feature","id":"way/765949238","properties":{"id":"way/765949238","building":"yes","_elevM":10,"_bbox":[99.9700144,8.3981249,99.97015,8.398309]},"geometry":{"type":"Polygon","coordinates":[[[99.97001,8.3983],[99.97003,8.39812],[99.97015,8.39814],[99.97013,8.39831],[99.97001,8.3983]]]}},{"type":"Feature","id":"way/765949239","properties":{"id":"way/765949239","building":"yes","_elevM":10,"_bbox":[99.9700058,8.3983074,99.9700985,8.3983941]},"geometry":{"type":"Polygon","coordinates":[[[99.97001,8.39839],[99.97001,8.39831],[99.9701,8.39831],[99.97009,8.39839],[99.97001,8.39839]]]}},{"type":"Feature","id":"way/765949241","properties":{"id":"way/765949241","building":"yes","_elevM":10,"_bbox":[99.970089,8.3979266,99.9702111,8.3980999]},"geometry":{"type":"Polygon","coordinates":[[[99.97009,8.39807],[99.97013,8.39793],[99.97021,8.39795],[99.97018,8.3981],[99.97009,8.39807]]]}},{"type":"Feature","id":"way/765949242","properties":{"id":"way/765949242","building":"yes","_elevM":10,"_bbox":[99.9702059,8.3979955,99.9702996,8.3980726]},"geometry":{"type":"Polygon","coordinates":[[[99.97021,8.39806],[99.97021,8.398],[99.9703,8.398],[99.97029,8.39807],[99.97021,8.39806]]]}},{"type":"Feature","id":"way/765949243","properties":{"id":"way/765949243","building":"yes","_elevM":10,"_bbox":[99.970436,8.3980963,99.9705844,8.3982652]},"geometry":{"type":"Polygon","coordinates":[[[99.97045,8.39827],[99.97044,8.39811],[99.97058,8.3981],[99.97058,8.39826],[99.97045,8.39827]]]}},{"type":"Feature","id":"way/765949244","properties":{"id":"way/765949244","building":"yes","_elevM":10,"_bbox":[99.9703222,8.3981315,99.9704045,8.3983637]},"geometry":{"type":"Polygon","coordinates":[[[99.97032,8.39836],[99.97035,8.39813],[99.9704,8.39813],[99.97038,8.39836],[99.97032,8.39836]]]}},{"type":"Feature","id":"way/765949245","properties":{"id":"way/765949245","building":"yes","_elevM":10,"_bbox":[99.9706472,8.3975437,99.971194,8.3982813]},"geometry":{"type":"Polygon","coordinates":[[[99.9707,8.39825],[99.97072,8.39815],[99.97065,8.39812],[99.97068,8.39791],[99.97085,8.39794],[99.97091,8.39778],[99.97078,8.39778],[99.97077,8.39762],[99.97088,8.3976],[99.97088,8.39759],[99.97098,8.39757],[99.97097,8.39766],[99.97099,8.39768],[99.97102,8.39756],[99.97111,8.39758],[99.97113,8.39754],[99.97119,8.39756],[99.97106,8.39802],[99.97092,8.39799],[99.97091,8.39804],[99.97104,8.39807],[99.97099,8.39828],[99.9707,8.39825]]]}},{"type":"Feature","id":"way/765949246","properties":{"id":"way/765949246","building":"yes","_elevM":10,"_bbox":[99.9704606,8.3978306,99.970511,8.3979083]},"geometry":{"type":"Polygon","coordinates":[[[99.97046,8.39791],[99.97046,8.39783],[99.97051,8.39783],[99.97051,8.39791],[99.97046,8.39791]]]}},{"type":"Feature","id":"way/765949247","properties":{"id":"way/765949247","building":"yes","_elevM":10,"_bbox":[99.9704618,8.3976327,99.9705655,8.397724]},"geometry":{"type":"Polygon","coordinates":[[[99.97046,8.39771],[99.97047,8.39763],[99.97057,8.39765],[99.97055,8.39772],[99.97046,8.39771]]]}},{"type":"Feature","id":"way/765949248","properties":{"id":"way/765949248","building":"yes","_elevM":10,"_bbox":[99.9695176,8.3962634,99.9695738,8.3963214]},"geometry":{"type":"Polygon","coordinates":[[[99.96952,8.39632],[99.96952,8.39626],[99.96957,8.39627],[99.96957,8.39632],[99.96952,8.39632]]]}},{"type":"Feature","id":"way/765949251","properties":{"id":"way/765949251","building":"yes","_elevM":10,"_bbox":[99.9679419,8.3953409,99.9686444,8.3961505]},"geometry":{"type":"Polygon","coordinates":[[[99.96836,8.39534],[99.96864,8.39541],[99.96859,8.39562],[99.96855,8.39561],[99.96854,8.39566],[99.96856,8.39566],[99.9685,8.39593],[99.96845,8.39592],[99.9684,8.39615],[99.96794,8.39605],[99.968,8.3958],[99.96834,8.39587],[99.96836,8.39578],[99.9683,8.39577],[99.96832,8.39571],[99.96833,8.39571],[99.96835,8.39564],[99.96842,8.39566],[99.96843,8.39562],[99.9683,8.39558],[99.96832,8.39553],[99.96825,8.39552],[99.96826,8.39548],[99.96833,8.3955],[99.96836,8.39534]]]}},{"type":"Feature","id":"way/765949252","properties":{"id":"way/765949252","building":"yes","_elevM":10,"_bbox":[99.9681025,8.3953806,99.9682534,8.3955162]},"geometry":{"type":"Polygon","coordinates":[[[99.9681,8.39547],[99.96813,8.39538],[99.96825,8.39542],[99.96823,8.39552],[99.9681,8.39547]]]}},{"type":"Feature","id":"way/765949253","properties":{"id":"way/765949253","building":"yes","_elevM":10,"_bbox":[99.9678236,8.395504,99.9679084,8.3955635]},"geometry":{"type":"Polygon","coordinates":[[[99.96782,8.39555],[99.96784,8.39551],[99.96791,8.3955],[99.9679,8.39556],[99.96782,8.39555]]]}},{"type":"Feature","id":"way/765949255","properties":{"id":"way/765949255","building":"yes","_elevM":10,"_bbox":[99.9677077,8.3957834,99.9678665,8.3960868]},"geometry":{"type":"Polygon","coordinates":[[[99.96771,8.39607],[99.96777,8.39578],[99.96787,8.3958],[99.96781,8.39609],[99.96771,8.39607]]]}},{"type":"Feature","id":"way/765949256","properties":{"id":"way/765949256","building":"yes","_elevM":10,"_bbox":[99.9678691,8.3958251,99.967971,8.3960366]},"geometry":{"type":"Polygon","coordinates":[[[99.96787,8.39602],[99.96791,8.39583],[99.96797,8.39584],[99.96793,8.39604],[99.96787,8.39602]]]}},{"type":"Feature","id":"way/765949257","properties":{"id":"way/765949257","building":"yes","_elevM":10,"_bbox":[99.968091,8.3963227,99.9683406,8.3964736]},"geometry":{"type":"Polygon","coordinates":[[[99.96809,8.39643],[99.96811,8.39632],[99.96834,8.39636],[99.96832,8.39647],[99.96809,8.39643]]]}},{"type":"Feature","id":"way/765949258","properties":{"id":"way/765949258","building":"yes","_elevM":10,"_bbox":[99.9681172,8.3961909,99.9683668,8.3963417]},"geometry":{"type":"Polygon","coordinates":[[[99.96812,8.3963],[99.96814,8.39619],[99.96837,8.39623],[99.96834,8.39634],[99.96812,8.3963]]]}},{"type":"Feature","id":"way/765949259","properties":{"id":"way/765949259","building":"yes","_elevM":10,"_bbox":[99.9676914,8.396314,99.967913,8.3964146]},"geometry":{"type":"Polygon","coordinates":[[[99.96769,8.3964],[99.9677,8.39631],[99.96791,8.39632],[99.96791,8.39641],[99.96769,8.3964]]]}},{"type":"Feature","id":"way/765949260","properties":{"id":"way/765949260","building":"yes","_elevM":10,"_bbox":[99.9676853,8.3961552,99.9679292,8.396305]},"geometry":{"type":"Polygon","coordinates":[[[99.96769,8.39629],[99.9677,8.39616],[99.96793,8.39618],[99.96792,8.3963],[99.96769,8.39629]]]}},{"type":"Feature","id":"way/765949261","properties":{"id":"way/765949261","building":"yes","_elevM":10,"_bbox":[99.9674322,8.3961371,99.9676365,8.3965513]},"geometry":{"type":"Polygon","coordinates":[[[99.96743,8.39655],[99.96747,8.3962],[99.96756,8.39619],[99.96757,8.39614],[99.96764,8.39615],[99.96759,8.39655],[99.96743,8.39655]]]}},{"type":"Feature","id":"way/765949264","properties":{"id":"way/765949264","building":"yes","_elevM":10,"_bbox":[99.9700923,8.3967104,99.9702891,8.3968134]},"geometry":{"type":"Polygon","coordinates":[[[99.9701,8.39671],[99.97029,8.39674],[99.97028,8.39681],[99.97009,8.39679],[99.9701,8.39671]]]}},{"type":"Feature","id":"way/765949267","properties":{"id":"way/765949267","building":"yes","_elevM":10,"_bbox":[99.9701348,8.3964284,99.9703689,8.3967199]},"geometry":{"type":"Polygon","coordinates":[[[99.97034,8.39672],[99.97013,8.39668],[99.97018,8.39646],[99.97021,8.39643],[99.97032,8.39644],[99.97031,8.39652],[99.97037,8.39659],[99.97034,8.39672]]]}},{"type":"Feature","id":"way/765949268","properties":{"id":"way/765949268","building":"yes","_elevM":10,"_bbox":[99.9702489,8.3960834,99.9711912,8.3966083]},"geometry":{"type":"Polygon","coordinates":[[[99.97041,8.39623],[99.97085,8.39629],[99.97087,8.39627],[99.97096,8.39629],[99.97095,8.39631],[99.97105,8.39633],[99.97106,8.3963],[99.97119,8.39632],[99.97117,8.39644],[99.97098,8.39641],[99.97097,8.39648],[99.97085,8.39646],[99.97086,8.39638],[99.97059,8.39633],[99.97056,8.3965],[99.97051,8.39661],[99.97034,8.39654],[99.97042,8.39646],[99.97038,8.39642],[99.97039,8.39637],[99.97025,8.39635],[99.97029,8.39608],[99.97043,8.3961],[99.97041,8.39623]]]}},{"type":"Feature","id":"way/765949270","properties":{"id":"way/765949270","building":"yes","_elevM":10,"_bbox":[99.9704755,8.3959579,99.9706304,8.3960931]},"geometry":{"type":"Polygon","coordinates":[[[99.97048,8.39606],[99.9705,8.39596],[99.97063,8.39599],[99.9706,8.39609],[99.97048,8.39606]]]}},{"type":"Feature","id":"way/765949271","properties":{"id":"way/765949271","building":"yes","_elevM":10,"_bbox":[99.9709449,8.3959039,99.9711321,8.396073]},"geometry":{"type":"Polygon","coordinates":[[[99.97094,8.39603],[99.97098,8.3959],[99.97113,8.39594],[99.9711,8.39607],[99.97094,8.39603]]]}},{"type":"Feature","id":"way/765949272","properties":{"id":"way/765949272","building":"yes","_elevM":10,"_bbox":[99.9703199,8.3956322,99.9706503,8.3959278]},"geometry":{"type":"Polygon","coordinates":[[[99.97032,8.39585],[99.97037,8.39563],[99.97065,8.39573],[99.97059,8.39593],[99.97032,8.39585]]]}},{"type":"Feature","id":"way/765949273","properties":{"id":"way/765949273","building":"yes","_elevM":10,"_bbox":[99.9706323,8.3957476,99.9707891,8.3959064]},"geometry":{"type":"Polygon","coordinates":[[[99.97063,8.39586],[99.97068,8.39575],[99.97079,8.39579],[99.97074,8.39591],[99.97063,8.39586]]]}},{"type":"Feature","id":"way/765949274","properties":{"id":"way/765949274","building":"yes","_elevM":10,"_bbox":[99.9707912,8.3958826,99.9709504,8.3960031]},"geometry":{"type":"Polygon","coordinates":[[[99.97079,8.39597],[99.97081,8.39588],[99.97095,8.39591],[99.97093,8.396],[99.97079,8.39597]]]}},{"type":"Feature","id":"way/765949275","properties":{"id":"way/765949275","building":"yes","_elevM":10,"_bbox":[99.9710429,8.395779,99.9711853,8.3958907]},"geometry":{"type":"Polygon","coordinates":[[[99.97104,8.39586],[99.97106,8.39578],[99.97119,8.39581],[99.97116,8.39589],[99.97104,8.39586]]]}},{"type":"Feature","id":"way/765949276","properties":{"id":"way/765949276","building":"yes","_elevM":10,"_bbox":[99.9703892,8.3954306,99.9705673,8.3955715]},"geometry":{"type":"Polygon","coordinates":[[[99.97042,8.39543],[99.97057,8.39549],[99.97053,8.39557],[99.97039,8.39552],[99.97042,8.39543]]]}},{"type":"Feature","id":"way/765949277","properties":{"id":"way/765949277","building":"yes","_elevM":10,"_bbox":[99.9705574,8.3954949,99.9707786,8.3956606]},"geometry":{"type":"Polygon","coordinates":[[[99.97059,8.39549],[99.97078,8.39556],[99.97074,8.39566],[99.97056,8.39559],[99.97059,8.39549]]]}},{"type":"Feature","id":"way/765949278","properties":{"id":"way/765949278","building":"yes","_elevM":10,"_bbox":[99.9707752,8.3955776,99.971207,8.3958006]},"geometry":{"type":"Polygon","coordinates":[[[99.9708,8.39558],[99.97121,8.39573],[99.97118,8.3958],[99.97078,8.39565],[99.9708,8.39558]]]}},{"type":"Feature","id":"way/765949281","properties":{"id":"way/765949281","building":"yes","_elevM":10,"_bbox":[99.9675062,8.3954151,99.9677759,8.3958563]},"geometry":{"type":"Polygon","coordinates":[[[99.96751,8.39582],[99.96755,8.3957],[99.96751,8.3957],[99.96753,8.39558],[99.96755,8.39557],[99.96758,8.39542],[99.96778,8.39545],[99.96771,8.39574],[99.96767,8.39573],[99.96764,8.39586],[99.96751,8.39582]]]}},{"type":"Feature","id":"way/765949282","properties":{"id":"way/765949282","building":"yes","_elevM":10,"_bbox":[99.9681557,8.3955953,99.9682461,8.3956705]},"geometry":{"type":"Polygon","coordinates":[[[99.96816,8.39565],[99.96817,8.3956],[99.96825,8.39561],[99.96823,8.39567],[99.96816,8.39565]]]}},{"type":"Feature","id":"way/765949283","properties":{"id":"way/765949283","building":"yes","_elevM":10,"_bbox":[99.9681997,8.3944256,99.9683445,8.3945662]},"geometry":{"type":"Polygon","coordinates":[[[99.9682,8.39453],[99.96823,8.39443],[99.96834,8.39446],[99.96832,8.39457],[99.9682,8.39453]]]}},{"type":"Feature","id":"way/765949284","properties":{"id":"way/765949284","building":"yes","_elevM":10,"_bbox":[99.9681556,8.3945438,99.9683039,8.394681]},"geometry":{"type":"Polygon","coordinates":[[[99.96816,8.39465],[99.96819,8.39454],[99.9683,8.39458],[99.96827,8.39468],[99.96816,8.39465]]]}},{"type":"Feature","id":"way/765949285","properties":{"id":"way/765949285","building":"yes","_elevM":10,"_bbox":[99.9681018,8.3946776,99.9682466,8.3948183]},"geometry":{"type":"Polygon","coordinates":[[[99.9681,8.39478],[99.96813,8.39468],[99.96825,8.39471],[99.96822,8.39482],[99.9681,8.39478]]]}},{"type":"Feature","id":"way/765949286","properties":{"id":"way/765949286","building":"yes","_elevM":10,"_bbox":[99.9680537,8.3948092,99.968202,8.3949464]},"geometry":{"type":"Polygon","coordinates":[[[99.96805,8.39491],[99.96808,8.39481],[99.9682,8.39484],[99.96817,8.39495],[99.96805,8.39491]]]}},{"type":"Feature","id":"way/765949287","properties":{"id":"way/765949287","building":"yes","_elevM":10,"_bbox":[99.96802,8.394939,99.9681648,8.3950796]},"geometry":{"type":"Polygon","coordinates":[[[99.96802,8.39504],[99.96805,8.39494],[99.96816,8.39497],[99.96814,8.39508],[99.96802,8.39504]]]}},{"type":"Feature","id":"way/765949288","properties":{"id":"way/765949288","building":"yes","_elevM":10,"_bbox":[99.9679651,8.3950586,99.9681134,8.3951957]},"geometry":{"type":"Polygon","coordinates":[[[99.96797,8.39516],[99.968,8.39506],[99.96811,8.39509],[99.96808,8.3952],[99.96797,8.39516]]]}},{"type":"Feature","id":"way/765949289","properties":{"id":"way/765949289","building":"yes","_elevM":10,"_bbox":[99.9679222,8.3951807,99.9680705,8.3953178]},"geometry":{"type":"Polygon","coordinates":[[[99.96792,8.39528],[99.96795,8.39518],[99.96807,8.39522],[99.96804,8.39532],[99.96792,8.39528]]]}},{"type":"Feature","id":"way/765949290","properties":{"id":"way/765949290","building":"yes","_elevM":10,"_bbox":[99.9676553,8.3947721,99.9678036,8.3949092]},"geometry":{"type":"Polygon","coordinates":[[[99.96766,8.39487],[99.96769,8.39477],[99.9678,8.39481],[99.96777,8.39491],[99.96766,8.39487]]]}},{"type":"Feature","id":"way/765949291","properties":{"id":"way/765949291","building":"yes","_elevM":10,"_bbox":[99.9677814,8.3948198,99.9679297,8.3949569]},"geometry":{"type":"Polygon","coordinates":[[[99.96778,8.39492],[99.96781,8.39482],[99.96793,8.39485],[99.9679,8.39496],[99.96778,8.39492]]]}},{"type":"Feature","id":"way/765949292","properties":{"id":"way/765949292","building":"yes","_elevM":10,"_bbox":[99.9676996,8.3946248,99.9678479,8.3947619]},"geometry":{"type":"Polygon","coordinates":[[[99.9677,8.39473],[99.96773,8.39462],[99.96785,8.39466],[99.96782,8.39476],[99.9677,8.39473]]]}},{"type":"Feature","id":"way/765949293","properties":{"id":"way/765949293","building":"yes","_elevM":10,"_bbox":[99.967831,8.3946726,99.9679793,8.3948097]},"geometry":{"type":"Polygon","coordinates":[[[99.96783,8.39478],[99.96786,8.39467],[99.96798,8.39471],[99.96795,8.39481],[99.96783,8.39478]]]}},{"type":"Feature","id":"way/765949294","properties":{"id":"way/765949294","building":"yes","_elevM":10,"_bbox":[99.9677652,8.3944746,99.96791,8.3946153]},"geometry":{"type":"Polygon","coordinates":[[[99.96777,8.39458],[99.96779,8.39447],[99.96791,8.39451],[99.96788,8.39462],[99.96777,8.39458]]]}},{"type":"Feature","id":"way/765949295","properties":{"id":"way/765949295","building":"yes","_elevM":10,"_bbox":[99.9678993,8.3945211,99.9680441,8.3946617]},"geometry":{"type":"Polygon","coordinates":[[[99.9679,8.39462],[99.96793,8.39452],[99.96804,8.39456],[99.96801,8.39466],[99.9679,8.39462]]]}},{"type":"Feature","id":"way/765949296","properties":{"id":"way/765949296","building":"yes","_elevM":10,"_bbox":[99.9678216,8.3943263,99.9679698,8.3944634]},"geometry":{"type":"Polygon","coordinates":[[[99.96782,8.39443],[99.96785,8.39433],[99.96797,8.39436],[99.96794,8.39446],[99.96782,8.39443]]]}},{"type":"Feature","id":"way/765949297","properties":{"id":"way/765949297","building":"yes","_elevM":10,"_bbox":[99.9679531,8.3943661,99.9681014,8.3945032]},"geometry":{"type":"Polygon","coordinates":[[[99.96795,8.39447],[99.96798,8.39437],[99.9681,8.3944],[99.96807,8.3945],[99.96795,8.39447]]]}},{"type":"Feature","id":"way/765949300","properties":{"id":"way/765949300","building":"yes","_elevM":10,"_bbox":[99.967679,8.3950179,99.9678316,8.3952648]},"geometry":{"type":"Polygon","coordinates":[[[99.96768,8.39523],[99.96774,8.39502],[99.96783,8.39504],[99.9678,8.39514],[99.96782,8.39517],[99.9678,8.39526],[99.96768,8.39523]]]}},{"type":"Feature","id":"way/765949301","properties":{"id":"way/765949301","building":"yes","_elevM":10,"_bbox":[99.9675914,8.3949316,99.9677223,8.3950918]},"geometry":{"type":"Polygon","coordinates":[[[99.96761,8.39507],[99.96763,8.39503],[99.96759,8.39502],[99.96761,8.39493],[99.96772,8.39498],[99.96767,8.39509],[99.96761,8.39507]]]}},{"type":"Feature","id":"way/765949302","properties":{"id":"way/765949302","building":"yes","_elevM":10,"_bbox":[99.9679766,8.3969691,99.9681611,8.3970742]},"geometry":{"type":"Polygon","coordinates":[[[99.96798,8.39705],[99.96799,8.39697],[99.96816,8.397],[99.96815,8.39707],[99.96798,8.39705]]]}},{"type":"Feature","id":"way/765949303","properties":{"id":"way/765949303","building":"yes","_elevM":10,"_bbox":[99.9675835,8.3977449,99.9678112,8.397948]},"geometry":{"type":"Polygon","coordinates":[[[99.96781,8.3978],[99.96775,8.39795],[99.96758,8.39791],[99.96765,8.39774],[99.96781,8.3978]]]}},{"type":"Feature","id":"way/765949304","properties":{"id":"way/765949304","building":"yes","_elevM":10,"_bbox":[99.9679,8.397851,99.9680462,8.3979585]},"geometry":{"type":"Polygon","coordinates":[[[99.9679,8.39792],[99.96792,8.39785],[99.96805,8.39788],[99.96804,8.39796],[99.9679,8.39792]]]}},{"type":"Feature","id":"way/765949305","properties":{"id":"way/765949305","building":"yes","_elevM":10,"_bbox":[99.9674883,8.3979598,99.9681387,8.3985966]},"geometry":{"type":"Polygon","coordinates":[[[99.96788,8.39796],[99.96814,8.39802],[99.96806,8.39852],[99.96797,8.39851],[99.96794,8.3986],[99.96788,8.39858],[99.9679,8.39844],[99.96784,8.39843],[99.96782,8.39857],[99.96775,8.39854],[99.96779,8.39842],[99.96774,8.39842],[99.9677,8.39854],[99.96764,8.39853],[99.96766,8.39837],[99.96749,8.39831],[99.96753,8.39819],[99.96765,8.39824],[99.96774,8.39799],[99.96787,8.39803],[99.96788,8.39796]]]}},{"type":"Feature","id":"way/765949311","properties":{"id":"way/765949311","building":"yes","mnType":"temple","_elevM":28,"_bbox":[99.9690498,8.397986,99.9691616,8.3980926]},"geometry":{"type":"Polygon","coordinates":[[[99.96907,8.39799],[99.96916,8.398],[99.96915,8.39809],[99.96905,8.39808],[99.96907,8.39799]]]}},{"type":"Feature","id":"way/765949312","properties":{"id":"way/765949312","building":"yes","_elevM":10,"_bbox":[99.9693008,8.3983807,99.969563,8.3986421]},"geometry":{"type":"Polygon","coordinates":[[[99.96933,8.39861],[99.96934,8.39852],[99.9693,8.39851],[99.96934,8.39838],[99.96956,8.39842],[99.96951,8.39864],[99.96933,8.39861]]]}},{"type":"Feature","id":"way/765949313","properties":{"id":"way/765949313","building":"yes","_elevM":10,"_bbox":[99.969254,8.3986934,99.9695081,8.3990563]},"geometry":{"type":"Polygon","coordinates":[[[99.96928,8.39869],[99.96951,8.39872],[99.96949,8.3988],[99.96945,8.39878],[99.96945,8.39888],[99.96941,8.39887],[99.96939,8.399],[99.96943,8.399],[99.96941,8.39906],[99.96925,8.39903],[99.96928,8.39877],[99.96926,8.39874],[99.96928,8.39869]]]}},{"type":"Feature","id":"way/765949314","properties":{"id":"way/765949314","building":"yes","_elevM":10,"_bbox":[99.9690674,8.3984437,99.9691748,8.3985274]},"geometry":{"type":"Polygon","coordinates":[[[99.96907,8.3985],[99.96908,8.39844],[99.96917,8.39847],[99.96916,8.39853],[99.96907,8.3985]]]}},{"type":"Feature","id":"way/765949315","properties":{"id":"way/765949315","building":"yes","_elevM":10,"_bbox":[99.9687177,8.3982455,99.9688646,8.3984441]},"geometry":{"type":"Polygon","coordinates":[[[99.96872,8.39842],[99.96876,8.39825],[99.96886,8.39827],[99.96882,8.39844],[99.96872,8.39842]]]}},{"type":"Feature","id":"way/765949316","properties":{"id":"way/765949316","building":"yes","_elevM":10,"_bbox":[99.967156,8.3981383,99.9673762,8.3982968]},"geometry":{"type":"Polygon","coordinates":[[[99.96717,8.39814],[99.96738,8.39816],[99.96735,8.3983],[99.96716,8.39826],[99.96717,8.39814]]]}},{"type":"Feature","id":"way/765949317","properties":{"id":"way/765949317","building":"yes","_elevM":10,"_bbox":[99.967575,8.398748,99.9676582,8.3989141]},"geometry":{"type":"Polygon","coordinates":[[[99.96757,8.3989],[99.96761,8.39875],[99.96766,8.39876],[99.96764,8.39891],[99.96757,8.3989]]]}},{"type":"Feature","id":"way/765949318","properties":{"id":"way/765949318","building":"yes","_elevM":10,"_bbox":[99.9677681,8.3986362,99.9679176,8.3988157]},"geometry":{"type":"Polygon","coordinates":[[[99.96777,8.39879],[99.96778,8.39864],[99.96792,8.39866],[99.96789,8.39882],[99.96777,8.39879]]]}},{"type":"Feature","id":"way/765949319","properties":{"id":"way/765949319","building":"yes","_elevM":10,"_bbox":[99.9675575,8.398596,99.9676787,8.398708]},"geometry":{"type":"Polygon","coordinates":[[[99.96756,8.39869],[99.96758,8.3986],[99.96768,8.39861],[99.96766,8.39871],[99.96756,8.39869]]]}},{"type":"Feature","id":"way/765949320","properties":{"id":"way/765949320","building":"yes","_elevM":10,"_bbox":[99.9680772,8.3981302,99.9686209,8.3986429]},"geometry":{"type":"Polygon","coordinates":[[[99.96825,8.39864],[99.96808,8.39861],[99.96818,8.39813],[99.96862,8.39822],[99.96859,8.39838],[99.96831,8.39833],[99.96825,8.39864]]]}},{"type":"Feature","id":"way/765949321","properties":{"id":"way/765949321","building":"yes","_elevM":10,"_bbox":[99.9681081,8.3984299,99.9692534,8.3991864]},"geometry":{"type":"Polygon","coordinates":[[[99.96833,8.39856],[99.96835,8.39843],[99.96856,8.39851],[99.96855,8.39867],[99.96861,8.39876],[99.96873,8.39877],[99.96892,8.39882],[99.96914,8.39887],[99.96915,8.39893],[99.96925,8.39896],[99.9692,8.39919],[99.96893,8.39914],[99.96893,8.39907],[99.9688,8.39907],[99.96881,8.39893],[99.96873,8.39893],[99.96871,8.3991],[99.96866,8.39909],[99.96865,8.39884],[99.96847,8.39882],[99.96846,8.39893],[99.96826,8.3989],[99.96824,8.39896],[99.96811,8.39894],[99.96812,8.39882],[99.96825,8.39881],[99.96833,8.39856]]]}},{"type":"Feature","id":"way/765949322","properties":{"id":"way/765949322","building":"yes","_elevM":10,"_bbox":[99.9686016,8.3984838,99.968823,8.3986424]},"geometry":{"type":"Polygon","coordinates":[[[99.96863,8.39848],[99.96882,8.39852],[99.9688,8.39864],[99.9686,8.3986],[99.96863,8.39848]]]}},{"type":"Feature","id":"way/765949324","properties":{"id":"way/765949324","building":"yes","_elevM":10,"_bbox":[99.968856,8.3984379,99.9689889,8.3985625]},"geometry":{"type":"Polygon","coordinates":[[[99.96886,8.39844],[99.96899,8.39844],[99.96898,8.39856],[99.96886,8.39856],[99.96886,8.39844]]]}},{"type":"Feature","id":"way/765949325","properties":{"id":"way/765949325","building":"yes","_elevM":10,"_bbox":[99.9688476,8.3985451,99.9692235,8.3988258]},"geometry":{"type":"Polygon","coordinates":[[[99.96886,8.39865],[99.96901,8.39868],[99.96905,8.39855],[99.96917,8.39857],[99.96913,8.39873],[99.96922,8.39876],[99.96922,8.39883],[99.96885,8.39874],[99.96886,8.39865]]]}},{"type":"Feature","id":"way/765949326","properties":{"id":"way/765949326","building":"yes","_elevM":10,"_bbox":[99.9686244,8.3987081,99.9687418,8.3987493]},"geometry":{"type":"Polygon","coordinates":[[[99.96863,8.39875],[99.96862,8.39871],[99.96874,8.39871],[99.96874,8.39875],[99.96863,8.39875]]]}},{"type":"Feature","id":"way/765949327","properties":{"id":"way/765949327","building":"yes","_elevM":10,"_bbox":[99.9692344,8.3990982,99.9694305,8.3992148]},"geometry":{"type":"Polygon","coordinates":[[[99.96926,8.3991],[99.96943,8.39913],[99.96941,8.39921],[99.96923,8.39918],[99.96926,8.3991]]]}},{"type":"Feature","id":"way/765949328","properties":{"id":"way/765949328","building":"yes","_elevM":10,"_bbox":[99.9681628,8.399298,99.9683605,8.3994767]},"geometry":{"type":"Polygon","coordinates":[[[99.9682,8.3993],[99.96836,8.39934],[99.96833,8.39948],[99.96816,8.39944],[99.9682,8.3993]]]}},{"type":"Feature","id":"way/765949329","properties":{"id":"way/765949329","building":"yes","_elevM":10,"_bbox":[99.9685661,8.3993737,99.9686535,8.3994741]},"geometry":{"type":"Polygon","coordinates":[[[99.96858,8.39937],[99.96865,8.39938],[99.96864,8.39947],[99.96857,8.39946],[99.96858,8.39937]]]}},{"type":"Feature","id":"way/765949330","properties":{"id":"way/765949330","building":"yes","_elevM":10,"_bbox":[99.9687341,8.3993944,99.968817,8.3994995]},"geometry":{"type":"Polygon","coordinates":[[[99.96874,8.39939],[99.96882,8.39941],[99.96881,8.3995],[99.96873,8.39949],[99.96874,8.39939]]]}},{"type":"Feature","id":"way/765949331","properties":{"id":"way/765949331","building":"yes","_elevM":10,"_bbox":[99.9689356,8.3994274,99.969023,8.3995278]},"geometry":{"type":"Polygon","coordinates":[[[99.96895,8.39943],[99.96902,8.39944],[99.96901,8.39953],[99.96894,8.39952],[99.96895,8.39943]]]}},{"type":"Feature","id":"way/765949332","properties":{"id":"way/765949332","building":"yes","_elevM":10,"_bbox":[99.9691601,8.3997326,99.9693027,8.3998351]},"geometry":{"type":"Polygon","coordinates":[[[99.96917,8.39973],[99.9693,8.39974],[99.9693,8.39984],[99.96916,8.39982],[99.96917,8.39973]]]}},{"type":"Feature","id":"way/765949333","properties":{"id":"way/765949333","building":"yes","_elevM":10,"_bbox":[99.9696472,8.3984665,99.9708629,8.3990914]},"geometry":{"type":"Polygon","coordinates":[[[99.96973,8.39847],[99.96994,8.39849],[99.96989,8.39871],[99.97026,8.39877],[99.97029,8.39859],[99.97043,8.39861],[99.9704,8.3989],[99.9705,8.39891],[99.97054,8.39858],[99.97086,8.3986],[99.97085,8.39872],[99.97067,8.39871],[99.97069,8.39878],[99.97078,8.39879],[99.97074,8.39902],[99.97064,8.39901],[99.97064,8.39909],[99.97021,8.39906],[99.97019,8.399],[99.96994,8.39896],[99.96992,8.39899],[99.96965,8.39893],[99.96973,8.39847]]]}},{"type":"Feature","id":"way/765949334","properties":{"id":"way/765949334","building":"yes","_elevM":10,"_bbox":[99.9696478,8.3990224,99.9698452,8.3993129]},"geometry":{"type":"Polygon","coordinates":[[[99.96965,8.39929],[99.96969,8.39902],[99.96985,8.39905],[99.9698,8.39931],[99.96965,8.39929]]]}},{"type":"Feature","id":"way/765949336","properties":{"id":"way/765949336","building":"yes","_elevM":10,"_bbox":[99.9702462,8.3991387,99.970847,8.3995054]},"geometry":{"type":"Polygon","coordinates":[[[99.97029,8.39914],[99.97085,8.3992],[99.97069,8.39951],[99.97052,8.39948],[99.97057,8.39932],[99.97036,8.39928],[99.97035,8.39938],[99.97025,8.39936],[99.97029,8.39914]]]}},{"type":"Feature","id":"way/765949337","properties":{"id":"way/765949337","building":"yes","_elevM":10,"_bbox":[99.9701684,8.3993524,99.9702173,8.3994148]},"geometry":{"type":"Polygon","coordinates":[[[99.97017,8.39941],[99.97018,8.39935],[99.97022,8.39936],[99.97021,8.39941],[99.97017,8.39941]]]}},{"type":"Feature","id":"way/765949338","properties":{"id":"way/765949338","building":"yes","_elevM":10,"_bbox":[99.970148,8.3994109,99.9706576,8.3996262]},"geometry":{"type":"Polygon","coordinates":[[[99.97015,8.39955],[99.97017,8.3995],[99.97037,8.39953],[99.97038,8.3995],[99.97023,8.39945],[99.97025,8.39941],[99.97066,8.39953],[99.97061,8.39963],[99.97015,8.39955]]]}},{"type":"Feature","id":"way/765949339","properties":{"id":"way/765949339","building":"yes","_elevM":10,"_bbox":[99.9697312,8.3995754,99.9699285,8.3997739]},"geometry":{"type":"Polygon","coordinates":[[[99.96973,8.39976],[99.96975,8.39958],[99.96993,8.39959],[99.96991,8.39977],[99.96973,8.39976]]]}},{"type":"Feature","id":"way/765949340","properties":{"id":"way/765949340","building":"yes","_elevM":10,"_bbox":[99.9699572,8.3996147,99.9701496,8.3997778]},"geometry":{"type":"Polygon","coordinates":[[[99.96996,8.39977],[99.96996,8.39961],[99.97015,8.39962],[99.97014,8.39978],[99.96996,8.39977]]]}},{"type":"Feature","id":"way/765949341","properties":{"id":"way/765949341","building":"yes","_elevM":10,"_bbox":[99.9701889,8.3996518,99.970318,8.3999828]},"geometry":{"type":"Polygon","coordinates":[[[99.97019,8.39997],[99.97022,8.39965],[99.97032,8.39966],[99.97028,8.39998],[99.97019,8.39997]]]}},{"type":"Feature","id":"way/765949342","properties":{"id":"way/765949342","building":"yes","_elevM":10,"_bbox":[99.9703777,8.3999492,99.970486,8.4000659]},"geometry":{"type":"Polygon","coordinates":[[[99.97038,8.40004],[99.9704,8.39995],[99.97049,8.39997],[99.97046,8.40007],[99.97038,8.40004]]]}},{"type":"Feature","id":"way/765949343","properties":{"id":"way/765949343","building":"yes","_elevM":10,"_bbox":[99.9704151,8.3998233,99.9705234,8.39994]},"geometry":{"type":"Polygon","coordinates":[[[99.97042,8.39992],[99.97044,8.39982],[99.97052,8.39984],[99.9705,8.39994],[99.97042,8.39992]]]}},{"type":"Feature","id":"way/765949344","properties":{"id":"way/765949344","building":"yes","_elevM":10,"_bbox":[99.9704466,8.3996951,99.9705549,8.3998118]},"geometry":{"type":"Polygon","coordinates":[[[99.97045,8.39979],[99.97047,8.3997],[99.97055,8.39972],[99.97053,8.39981],[99.97045,8.39979]]]}},{"type":"Feature","id":"way/765949347","properties":{"id":"way/765949347","building":"yes","_elevM":10,"_bbox":[99.9695999,8.4007197,99.9697415,8.4008965]},"geometry":{"type":"Polygon","coordinates":[[[99.9696,8.40088],[99.96962,8.40072],[99.96974,8.40074],[99.96972,8.4009],[99.9696,8.40088]]]}},{"type":"Feature","id":"way/765949348","properties":{"id":"way/765949348","building":"yes","_elevM":10,"_bbox":[99.9697405,8.4007583,99.9698892,8.4008795]},"geometry":{"type":"Polygon","coordinates":[[[99.96974,8.40086],[99.96976,8.40076],[99.96989,8.40078],[99.96987,8.40088],[99.96974,8.40086]]]}},{"type":"Feature","id":"way/765949349","properties":{"id":"way/765949349","building":"yes","_elevM":10,"_bbox":[99.969591,8.3999592,99.9701011,8.4007217]},"geometry":{"type":"Polygon","coordinates":[[[99.96974,8.4007],[99.96976,8.40059],[99.96969,8.40058],[99.96971,8.40044],[99.96959,8.40042],[99.96961,8.40032],[99.96977,8.40034],[99.96978,8.40029],[99.96991,8.40031],[99.96995,8.40007],[99.96987,8.40006],[99.96988,8.39996],[99.97008,8.39999],[99.97007,8.40009],[99.9701,8.4001],[99.97007,8.40033],[99.97002,8.40032],[99.97001,8.40039],[99.96986,8.40037],[99.96985,8.40043],[99.96981,8.40043],[99.9698,8.4005],[99.96991,8.40051],[99.96988,8.40072],[99.96974,8.4007]]]}},{"type":"Feature","id":"way/765949350","properties":{"id":"way/765949350","building":"yes","_elevM":10,"_bbox":[99.970088,8.4004096,99.9702282,8.4005112]},"geometry":{"type":"Polygon","coordinates":[[[99.97009,8.40048],[99.97011,8.40041],[99.97023,8.40044],[99.97021,8.40051],[99.97009,8.40048]]]}},{"type":"Feature","id":"way/765949351","properties":{"id":"way/765949351","building":"yes","_elevM":10,"_bbox":[99.9693606,8.4011521,99.969861,8.4013735]},"geometry":{"type":"Polygon","coordinates":[[[99.9695,8.40127],[99.96951,8.40119],[99.9696,8.4012],[99.9696,8.40115],[99.96986,8.40118],[99.96984,8.40137],[99.96939,8.40132],[99.9694,8.40127],[99.96936,8.40126],[99.96937,8.40118],[99.96944,8.40119],[99.96943,8.40126],[99.9695,8.40127]]]}},{"type":"Feature","id":"way/765949352","properties":{"id":"way/765949352","building":"yes","_elevM":10,"_bbox":[99.969865,8.4010168,99.9702164,8.4013956]},"geometry":{"type":"Polygon","coordinates":[[[99.96987,8.4012],[99.96992,8.40103],[99.97002,8.40107],[99.97005,8.40102],[99.97022,8.40102],[99.97017,8.4012],[99.97012,8.40118],[99.97008,8.40129],[99.97006,8.40127],[99.97004,8.40137],[99.96997,8.40136],[99.96995,8.4014],[99.96986,8.40138],[99.96988,8.40131],[99.96996,8.40131],[99.96999,8.40122],[99.96987,8.4012]]]}},{"type":"Feature","id":"way/765949353","properties":{"id":"way/765949353","building":"yes","_elevM":10,"_bbox":[99.9701008,8.4006056,99.9703226,8.401011]},"geometry":{"type":"Polygon","coordinates":[[[99.9701,8.40099],[99.97015,8.40079],[99.97014,8.40076],[99.9702,8.40061],[99.97032,8.40064],[99.97022,8.40101],[99.9701,8.40099]]]}},{"type":"Feature","id":"way/765949354","properties":{"id":"way/765949354","building":"yes","_elevM":10,"_bbox":[99.9700185,8.4008292,99.9701025,8.400932]},"geometry":{"type":"Polygon","coordinates":[[[99.97002,8.40093],[99.97003,8.40083],[99.9701,8.40083],[99.9701,8.40093],[99.97002,8.40093]]]}},{"type":"Feature","id":"way/765949355","properties":{"id":"way/765949355","building":"yes","_elevM":10,"_bbox":[99.9700267,8.4006549,99.9701312,8.4007666]},"geometry":{"type":"Polygon","coordinates":[[[99.97004,8.40065],[99.97013,8.40066],[99.97012,8.40077],[99.97003,8.40076],[99.97004,8.40065]]]}},{"type":"Feature","id":"way/765949356","properties":{"id":"way/765949356","building":"yes","_elevM":10,"_bbox":[99.9702345,8.4004678,99.9703609,8.4005861]},"geometry":{"type":"Polygon","coordinates":[[[99.97023,8.40056],[99.97026,8.40047],[99.97036,8.40049],[99.97034,8.40059],[99.97023,8.40056]]]}},{"type":"Feature","id":"way/765949357","properties":{"id":"way/765949357","building":"yes","mnType":"temple","_elevM":28,"_bbox":[99.9685352,8.4001459,99.9687698,8.400385]},"geometry":{"type":"Polygon","coordinates":[[[99.96854,8.40036],[99.96857,8.40015],[99.96877,8.40018],[99.96875,8.40038],[99.96854,8.40036]]]}},{"type":"Feature","id":"way/765949358","properties":{"id":"way/765949358","building":"yes","mnType":"temple","_elevM":28,"_bbox":[99.9682844,8.4000166,99.9684329,8.4001307]},"geometry":{"type":"Polygon","coordinates":[[[99.96828,8.40011],[99.9683,8.40002],[99.96843,8.40003],[99.96842,8.40013],[99.96828,8.40011]]]}},{"type":"Feature","id":"way/765949359","properties":{"id":"way/765949359","building":"yes","mnType":"temple","_elevM":28,"_bbox":[99.9679263,8.3999568,99.9679944,8.4000563]},"geometry":{"type":"Polygon","coordinates":[[[99.96793,8.40005],[99.96794,8.39996],[99.96799,8.39997],[99.96798,8.40006],[99.96793,8.40005]]]}},{"type":"Feature","id":"way/765949360","properties":{"id":"way/765949360","building":"yes","mnType":"temple","_elevM":28,"_bbox":[99.9684361,8.4002961,99.9684711,8.4003454]},"geometry":{"type":"Polygon","coordinates":[[[99.96844,8.40034],[99.96844,8.4003],[99.96847,8.4003],[99.96847,8.40035],[99.96844,8.40034]]]}},{"type":"Feature","id":"way/765949361","properties":{"id":"way/765949361","building":"yes","mnType":"temple","_elevM":28,"_bbox":[99.9679728,8.4001594,99.9683475,8.400455]},"geometry":{"type":"Polygon","coordinates":[[[99.96797,8.40042],[99.96799,8.40033],[99.96808,8.40034],[99.9681,8.40019],[99.96821,8.40021],[99.96822,8.40016],[99.96832,8.40017],[99.96831,8.40024],[99.96835,8.40024],[99.96833,8.40034],[99.96813,8.40031],[99.96813,8.40034],[99.96823,8.40036],[99.96822,8.40045],[99.96797,8.40042]]]}},{"type":"Feature","id":"way/765949362","properties":{"id":"way/765949362","building":"yes","_elevM":10,"_bbox":[99.9676208,8.4004362,99.9679131,8.4007131]},"geometry":{"type":"Polygon","coordinates":[[[99.96764,8.40044],[99.96791,8.40049],[99.96787,8.40071],[99.96771,8.40068],[99.96774,8.40055],[99.96762,8.40053],[99.96764,8.40044]]]}},{"type":"Feature","id":"way/765949363","properties":{"id":"way/765949363","building":"yes","mnType":"temple","_elevM":28,"_bbox":[99.9679327,8.400456,99.9681761,8.4006319]},"geometry":{"type":"Polygon","coordinates":[[[99.96793,8.40061],[99.96795,8.40046],[99.96818,8.40048],[99.96816,8.40063],[99.96793,8.40061]]]}},{"type":"Feature","id":"way/765949364","properties":{"id":"way/765949364","building":"yes","mnType":"temple","_elevM":28,"_bbox":[99.9684054,8.4003961,99.9687255,8.4005977]},"geometry":{"type":"Polygon","coordinates":[[[99.96841,8.40055],[99.96843,8.4004],[99.96873,8.40045],[99.9687,8.4006],[99.96841,8.40055]]]}},{"type":"Feature","id":"way/765949365","properties":{"id":"way/765949365","building":"yes","mnType":"temple","_elevM":28,"_bbox":[99.9682293,8.4004249,99.9683615,8.4005418]},"geometry":{"type":"Polygon","coordinates":[[[99.96823,8.40053],[99.96824,8.40042],[99.96836,8.40044],[99.96835,8.40054],[99.96823,8.40053]]]}},{"type":"Feature","id":"way/765949366","properties":{"id":"way/765949366","building":"yes","_elevM":10,"_bbox":[99.9682938,8.4006347,99.9685184,8.400842]},"geometry":{"type":"Polygon","coordinates":[[[99.96829,8.40082],[99.96831,8.40063],[99.96852,8.40065],[99.9685,8.40084],[99.96829,8.40082]]]}},{"type":"Feature","id":"way/765949368","properties":{"id":"way/765949368","building":"yes","_elevM":10,"_bbox":[99.9688317,8.4009994,99.9691388,8.4012628]},"geometry":{"type":"Polygon","coordinates":[[[99.96883,8.401],[99.96914,8.40101],[99.96913,8.40126],[99.96883,8.40126],[99.96883,8.401]]]}},{"type":"Feature","id":"way/765949369","properties":{"id":"way/765949369","building":"yes","_elevM":10,"_bbox":[99.9680974,8.4009971,99.9687979,8.4013251]},"geometry":{"type":"Polygon","coordinates":[[[99.96824,8.401],[99.96845,8.40104],[99.96856,8.40108],[99.96866,8.40112],[99.96869,8.4011],[99.96873,8.40101],[99.96878,8.40102],[99.9688,8.40126],[99.96866,8.40133],[99.96858,8.40131],[99.96861,8.40122],[99.96849,8.40118],[99.96848,8.40116],[99.96833,8.40113],[99.9683,8.4012],[99.96821,8.40119],[99.9682,8.40127],[99.96812,8.40125],[99.9681,8.40122],[99.96816,8.40112],[99.9682,8.40111],[99.96824,8.401]]]}},{"type":"Feature","id":"way/765949370","properties":{"id":"way/765949370","building":"yes","_elevM":10,"_bbox":[99.9664901,8.3986639,99.9666759,8.3988932]},"geometry":{"type":"Polygon","coordinates":[[[99.96649,8.39886],[99.96654,8.39866],[99.96668,8.39868],[99.96664,8.39889],[99.96649,8.39886]]]}},{"type":"Feature","id":"way/765949371","properties":{"id":"way/765949371","building":"yes","_elevM":10,"_bbox":[99.9662601,8.3995304,99.9664742,8.3998105]},"geometry":{"type":"Polygon","coordinates":[[[99.96626,8.39977],[99.96633,8.39953],[99.96647,8.39956],[99.96641,8.39981],[99.96626,8.39977]]]}},{"type":"Feature","id":"way/765949372","properties":{"id":"way/765949372","building":"yes","_elevM":10,"_bbox":[99.9661769,8.4001711,99.9663521,8.4004355]},"geometry":{"type":"Polygon","coordinates":[[[99.96618,8.4004],[99.96626,8.40017],[99.96635,8.4002],[99.96626,8.40044],[99.96618,8.4004]]]}},{"type":"Feature","id":"way/765949376","properties":{"id":"way/765949376","building":"yes","_elevM":10,"_bbox":[99.9672864,8.3991225,99.9675855,8.3992993]},"geometry":{"type":"Polygon","coordinates":[[[99.96731,8.39912],[99.96759,8.39918],[99.96756,8.3993],[99.96729,8.39924],[99.96731,8.39912]]]}},{"type":"Feature","id":"way/765949377","properties":{"id":"way/765949377","building":"yes","_elevM":10,"_bbox":[99.9671201,8.3993046,99.9678332,8.3999155]},"geometry":{"type":"Polygon","coordinates":[[[99.96721,8.3993],[99.9673,8.39931],[99.96721,8.39954],[99.96727,8.39956],[99.96733,8.39933],[99.96743,8.39936],[99.96737,8.39954],[99.96746,8.39957],[99.9675,8.39938],[99.96783,8.39942],[99.96765,8.39984],[99.96752,8.3998],[99.96753,8.39974],[99.96735,8.39974],[99.96731,8.39992],[99.96722,8.39991],[99.9673,8.39963],[99.96727,8.39962],[99.96725,8.39968],[99.96712,8.39965],[99.96721,8.3993]]]}},{"type":"Feature","id":"way/765949379","properties":{"id":"way/765949379","building":"yes","_elevM":10,"_bbox":[99.9670863,8.3998521,99.967657,8.4004867]},"geometry":{"type":"Polygon","coordinates":[[[99.96711,8.4002],[99.96726,8.40022],[99.96738,8.39985],[99.96751,8.3999],[99.96753,8.39986],[99.96766,8.39991],[99.96752,8.40017],[99.96746,8.40015],[99.9674,8.40037],[99.96731,8.40034],[99.9673,8.40039],[99.96735,8.4004],[99.96733,8.40049],[99.9672,8.40048],[99.96723,8.40037],[99.96709,8.40034],[99.96711,8.4002]]]}},{"type":"Feature","id":"way/765949380","properties":{"id":"way/765949380","building":"yes","_elevM":10,"_bbox":[99.9669841,8.4005488,99.967244,8.4009254]},"geometry":{"type":"Polygon","coordinates":[[[99.96702,8.40055],[99.96715,8.40058],[99.96712,8.40073],[99.96719,8.40074],[99.96718,8.40082],[99.96724,8.40083],[99.96722,8.40093],[99.9671,8.4009],[99.96711,8.40082],[99.96704,8.4008],[99.96705,8.40072],[99.96698,8.4007],[99.96702,8.40055]]]}},{"type":"Feature","id":"way/765949381","properties":{"id":"way/765949381","building":"yes","_elevM":10,"_bbox":[99.9672997,8.4007854,99.9674433,8.4010453]},"geometry":{"type":"Polygon","coordinates":[[[99.96735,8.40079],[99.96744,8.40081],[99.96739,8.40105],[99.9673,8.40104],[99.96735,8.40079]]]}},{"type":"Feature","id":"way/765949382","properties":{"id":"way/765949382","building":"yes","_elevM":10,"_bbox":[99.9674293,8.4008304,99.9678508,8.4011157]},"geometry":{"type":"Polygon","coordinates":[[[99.96748,8.40083],[99.96785,8.40096],[99.96782,8.40109],[99.96768,8.40105],[99.96766,8.40112],[99.96743,8.40103],[99.96748,8.40083]]]}},{"type":"Feature","id":"way/765949383","properties":{"id":"way/765949383","building":"yes","_elevM":10,"_bbox":[99.9713318,8.3971036,99.9716914,8.3973762]},"geometry":{"type":"Polygon","coordinates":[[[99.97144,8.3971],[99.97169,8.39715],[99.97165,8.3973],[99.97152,8.39729],[99.9715,8.39738],[99.97133,8.39734],[99.97144,8.3971]]]}},{"type":"Feature","id":"way/765949384","properties":{"id":"way/765949384","building":"yes","_elevM":10,"_bbox":[99.971192,8.3975942,99.9716239,8.3979286]},"geometry":{"type":"Polygon","coordinates":[[[99.97128,8.39763],[99.97143,8.39768],[99.97148,8.39759],[99.97162,8.39764],[99.97157,8.39793],[99.97119,8.39782],[99.97128,8.39763]]]}},{"type":"Feature","id":"way/765949385","properties":{"id":"way/765949385","building":"yes","_elevM":10,"_bbox":[99.9710472,8.3981024,99.9717258,8.3985654]},"geometry":{"type":"Polygon","coordinates":[[[99.97111,8.3981],[99.97173,8.39823],[99.97168,8.39857],[99.97145,8.39853],[99.97147,8.39837],[99.97138,8.39835],[99.97136,8.39849],[99.97105,8.39846],[99.97111,8.3981]]]}},{"type":"Feature","id":"way/765949387","properties":{"id":"way/765949387","building":"yes","_elevM":10,"_bbox":[99.9710646,8.3985654,99.971361,8.3987498]},"geometry":{"type":"Polygon","coordinates":[[[99.97106,8.39875],[99.97107,8.39857],[99.97136,8.39857],[99.97136,8.39875],[99.97106,8.39875]]]}},{"type":"Feature","id":"way/765949388","properties":{"id":"way/765949388","building":"yes","_elevM":10,"_bbox":[99.9716587,8.3986715,99.9717687,8.3988811]},"geometry":{"type":"Polygon","coordinates":[[[99.97166,8.39886],[99.97172,8.39867],[99.97177,8.39868],[99.97172,8.39888],[99.97166,8.39886]]]}},{"type":"Feature","id":"way/765949389","properties":{"id":"way/765949389","building":"yes","_elevM":10,"_bbox":[99.9709941,8.3990059,99.9711457,8.3991412]},"geometry":{"type":"Polygon","coordinates":[[[99.97102,8.39901],[99.97115,8.39904],[99.97112,8.39914],[99.97099,8.39911],[99.97102,8.39901]]]}},{"type":"Feature","id":"way/765949391","properties":{"id":"way/765949391","building":"yes","_elevM":10,"_bbox":[99.9708125,8.3990457,99.971479,8.3995883]},"geometry":{"type":"Polygon","coordinates":[[[99.97081,8.39941],[99.97085,8.39935],[99.97103,8.39935],[99.97106,8.39931],[99.97095,8.3993],[99.97095,8.39919],[99.97127,8.39926],[99.97129,8.39912],[99.97127,8.39911],[99.97128,8.39905],[99.97139,8.39907],[99.97138,8.39912],[99.97147,8.39916],[99.97143,8.3993],[99.97147,8.39931],[99.97143,8.39938],[99.97148,8.39939],[99.97147,8.39946],[99.97141,8.39946],[99.97138,8.39959],[99.97113,8.39957],[99.97115,8.3994],[99.97102,8.39938],[99.97099,8.39946],[99.97081,8.39941]]]}},{"type":"Feature","id":"way/765949392","properties":{"id":"way/765949392","building":"yes","_elevM":10,"_bbox":[99.9706811,8.3994928,99.9710432,8.3998271]},"geometry":{"type":"Polygon","coordinates":[[[99.97068,8.39977],[99.97077,8.39949],[99.971,8.39954],[99.97096,8.39969],[99.97104,8.39972],[99.97103,8.39975],[99.97096,8.39976],[99.97092,8.39983],[99.97068,8.39977]]]}},{"type":"Feature","id":"way/765949393","properties":{"id":"way/765949393","building":"yes","_elevM":10,"_bbox":[99.9705925,8.3998059,99.9710753,8.4001044]},"geometry":{"type":"Polygon","coordinates":[[[99.97059,8.4],[99.97067,8.39981],[99.9709,8.39985],[99.9709,8.39992],[99.97101,8.39997],[99.97101,8.39999],[99.97107,8.4],[99.97108,8.40008],[99.971,8.40006],[99.971,8.4001],[99.97093,8.40008],[99.97095,8.40001],[99.97088,8.39998],[99.97085,8.40005],[99.97059,8.4]]]}},{"type":"Feature","id":"way/765949394","properties":{"id":"way/765949394","building":"yes","_elevM":10,"_bbox":[99.9711985,8.3996038,99.9713112,8.3997849]},"geometry":{"type":"Polygon","coordinates":[[[99.9712,8.39977],[99.97123,8.3996],[99.97131,8.39962],[99.97128,8.39978],[99.9712,8.39977]]]}},{"type":"Feature","id":"way/765949395","properties":{"id":"way/765949395","building":"yes","_elevM":10,"_bbox":[99.9711486,8.3999097,99.9713316,8.4000696]},"geometry":{"type":"Polygon","coordinates":[[[99.97115,8.40005],[99.97118,8.39991],[99.97133,8.39994],[99.97131,8.40004],[99.97123,8.40007],[99.97115,8.40005]]]}},{"type":"Feature","id":"way/765949396","properties":{"id":"way/765949396","building":"yes","_elevM":10,"_bbox":[99.9710594,8.3997511,99.9711738,8.3998985]},"geometry":{"type":"Polygon","coordinates":[[[99.97106,8.39988],[99.97108,8.39975],[99.97117,8.39977],[99.97115,8.3999],[99.97106,8.39988]]]}},{"type":"Feature","id":"way/765949397","properties":{"id":"way/765949397","building":"yes","_elevM":10,"_bbox":[99.9710246,8.3950585,99.971444,8.3955259]},"geometry":{"type":"Polygon","coordinates":[[[99.97102,8.39539],[99.97104,8.39507],[99.97117,8.39506],[99.97115,8.3952],[99.97144,8.39538],[99.97144,8.39553],[99.97102,8.39539]]]}},{"type":"Feature","id":"way/765949398","properties":{"id":"way/765949398","building":"yes","_elevM":10,"_bbox":[99.9704785,8.3948182,99.9706286,8.3949139]},"geometry":{"type":"Polygon","coordinates":[[[99.97048,8.39489],[99.97049,8.39482],[99.97063,8.39484],[99.97062,8.39491],[99.97048,8.39489]]]}},{"type":"Feature","id":"way/765949400","properties":{"id":"way/765949400","building":"yes","_elevM":10,"_bbox":[99.9693169,8.3939013,99.9704796,8.3944615]},"geometry":{"type":"Polygon","coordinates":[[[99.96932,8.39414],[99.96941,8.3939],[99.97048,8.39412],[99.97041,8.39446],[99.97012,8.39445],[99.97002,8.39442],[99.96998,8.39436],[99.96998,8.3943],[99.96995,8.39433],[99.9699,8.39432],[99.96992,8.39423],[99.97025,8.39425],[99.97027,8.39421],[99.97023,8.3942],[99.97022,8.39416],[99.97015,8.39413],[99.97013,8.39419],[99.97005,8.39416],[99.97007,8.39411],[99.97002,8.39411],[99.97,8.39417],[99.96995,8.39415],[99.96993,8.39411],[99.9699,8.39419],[99.96985,8.39417],[99.96986,8.39412],[99.96973,8.39411],[99.96972,8.39425],[99.96979,8.39428],[99.96978,8.39437],[99.96964,8.39435],[99.96965,8.39424],[99.96962,8.39423],[99.96963,8.39413],[99.96958,8.39407],[99.96953,8.39419],[99.96932,8.39414]]]}},{"type":"Feature","id":"way/765949401","properties":{"id":"way/765949401","building":"yes","_elevM":10,"_bbox":[99.9690869,8.3942742,99.9693435,8.3944598]},"geometry":{"type":"Polygon","coordinates":[[[99.96921,8.39427],[99.96934,8.3943],[99.96927,8.39446],[99.96909,8.39443],[99.96921,8.39427]]]}},{"type":"Feature","id":"way/765949402","properties":{"id":"way/765949402","building":"yes","_elevM":10,"_bbox":[99.969462,8.3944755,99.9700584,8.3949412]},"geometry":{"type":"Polygon","coordinates":[[[99.96946,8.39486],[99.9695,8.39476],[99.96962,8.39478],[99.96957,8.39466],[99.96973,8.39466],[99.96974,8.39477],[99.96982,8.39479],[99.96985,8.3946],[99.96977,8.39455],[99.96978,8.39449],[99.96995,8.39448],[99.97006,8.39448],[99.97005,8.39461],[99.96997,8.39459],[99.96995,8.3947],[99.97005,8.39473],[99.97,8.39494],[99.96992,8.39493],[99.96995,8.39472],[99.9699,8.39472],[99.96987,8.39493],[99.96981,8.39492],[99.96978,8.39487],[99.96946,8.39486]]]}},{"type":"Feature","id":"way/765949403","properties":{"id":"way/765949403","building":"yes","_elevM":10,"_bbox":[99.9700549,8.3945281,99.9702938,8.394957]},"geometry":{"type":"Polygon","coordinates":[[[99.97005,8.39493],[99.9701,8.39454],[99.97018,8.39453],[99.97018,8.39456],[99.97028,8.39458],[99.97026,8.39465],[99.9702,8.39464],[99.97019,8.39472],[99.97029,8.39475],[99.97027,8.39496],[99.97005,8.39493]]]}},{"type":"Feature","id":"way/765949404","properties":{"id":"way/765949404","building":"yes","_elevM":10,"_bbox":[99.9716492,8.3946545,99.9718033,8.3947591]},"geometry":{"type":"Polygon","coordinates":[[[99.97166,8.39465],[99.9718,8.39468],[99.97179,8.39476],[99.97165,8.39473],[99.97166,8.39465]]]}},{"type":"Feature","id":"way/765955677","properties":{"id":"way/765955677","building":"yes","_elevM":10,"_bbox":[99.9704881,8.4000632,99.9712504,8.4004855]},"geometry":{"type":"Polygon","coordinates":[[[99.97049,8.40032],[99.97056,8.40006],[99.97082,8.40013],[99.97082,8.40017],[99.97101,8.40021],[99.971,8.4003],[99.97106,8.40032],[99.97112,8.40019],[99.97125,8.40024],[99.97121,8.40049],[99.97075,8.40039],[99.97075,8.4003],[99.97064,8.40027],[99.97062,8.40037],[99.97049,8.40032]]]}},{"type":"Feature","id":"way/765955678","properties":{"id":"way/765955678","building":"yes","_elevM":10,"_bbox":[99.9713317,8.4002321,99.9716305,8.4005438]},"geometry":{"type":"Polygon","coordinates":[[[99.97133,8.40051],[99.97134,8.40034],[99.97152,8.40035],[99.97156,8.40023],[99.97163,8.40024],[99.97156,8.40054],[99.97133,8.40051]]]}},{"type":"Feature","id":"way/765955679","properties":{"id":"way/765955679","building":"yes","_elevM":10,"_bbox":[99.9716102,8.4000652,99.971846,8.4005558]},"geometry":{"type":"Polygon","coordinates":[[[99.97161,8.40055],[99.97174,8.40011],[99.97185,8.40007],[99.97173,8.40056],[99.97161,8.40055]]]}},{"type":"Feature","id":"way/765955683","properties":{"id":"way/765955683","building":"yes","_elevM":10,"_bbox":[99.9704401,8.4004133,99.9715156,8.4010382]},"geometry":{"type":"Polygon","coordinates":[[[99.97046,8.40047],[99.97054,8.40049],[99.97056,8.40041],[99.97067,8.40044],[99.97065,8.40051],[99.97071,8.40053],[99.97073,8.4005],[99.97095,8.40056],[99.97092,8.40067],[99.97098,8.40069],[99.971,8.40063],[99.97106,8.40062],[99.9711,8.40055],[99.97149,8.40063],[99.97148,8.40072],[99.97135,8.40069],[99.97134,8.40075],[99.97152,8.40079],[99.9715,8.40085],[99.97134,8.40082],[99.97129,8.40104],[99.97123,8.40102],[99.97123,8.40098],[99.97109,8.40095],[99.97113,8.40076],[99.97097,8.40073],[99.97096,8.4008],[99.97085,8.40078],[99.97087,8.40071],[99.97071,8.40068],[99.9707,8.40075],[99.97077,8.40079],[99.97074,8.40091],[99.9706,8.40088],[99.97063,8.40078],[99.97059,8.40077],[99.97063,8.40061],[99.97044,8.40056],[99.97046,8.40047]]]}},{"type":"Feature","id":"way/765955684","properties":{"id":"way/765955684","building":"yes","_elevM":10,"_bbox":[99.9703499,8.4007876,99.9704696,8.4008874]},"geometry":{"type":"Polygon","coordinates":[[[99.97035,8.40086],[99.97037,8.40079],[99.97047,8.40082],[99.97045,8.40089],[99.97035,8.40086]]]}},{"type":"Feature","id":"way/765955685","properties":{"id":"way/765955685","building":"yes","_elevM":10,"_bbox":[99.9703012,8.4009467,99.9705674,8.4010908]},"geometry":{"type":"Polygon","coordinates":[[[99.9703,8.40102],[99.97032,8.40095],[99.97057,8.40102],[99.97055,8.40109],[99.9703,8.40102]]]}},{"type":"Feature","id":"way/765955686","properties":{"id":"way/765955686","building":"yes","_elevM":10,"_bbox":[99.9706344,8.401004,99.9709953,8.4011965]},"geometry":{"type":"Polygon","coordinates":[[[99.97066,8.401],[99.971,8.4011],[99.97097,8.4012],[99.97063,8.4011],[99.97066,8.401]]]}},{"type":"Feature","id":"way/765955688","properties":{"id":"way/765955688","building":"yes","_elevM":10,"_bbox":[99.9702545,8.4012521,99.9704121,8.4013778]},"geometry":{"type":"Polygon","coordinates":[[[99.97028,8.40125],[99.97041,8.4013],[99.97038,8.40138],[99.97025,8.40133],[99.97028,8.40125]]]}},{"type":"Feature","id":"way/765955689","properties":{"id":"way/765955689","building":"yes","_elevM":10,"_bbox":[99.9702601,8.4010911,99.9708952,8.4015681]},"geometry":{"type":"Polygon","coordinates":[[[99.97039,8.40144],[99.97043,8.40131],[99.97052,8.40134],[99.97057,8.40125],[99.9705,8.40123],[99.97048,8.40126],[99.97039,8.40124],[99.97026,8.40116],[99.97027,8.40109],[99.97069,8.40124],[99.9709,8.40131],[99.9708,8.40157],[99.97039,8.40144]]]}},{"type":"Feature","id":"way/765955694","properties":{"id":"way/765955694","building":"yes","_elevM":10,"_bbox":[99.9689939,8.3963213,99.9691377,8.3964795]},"geometry":{"type":"Polygon","coordinates":[[[99.96899,8.39645],[99.96903,8.39632],[99.96914,8.39635],[99.9691,8.39648],[99.96899,8.39645]]]}},{"type":"Feature","id":"way/765955695","properties":{"id":"way/765955695","building":"yes","_elevM":10,"_bbox":[99.9681259,8.3949649,99.9686706,8.3953806]},"geometry":{"type":"Polygon","coordinates":[[[99.96813,8.39534],[99.96824,8.39496],[99.96867,8.39509],[99.96863,8.39524],[99.96832,8.39514],[99.96825,8.39538],[99.96813,8.39534]]]}},{"type":"Feature","id":"way/765955696","properties":{"id":"way/765955696","building":"yes","_elevM":10,"_bbox":[99.9682683,8.3947603,99.9688121,8.3950544]},"geometry":{"type":"Polygon","coordinates":[[[99.96827,8.39492],[99.96834,8.39476],[99.96881,8.39487],[99.96874,8.39505],[99.96827,8.39492]]]}},{"type":"Feature","id":"way/765955697","properties":{"id":"way/765955697","building":"yes","_elevM":10,"_bbox":[99.9684008,8.394489,99.9689354,8.3948045]},"geometry":{"type":"Polygon","coordinates":[[[99.9684,8.39471],[99.96846,8.39449],[99.96894,8.39456],[99.96886,8.3948],[99.9684,8.39471]]]}},{"type":"Feature","id":"way/765955698","properties":{"id":"way/765955698","building":"yes","_elevM":10,"_bbox":[99.9694023,8.3943186,99.9696194,8.3945691]},"geometry":{"type":"Polygon","coordinates":[[[99.9694,8.39446],[99.96942,8.39432],[99.96957,8.39434],[99.96955,8.39445],[99.96962,8.39446],[99.9696,8.39457],[99.9695,8.39455],[99.96951,8.39448],[99.9694,8.39446]]]}},{"type":"Feature","id":"way/765955699","properties":{"id":"way/765955699","building":"yes","_elevM":10,"_bbox":[99.9682699,8.3941825,99.9684147,8.3943231]},"geometry":{"type":"Polygon","coordinates":[[[99.96827,8.39428],[99.9683,8.39418],[99.96841,8.39422],[99.96839,8.39432],[99.96827,8.39428]]]}},{"type":"Feature","id":"way/765955700","properties":{"id":"way/765955700","building":"yes","_elevM":10,"_bbox":[99.968303,8.3940455,99.9684513,8.3941826]},"geometry":{"type":"Polygon","coordinates":[[[99.9683,8.39415],[99.96833,8.39405],[99.96845,8.39408],[99.96842,8.39418],[99.9683,8.39415]]]}},{"type":"Feature","id":"way/765955701","properties":{"id":"way/765955701","building":"yes","_elevM":10,"_bbox":[99.9683531,8.3939188,99.9684979,8.3940594]},"geometry":{"type":"Polygon","coordinates":[[[99.96835,8.39402],[99.96838,8.39392],[99.9685,8.39395],[99.96847,8.39406],[99.96835,8.39402]]]}},{"type":"Feature","id":"way/765955702","properties":{"id":"way/765955702","building":"yes","_elevM":10,"_bbox":[99.9683923,8.3937895,99.9685406,8.3939266]},"geometry":{"type":"Polygon","coordinates":[[[99.96839,8.39389],[99.96842,8.39379],[99.96854,8.39382],[99.96851,8.39393],[99.96839,8.39389]]]}},{"type":"Feature","id":"way/765955703","properties":{"id":"way/765955703","building":"yes","_elevM":10,"_bbox":[99.9684363,8.3936506,99.9685811,8.3937912]},"geometry":{"type":"Polygon","coordinates":[[[99.96844,8.39375],[99.96846,8.39365],[99.96858,8.39369],[99.96855,8.39379],[99.96844,8.39375]]]}},{"type":"Feature","id":"way/765955704","properties":{"id":"way/765955704","building":"yes","_elevM":10,"_bbox":[99.9684693,8.3935243,99.9686176,8.3936614]},"geometry":{"type":"Polygon","coordinates":[[[99.96847,8.39363],[99.9685,8.39352],[99.96862,8.39356],[99.96859,8.39366],[99.96847,8.39363]]]}},{"type":"Feature","id":"way/765955705","properties":{"id":"way/765955705","building":"yes","_elevM":10,"_bbox":[99.9679941,8.3935378,99.9681389,8.3936784]},"geometry":{"type":"Polygon","coordinates":[[[99.96799,8.39364],[99.96802,8.39354],[99.96814,8.39357],[99.96811,8.39368],[99.96799,8.39364]]]}},{"type":"Feature","id":"way/765955706","properties":{"id":"way/765955706","building":"yes","_elevM":10,"_bbox":[99.968142,8.3935805,99.9682868,8.3937211]},"geometry":{"type":"Polygon","coordinates":[[[99.96814,8.39368],[99.96817,8.39358],[99.96829,8.39362],[99.96826,8.39372],[99.96814,8.39368]]]}},{"type":"Feature","id":"way/765955707","properties":{"id":"way/765955707","building":"yes","_elevM":10,"_bbox":[99.9679572,8.3936658,99.968102,8.3938064]},"geometry":{"type":"Polygon","coordinates":[[[99.96796,8.39377],[99.96798,8.39367],[99.9681,8.3937],[99.96807,8.39381],[99.96796,8.39377]]]}},{"type":"Feature","id":"way/765955708","properties":{"id":"way/765955708","building":"yes","_elevM":10,"_bbox":[99.9681112,8.3937024,99.968256,8.393843]},"geometry":{"type":"Polygon","coordinates":[[[99.96811,8.3938],[99.96814,8.3937],[99.96826,8.39374],[99.96823,8.39384],[99.96811,8.3938]]]}},{"type":"Feature","id":"way/765955709","properties":{"id":"way/765955709","building":"yes","_elevM":10,"_bbox":[99.9679248,8.3937908,99.9680696,8.3939314]},"geometry":{"type":"Polygon","coordinates":[[[99.96792,8.39389],[99.96795,8.39379],[99.96807,8.39383],[99.96804,8.39393],[99.96792,8.39389]]]}},{"type":"Feature","id":"way/765955710","properties":{"id":"way/765955710","building":"yes","_elevM":10,"_bbox":[99.9680681,8.393835,99.9682129,8.3939756]},"geometry":{"type":"Polygon","coordinates":[[[99.96807,8.39394],[99.96809,8.39383],[99.96821,8.39387],[99.96818,8.39398],[99.96807,8.39394]]]}},{"type":"Feature","id":"way/765955711","properties":{"id":"way/765955711","building":"yes","_elevM":10,"_bbox":[99.9678909,8.3939158,99.9680357,8.3940564]},"geometry":{"type":"Polygon","coordinates":[[[99.96789,8.39402],[99.96792,8.39392],[99.96804,8.39395],[99.96801,8.39406],[99.96789,8.39402]]]}},{"type":"Feature","id":"way/765955712","properties":{"id":"way/765955712","building":"yes","_elevM":10,"_bbox":[99.9680296,8.3939569,99.9681744,8.3940975]},"geometry":{"type":"Polygon","coordinates":[[[99.96803,8.39406],[99.96806,8.39396],[99.96817,8.39399],[99.96814,8.3941],[99.96803,8.39406]]]}},{"type":"Feature","id":"way/765955713","properties":{"id":"way/765955713","building":"yes","_elevM":10,"_bbox":[99.967847,8.3940501,99.9679953,8.3941872]},"geometry":{"type":"Polygon","coordinates":[[[99.96785,8.39415],[99.96788,8.39405],[99.968,8.39408],[99.96796,8.39419],[99.96785,8.39415]]]}},{"type":"Feature","id":"way/765955714","properties":{"id":"way/765955714","building":"yes","_elevM":10,"_bbox":[99.9679795,8.3940897,99.9681278,8.3942268]},"geometry":{"type":"Polygon","coordinates":[[[99.96798,8.39419],[99.96801,8.39409],[99.96813,8.39412],[99.9681,8.39423],[99.96798,8.39419]]]}},{"type":"Feature","id":"way/765955717","properties":{"id":"way/765955717","building":"yes","_elevM":10,"_bbox":[99.9670331,8.3945062,99.967187,8.3950349]},"geometry":{"type":"Polygon","coordinates":[[[99.96703,8.39501],[99.96706,8.39451],[99.96719,8.39453],[99.96715,8.39503],[99.96703,8.39501]]]}},{"type":"Feature","id":"way/765955718","properties":{"id":"way/765955718","building":"yes","_elevM":10,"_bbox":[99.9668083,8.3944747,99.9669729,8.3949999]},"geometry":{"type":"Polygon","coordinates":[[[99.96681,8.39498],[99.96685,8.39447],[99.96697,8.3945],[99.96694,8.395],[99.96681,8.39498]]]}},{"type":"Feature","id":"way/765955719","properties":{"id":"way/765955719","building":"yes","_elevM":10,"_bbox":[99.9666791,8.393911,99.9670136,8.3943959]},"geometry":{"type":"Polygon","coordinates":[[[99.96686,8.39437],[99.96686,8.39416],[99.96668,8.39416],[99.96669,8.39408],[99.96673,8.39407],[99.96673,8.39391],[99.96701,8.39395],[99.96698,8.3944],[99.96686,8.39437]]]}},{"type":"Feature","id":"way/765955720","properties":{"id":"way/765955720","building":"yes","_elevM":10,"_bbox":[99.967072,8.3939757,99.9672277,8.3944694]},"geometry":{"type":"Polygon","coordinates":[[[99.96707,8.39445],[99.96711,8.39398],[99.96723,8.39398],[99.96721,8.39447],[99.96707,8.39445]]]}},{"type":"Feature","id":"way/765955721","properties":{"id":"way/765955721","building":"yes","_elevM":10,"_bbox":[99.9667822,8.3951018,99.9670531,8.3957997]},"geometry":{"type":"Polygon","coordinates":[[[99.9668,8.3951],[99.96705,8.39513],[99.96701,8.3958],[99.9669,8.39579],[99.96689,8.39565],[99.96678,8.39564],[99.9668,8.3955],[99.96687,8.39551],[99.96689,8.39539],[99.96678,8.39538],[99.9668,8.3951]]]}},{"type":"Feature","id":"way/765955722","properties":{"id":"way/765955722","building":"yes","_elevM":10,"_bbox":[99.9668734,8.3958249,99.9670625,8.3959894]},"geometry":{"type":"Polygon","coordinates":[[[99.96687,8.39597],[99.9669,8.39582],[99.96706,8.39583],[99.96706,8.39592],[99.96698,8.3959],[99.96696,8.39599],[99.96687,8.39597]]]}},{"type":"Feature","id":"way/765955723","properties":{"id":"way/765955723","building":"yes","_elevM":10,"_bbox":[99.9667313,8.3957692,99.9668506,8.3958634]},"geometry":{"type":"Polygon","coordinates":[[[99.96673,8.39585],[99.96675,8.39577],[99.96685,8.39578],[99.96684,8.39586],[99.96673,8.39585]]]}},{"type":"Feature","id":"way/765955724","properties":{"id":"way/765955724","building":"yes","_elevM":10,"_bbox":[99.9663558,8.395342,99.9666521,8.3959297]},"geometry":{"type":"Polygon","coordinates":[[[99.96636,8.3959],[99.96637,8.39534],[99.96665,8.39534],[99.96665,8.39593],[99.96636,8.3959]]]}},{"type":"Feature","id":"way/765955725","properties":{"id":"way/765955725","building":"yes","_elevM":10,"_bbox":[99.965932,8.39507,99.9666615,8.3959058]},"geometry":{"type":"Polygon","coordinates":[[[99.96593,8.39587],[99.96604,8.39507],[99.96665,8.39509],[99.96666,8.39522],[99.96616,8.3952],[99.96613,8.39531],[99.96629,8.39531],[99.9663,8.39591],[99.96593,8.39587]]]}},{"type":"Feature","id":"way/765955727","properties":{"id":"way/765955727","building":"yes","_elevM":10,"_bbox":[99.9665916,8.3960659,99.9667066,8.3961849]},"geometry":{"type":"Polygon","coordinates":[[[99.96659,8.39617],[99.96661,8.39607],[99.96671,8.39609],[99.9667,8.39618],[99.96659,8.39617]]]}},{"type":"Feature","id":"way/765955728","properties":{"id":"way/765955728","building":"yes","_elevM":10,"_bbox":[99.9666376,8.3962637,99.9667951,8.396388]},"geometry":{"type":"Polygon","coordinates":[[[99.96664,8.39637],[99.96665,8.39626],[99.96679,8.39627],[99.9668,8.39639],[99.96664,8.39637]]]}},{"type":"Feature","id":"way/765955729","properties":{"id":"way/765955729","building":"yes","_elevM":10,"_bbox":[99.9669886,8.3960778,99.967098,8.3962879]},"geometry":{"type":"Polygon","coordinates":[[[99.96699,8.39608],[99.9671,8.39609],[99.96706,8.39629],[99.96702,8.39626],[99.96699,8.39608]]]}},{"type":"Feature","id":"way/765955730","properties":{"id":"way/765955730","building":"yes","_elevM":10,"_bbox":[99.9677862,8.3991612,99.9678866,8.3992687]},"geometry":{"type":"Polygon","coordinates":[[[99.96779,8.39923],[99.96779,8.39916],[99.96789,8.39919],[99.96787,8.39927],[99.96779,8.39923]]]}},{"type":"Feature","id":"way/765955731","properties":{"id":"way/765955731","building":"yes","_elevM":10,"_bbox":[99.9694733,8.3936396,99.9698544,8.3938238]},"geometry":{"type":"Polygon","coordinates":[[[99.9695,8.39364],[99.96985,8.39371],[99.96983,8.39382],[99.96947,8.39375],[99.9695,8.39364]]]}},{"type":"Feature","id":"way/765955732","properties":{"id":"way/765955732","building":"yes","_elevM":10,"_bbox":[99.970318,8.3937715,99.9704457,8.3939079]},"geometry":{"type":"Polygon","coordinates":[[[99.97034,8.39377],[99.97045,8.39379],[99.97043,8.39391],[99.97032,8.39389],[99.97034,8.39377]]]}},{"type":"Feature","id":"way/765955733","properties":{"id":"way/765955733","building":"yes","_elevM":10,"_bbox":[99.9701248,8.3937373,99.9702716,8.3938587]},"geometry":{"type":"Polygon","coordinates":[[[99.97012,8.39384],[99.97014,8.39374],[99.97027,8.39376],[99.97025,8.39386],[99.97012,8.39384]]]}},{"type":"Feature","id":"way/765955734","properties":{"id":"way/765955734","building":"yes","_elevM":10,"_bbox":[99.9698707,8.3937059,99.9699714,8.3938076]},"geometry":{"type":"Polygon","coordinates":[[[99.96987,8.39379],[99.96988,8.39371],[99.96997,8.39372],[99.96996,8.39381],[99.96987,8.39379]]]}},{"type":"Feature","id":"way/765955735","properties":{"id":"way/765955735","building":"yes","_elevM":10,"_bbox":[99.9699974,8.393724,99.9700997,8.3938285]},"geometry":{"type":"Polygon","coordinates":[[[99.97,8.39381],[99.97002,8.39372],[99.9701,8.39374],[99.97008,8.39383],[99.97,8.39381]]]}},{"type":"Feature","id":"way/765955736","properties":{"id":"way/765955736","building":"yes","_elevM":10,"_bbox":[99.9694879,8.3934701,99.9696212,8.393581]},"geometry":{"type":"Polygon","coordinates":[[[99.96949,8.39357],[99.9695,8.39347],[99.96962,8.39348],[99.96961,8.39358],[99.96949,8.39357]]]}},{"type":"Feature","id":"way/765955737","properties":{"id":"way/765955737","building":"yes","_elevM":10,"_bbox":[99.9695175,8.3933415,99.9696409,8.3934463]},"geometry":{"type":"Polygon","coordinates":[[[99.96952,8.39344],[99.96953,8.39334],[99.96964,8.39335],[99.96963,8.39345],[99.96952,8.39344]]]}},{"type":"Feature","id":"way/765955738","properties":{"id":"way/765955738","building":"yes","_elevM":10,"_bbox":[99.9696677,8.3934025,99.9698783,8.3936174]},"geometry":{"type":"Polygon","coordinates":[[[99.96967,8.39358],[99.96969,8.3934],[99.96988,8.39343],[99.96987,8.39362],[99.96967,8.39358]]]}},{"type":"Feature","id":"way/765955739","properties":{"id":"way/765955739","building":"yes","_elevM":10,"_bbox":[99.9696851,8.3930177,99.969948,8.3933985]},"geometry":{"type":"Polygon","coordinates":[[[99.96969,8.39336],[99.96973,8.39302],[99.96995,8.39306],[99.96989,8.3934],[99.96969,8.39336]]]}},{"type":"Feature","id":"way/765955740","properties":{"id":"way/765955740","building":"yes","_elevM":10,"_bbox":[99.9695311,8.3930253,99.9696724,8.3933039]},"geometry":{"type":"Polygon","coordinates":[[[99.96953,8.39329],[99.96956,8.39303],[99.96967,8.39304],[99.96964,8.3933],[99.96953,8.39329]]]}},{"type":"Feature","id":"way/765955741","properties":{"id":"way/765955741","building":"yes","_elevM":10,"_bbox":[99.9699614,8.3933733,99.9700955,8.3936081]},"geometry":{"type":"Polygon","coordinates":[[[99.96996,8.39359],[99.97001,8.39337],[99.9701,8.39338],[99.97006,8.39361],[99.96996,8.39359]]]}},{"type":"Feature","id":"way/765955742","properties":{"id":"way/765955742","building":"yes","_elevM":10,"_bbox":[99.9700201,8.3930581,99.9701244,8.3931884]},"geometry":{"type":"Polygon","coordinates":[[[99.97002,8.39317],[99.97004,8.39306],[99.97012,8.39307],[99.9701,8.39319],[99.97002,8.39317]]]}},{"type":"Feature","id":"way/765955743","properties":{"id":"way/765955743","building":"yes","_elevM":10,"_bbox":[99.9701636,8.3931014,99.9703166,8.3932923]},"geometry":{"type":"Polygon","coordinates":[[[99.97016,8.39327],[99.9702,8.3931],[99.97032,8.39313],[99.97028,8.39329],[99.97016,8.39327]]]}},{"type":"Feature","id":"way/765955744","properties":{"id":"way/765955744","building":"yes","_elevM":10,"_bbox":[99.9695767,8.3925412,99.969755,8.3929345]},"geometry":{"type":"Polygon","coordinates":[[[99.96958,8.39292],[99.96963,8.39254],[99.96976,8.39256],[99.96971,8.39293],[99.96958,8.39292]]]}},{"type":"Feature","id":"way/765955745","properties":{"id":"way/765955745","building":"yes","_elevM":10,"_bbox":[99.9695686,8.3923801,99.9697119,8.3925197]},"geometry":{"type":"Polygon","coordinates":[[[99.96957,8.3925],[99.96959,8.39238],[99.96971,8.3924],[99.96969,8.39252],[99.96957,8.3925]]]}},{"type":"Feature","id":"way/765955746","properties":{"id":"way/765955746","building":"yes","_elevM":10,"_bbox":[99.9696747,8.391994,99.9701887,8.3921196]},"geometry":{"type":"Polygon","coordinates":[[[99.96968,8.39212],[99.96967,8.39201],[99.97018,8.39199],[99.97019,8.3921],[99.96968,8.39212]]]}},{"type":"Feature","id":"way/765955747","properties":{"id":"way/765955747","building":"yes","_elevM":10,"_bbox":[99.9697997,8.3922018,99.9699649,8.3925656]},"geometry":{"type":"Polygon","coordinates":[[[99.9698,8.39255],[99.96985,8.3922],[99.96996,8.39222],[99.96991,8.39257],[99.9698,8.39255]]]}},{"type":"Feature","id":"way/765955748","properties":{"id":"way/765955748","building":"yes","_elevM":10,"_bbox":[99.9698851,8.3925858,99.9700684,8.3929652]},"geometry":{"type":"Polygon","coordinates":[[[99.96989,8.39295],[99.96994,8.39259],[99.97007,8.39261],[99.97001,8.39297],[99.96989,8.39295]]]}},{"type":"Feature","id":"way/765955749","properties":{"id":"way/765955749","building":"yes","_elevM":10,"_bbox":[99.9701769,8.3926292,99.9703338,8.393021]},"geometry":{"type":"Polygon","coordinates":[[[99.97018,8.39301],[99.97024,8.39263],[99.97033,8.39264],[99.97027,8.39302],[99.97018,8.39301]]]}},{"type":"Feature","id":"way/765955750","properties":{"id":"way/765955750","building":"yes","_elevM":10,"_bbox":[99.9699634,8.3921793,99.9702735,8.392544]},"geometry":{"type":"Polygon","coordinates":[[[99.96996,8.39244],[99.96997,8.39233],[99.97015,8.39234],[99.97015,8.39226],[99.97002,8.39226],[99.97003,8.39218],[99.97027,8.39219],[99.97026,8.39254],[99.97012,8.39254],[99.97012,8.39244],[99.96996,8.39244]]]}},{"type":"Feature","id":"way/765955751","properties":{"id":"way/765955751","building":"yes","_elevM":10,"_bbox":[99.9703775,8.3920903,99.9707186,8.3924663]},"geometry":{"type":"Polygon","coordinates":[[[99.97038,8.39244],[99.97044,8.39209],[99.97056,8.39211],[99.97054,8.3922],[99.97072,8.39223],[99.97068,8.39243],[99.97055,8.39241],[99.97057,8.39232],[99.97052,8.39231],[99.97051,8.3924],[99.97054,8.3924],[99.97053,8.39247],[99.97038,8.39244]]]}},{"type":"Feature","id":"way/765955752","properties":{"id":"way/765955752","building":"yes","_elevM":10,"_bbox":[99.9704464,8.3918788,99.9707904,8.3921755]},"geometry":{"type":"Polygon","coordinates":[[[99.97045,8.39201],[99.97045,8.39196],[99.97049,8.39195],[99.97052,8.39191],[99.97077,8.39188],[99.97079,8.39202],[99.97073,8.39202],[99.97075,8.39216],[99.97064,8.39218],[99.97062,8.39199],[99.97045,8.39201]]]}},{"type":"Feature","id":"way/765955757","properties":{"id":"way/765955757","building":"yes","_elevM":10,"_bbox":[99.9704339,8.3934018,99.9704901,8.3934713]},"geometry":{"type":"Polygon","coordinates":[[[99.97043,8.39346],[99.97044,8.3934],[99.97049,8.39341],[99.97048,8.39347],[99.97043,8.39346]]]}},{"type":"Feature","id":"way/765955759","properties":{"id":"way/765955759","building":"yes","_elevM":10,"_bbox":[99.9707723,8.3931463,99.9712591,8.3935459]},"geometry":{"type":"Polygon","coordinates":[[[99.97084,8.39315],[99.97107,8.39316],[99.97105,8.39327],[99.97126,8.39328],[99.97125,8.39353],[99.97118,8.39353],[99.97119,8.39344],[99.97096,8.39341],[99.97095,8.39355],[99.97077,8.39352],[99.97084,8.39315]]]}},{"type":"Feature","id":"way/765955760","properties":{"id":"way/765955760","building":"yes","_elevM":10,"_bbox":[99.9707244,8.3935517,99.9715253,8.3938763]},"geometry":{"type":"Polygon","coordinates":[[[99.97077,8.39355],[99.97121,8.3936],[99.97121,8.39364],[99.97138,8.39365],[99.97142,8.39359],[99.97153,8.39362],[99.97144,8.39379],[99.97134,8.39377],[99.9713,8.39388],[99.97126,8.39387],[99.97128,8.39379],[99.97133,8.39378],[99.97133,8.39374],[99.97125,8.39373],[99.97123,8.39387],[99.97112,8.39386],[99.97112,8.39374],[99.97107,8.39375],[99.97107,8.39386],[99.9709,8.39383],[99.97072,8.39377],[99.97077,8.39355]]]}},{"type":"Feature","id":"way/765955763","properties":{"id":"way/765955763","building":"yes","_elevM":10,"_bbox":[99.9708727,8.3922864,99.9716411,8.393]},"geometry":{"type":"Polygon","coordinates":[[[99.97091,8.39249],[99.97107,8.39246],[99.97108,8.39229],[99.97157,8.39232],[99.97156,8.39243],[99.97134,8.39258],[99.97162,8.39253],[99.97164,8.39264],[99.97153,8.39264],[99.97153,8.39269],[99.97132,8.39268],[99.9713,8.39298],[99.97115,8.39297],[99.97112,8.393],[99.97096,8.39298],[99.97098,8.39288],[99.97114,8.3929],[99.97115,8.39282],[99.97125,8.39283],[99.97127,8.39273],[99.97116,8.39271],[99.97115,8.39276],[99.97106,8.39275],[99.97105,8.39279],[99.97087,8.39277],[99.97091,8.39249]]]}},{"type":"Feature","id":"way/765955764","properties":{"id":"way/765955764","building":"yes","_elevM":10,"_bbox":[99.9712715,8.3931737,99.9716166,8.3935501]},"geometry":{"type":"Polygon","coordinates":[[[99.97127,8.39349],[99.97131,8.39317],[99.97162,8.39322],[99.97155,8.39355],[99.97127,8.39349]]]}},{"type":"Feature","id":"way/765955765","properties":{"id":"way/765955765","building":"yes","_elevM":10,"_bbox":[99.9715476,8.3935887,99.9716484,8.3938618]},"geometry":{"type":"Polygon","coordinates":[[[99.97155,8.39379],[99.97159,8.39359],[99.97165,8.39363],[99.97165,8.39386],[99.97155,8.39379]]]}},{"type":"Feature","id":"way/765955766","properties":{"id":"way/765955766","building":"yes","_elevM":10,"_bbox":[99.971612,8.3934453,99.9719241,8.3936112]},"geometry":{"type":"Polygon","coordinates":[[[99.97161,8.39356],[99.97165,8.39345],[99.97192,8.39348],[99.9719,8.39361],[99.97161,8.39356]]]}},{"type":"Feature","id":"way/765955767","properties":{"id":"way/765955767","building":"yes","_elevM":10,"_bbox":[99.9717574,8.3933448,99.9718631,8.3934443]},"geometry":{"type":"Polygon","coordinates":[[[99.97178,8.39334],[99.97186,8.39335],[99.97185,8.39344],[99.97176,8.39343],[99.97178,8.39334]]]}},{"type":"Feature","id":"way/765955768","properties":{"id":"way/765955768","building":"yes","_elevM":10,"_bbox":[99.9717198,8.3926962,99.9720115,8.3931065]},"geometry":{"type":"Polygon","coordinates":[[[99.97175,8.39288],[99.97177,8.3927],[99.97198,8.3927],[99.97201,8.3931],[99.97172,8.39311],[99.97172,8.39297],[99.97188,8.39296],[99.97189,8.39277],[99.97186,8.39277],[99.97185,8.39288],[99.97175,8.39288]]]}},{"type":"Feature","id":"way/765955769","properties":{"id":"way/765955769","building":"yes","_elevM":10,"_bbox":[99.9714454,8.3928601,99.9716761,8.3930381]},"geometry":{"type":"Polygon","coordinates":[[[99.97145,8.39304],[99.97145,8.39295],[99.97158,8.39295],[99.97159,8.39286],[99.97168,8.39286],[99.97165,8.39297],[99.97161,8.39296],[99.97162,8.39304],[99.97145,8.39304]]]}},{"type":"Feature","id":"way/765955770","properties":{"id":"way/765955770","building":"yes","_elevM":10,"_bbox":[99.9717045,8.3931316,99.9720979,8.3932643]},"geometry":{"type":"Polygon","coordinates":[[[99.9717,8.39322],[99.97172,8.39313],[99.97183,8.39314],[99.97183,8.39318],[99.97193,8.3932],[99.97194,8.39314],[99.9721,8.39315],[99.97209,8.39326],[99.9717,8.39322]]]}},{"type":"Feature","id":"way/765955771","properties":{"id":"way/765955771","building":"yes","_elevM":10,"_bbox":[99.9716893,8.3932402,99.9717492,8.3932915]},"geometry":{"type":"Polygon","coordinates":[[[99.97169,8.39329],[99.9717,8.39324],[99.97175,8.39325],[99.97174,8.39329],[99.97169,8.39329]]]}},{"type":"Feature","id":"way/765955772","properties":{"id":"way/765955772","building":"yes","_elevM":10,"_bbox":[99.9719271,8.3935821,99.9719667,8.3936364]},"geometry":{"type":"Polygon","coordinates":[[[99.97193,8.39363],[99.97193,8.39358],[99.97197,8.39358],[99.97196,8.39364],[99.97193,8.39363]]]}},{"type":"Feature","id":"way/765955773","properties":{"id":"way/765955773","building":"yes","_elevM":10,"_bbox":[99.9719078,8.3938395,99.9721741,8.3940205]},"geometry":{"type":"Polygon","coordinates":[[[99.97191,8.39398],[99.97196,8.39388],[99.97202,8.39384],[99.97217,8.39389],[99.97215,8.39402],[99.97191,8.39398]]]}},{"type":"Feature","id":"way/765955774","properties":{"id":"way/765955774","building":"yes","_elevM":10,"_bbox":[99.9718302,8.3942364,99.9721174,8.3943357]},"geometry":{"type":"Polygon","coordinates":[[[99.97183,8.3943],[99.97186,8.39424],[99.97212,8.39426],[99.97211,8.39434],[99.97183,8.3943]]]}},{"type":"Feature","id":"way/765955775","properties":{"id":"way/765955775","building":"yes","_elevM":10,"_bbox":[99.9711881,8.3947596,99.9718057,8.3951361]},"geometry":{"type":"Polygon","coordinates":[[[99.97119,8.39507],[99.97129,8.39481],[99.97142,8.39481],[99.97146,8.39476],[99.97159,8.39477],[99.97157,8.39485],[99.97163,8.39487],[99.9716,8.39495],[99.97181,8.39499],[99.9718,8.39511],[99.97158,8.39504],[99.97158,8.39498],[99.97142,8.39492],[99.97138,8.39503],[99.97144,8.39506],[99.9714,8.39514],[99.97119,8.39507]]]}},{"type":"Feature","id":"way/765955776","properties":{"id":"way/765955776","building":"yes","_elevM":10,"_bbox":[99.9750115,8.3964727,99.9757642,8.3971172]},"geometry":{"type":"Polygon","coordinates":[[[99.97501,8.39706],[99.97506,8.39647],[99.97576,8.39653],[99.97575,8.39674],[99.97518,8.39669],[99.97516,8.39688],[99.97573,8.39693],[99.97571,8.39712],[99.97501,8.39706]]]}},{"type":"Feature","id":"way/765955777","properties":{"id":"way/765955777","building":"yes","_elevM":10,"_bbox":[99.9759832,8.3966216,99.9767238,8.3971638]},"geometry":{"type":"Polygon","coordinates":[[[99.97598,8.39713],[99.97601,8.39662],[99.9766,8.39665],[99.97672,8.39686],[99.97671,8.39716],[99.97598,8.39713]]]}},{"type":"Feature","id":"way/765955778","properties":{"id":"way/765955778","building":"yes","_elevM":10,"_bbox":[99.9768972,8.3961856,99.9773682,8.3965689]},"geometry":{"type":"Polygon","coordinates":[[[99.9769,8.39654],[99.97692,8.39619],[99.97737,8.39621],[99.97735,8.39657],[99.9769,8.39654]]]}},{"type":"Feature","id":"way/765955779","properties":{"id":"way/765955779","building":"industrial","_elevM":10,"_bbox":[99.9756254,8.3989561,99.9769748,8.3998403]},"geometry":{"type":"Polygon","coordinates":[[[99.97565,8.39896],[99.97689,8.39901],[99.97687,8.39954],[99.97697,8.39954],[99.97696,8.39984],[99.97587,8.39979],[99.97588,8.39948],[99.97563,8.39946],[99.97565,8.39896]]]}},{"type":"Feature","id":"way/765955780","properties":{"id":"way/765955780","building":"yes","_elevM":10,"_bbox":[99.9712847,8.4006752,99.9717809,8.4014261]},"geometry":{"type":"Polygon","coordinates":[[[99.97128,8.4013],[99.97131,8.40117],[99.97136,8.40111],[99.97156,8.40116],[99.97162,8.40068],[99.97178,8.40068],[99.97164,8.40135],[99.97159,8.40133],[99.97158,8.40142],[99.9715,8.40143],[99.97151,8.40135],[99.97144,8.40133],[99.97142,8.4012],[99.97135,8.40119],[99.97135,8.4013],[99.97128,8.4013]]]}},{"type":"Feature","id":"way/765955781","properties":{"id":"way/765955781","building":"yes","_elevM":10,"_bbox":[99.9682005,8.3933691,99.968371,8.3935678]},"geometry":{"type":"Polygon","coordinates":[[[99.9682,8.39352],[99.96825,8.39337],[99.96837,8.3934],[99.96834,8.39357],[99.9682,8.39352]]]}},{"type":"Feature","id":"way/765955782","properties":{"id":"way/765955782","building":"yes","_elevM":10,"_bbox":[99.9685671,8.394173,99.9690551,8.3944594]},"geometry":{"type":"Polygon","coordinates":[[[99.96859,8.39424],[99.96876,8.39425],[99.96879,8.39417],[99.96906,8.39425],[99.96894,8.39446],[99.96857,8.39436],[99.96859,8.39424]]]}},{"type":"Feature","id":"way/765955783","properties":{"id":"way/765955783","building":"yes","_elevM":10,"_bbox":[99.9688648,8.3940067,99.9689874,8.3941591]},"geometry":{"type":"Polygon","coordinates":[[[99.96886,8.39413],[99.96891,8.39401],[99.96899,8.39403],[99.96896,8.39416],[99.96886,8.39413]]]}},{"type":"Feature","id":"way/765955784","properties":{"id":"way/765955784","building":"yes","_elevM":10,"_bbox":[99.9690457,8.3939906,99.9692171,8.3941571]},"geometry":{"type":"Polygon","coordinates":[[[99.96905,8.39408],[99.96912,8.39399],[99.96922,8.39407],[99.96915,8.39416],[99.96905,8.39408]]]}},{"type":"Feature","id":"way/765955785","properties":{"id":"way/765955785","building":"yes","_elevM":10,"_bbox":[99.9690477,8.3935663,99.9692333,8.3936807]},"geometry":{"type":"Polygon","coordinates":[[[99.96905,8.39364],[99.96907,8.39357],[99.96923,8.39361],[99.96922,8.39368],[99.96905,8.39364]]]}},{"type":"Feature","id":"way/765955786","properties":{"id":"way/765955786","building":"yes","_elevM":10,"_bbox":[99.9685838,8.393905,99.9688368,8.3941076]},"geometry":{"type":"Polygon","coordinates":[[[99.96858,8.39409],[99.9686,8.39401],[99.96869,8.39401],[99.96873,8.39391],[99.96884,8.39391],[99.96879,8.39408],[99.96867,8.39405],[99.96866,8.39411],[99.96858,8.39409]]]}},{"type":"Feature","id":"way/765955787","properties":{"id":"way/765955787","building":"yes","_elevM":10,"_bbox":[99.9686559,8.3937064,99.9688578,8.3938531]},"geometry":{"type":"Polygon","coordinates":[[[99.96866,8.39381],[99.96869,8.39371],[99.96886,8.39375],[99.96884,8.39385],[99.96866,8.39381]]]}},{"type":"Feature","id":"way/765955788","properties":{"id":"way/765955788","building":"yes","_elevM":10,"_bbox":[99.9685555,8.3934165,99.9686535,8.3935424]},"geometry":{"type":"Polygon","coordinates":[[[99.96856,8.39352],[99.96856,8.39342],[99.96865,8.39342],[99.96863,8.39354],[99.96856,8.39352]]]}},{"type":"Feature","id":"way/765955789","properties":{"id":"way/765955789","building":"yes","_elevM":10,"_bbox":[99.9680558,8.3934384,99.9682075,8.3935354]},"geometry":{"type":"Polygon","coordinates":[[[99.96806,8.39351],[99.9681,8.39344],[99.96821,8.39345],[99.96817,8.39354],[99.96806,8.39351]]]}},{"type":"Feature","id":"way/766207516","properties":{"id":"way/766207516","building":"yes","_elevM":10,"_bbox":[99.9705732,8.3963669,99.9707689,8.3965722]},"geometry":{"type":"Polygon","coordinates":[[[99.97057,8.39653],[99.97061,8.39637],[99.97073,8.39639],[99.97071,8.39648],[99.97077,8.39649],[99.97075,8.39657],[99.97057,8.39653]]]}},{"type":"Feature","id":"way/766207517","properties":{"id":"way/766207517","building":"yes","_elevM":10,"_bbox":[99.9708626,8.3966326,99.9710999,8.3968049]},"geometry":{"type":"Polygon","coordinates":[[[99.97086,8.39679],[99.97087,8.39663],[99.9711,8.39665],[99.97109,8.3968],[99.97086,8.39679]]]}},{"type":"Feature","id":"way/766207518","properties":{"id":"way/766207518","building":"yes","_elevM":10,"_bbox":[99.9709678,8.3964742,99.9711058,8.3966135]},"geometry":{"type":"Polygon","coordinates":[[[99.97097,8.39659],[99.97099,8.39647],[99.97111,8.39649],[99.97108,8.39661],[99.97097,8.39659]]]}},{"type":"Feature","id":"way/766207519","properties":{"id":"way/766207519","building":"yes","_elevM":10,"_bbox":[99.9711244,8.3967383,99.971411,8.3968708]},"geometry":{"type":"Polygon","coordinates":[[[99.97112,8.39685],[99.97113,8.39674],[99.97141,8.39676],[99.9714,8.39687],[99.97112,8.39685]]]}},{"type":"Feature","id":"way/766207520","properties":{"id":"way/766207520","building":"yes","_elevM":10,"_bbox":[99.9716384,8.3962602,99.9718708,8.3965231]},"geometry":{"type":"Polygon","coordinates":[[[99.97166,8.39626],[99.97187,8.39628],[99.97184,8.39652],[99.97164,8.3965],[99.97166,8.39626]]]}},{"type":"Feature","id":"way/766207521","properties":{"id":"way/766207521","building":"yes","_elevM":10,"_bbox":[99.9715055,8.3965959,99.971805,8.3968319]},"geometry":{"type":"Polygon","coordinates":[[[99.97151,8.3968],[99.97153,8.39669],[99.97168,8.39666],[99.97169,8.3966],[99.97181,8.39662],[99.97177,8.39677],[99.97168,8.39675],[99.97166,8.39683],[99.97151,8.3968]]]}},{"type":"Feature","id":"way/766207522","properties":{"id":"way/766207522","building":"yes","_elevM":10,"_bbox":[99.9714725,8.3969248,99.9719655,8.3971365]},"geometry":{"type":"Polygon","coordinates":[[[99.9715,8.39692],[99.97197,8.39701],[99.97194,8.39714],[99.97147,8.39705],[99.9715,8.39692]]]}},{"type":"Feature","id":"way/766207524","properties":{"id":"way/766207524","building":"yes","_elevM":10,"_bbox":[99.9718026,8.3972179,99.9719427,8.3973464]},"geometry":{"type":"Polygon","coordinates":[[[99.9718,8.39732],[99.97183,8.39722],[99.97194,8.39725],[99.97192,8.39735],[99.9718,8.39732]]]}},{"type":"Feature","id":"way/766207525","properties":{"id":"way/766207525","building":"yes","_elevM":10,"_bbox":[99.9715204,8.3973983,99.9717019,8.3975708]},"geometry":{"type":"Polygon","coordinates":[[[99.97152,8.39752],[99.97157,8.3974],[99.9717,8.39745],[99.97165,8.39757],[99.97152,8.39752]]]}},{"type":"Feature","id":"way/766207526","properties":{"id":"way/766207526","building":"yes","_elevM":10,"_bbox":[99.9717463,8.3973319,99.9719109,8.3974671]},"geometry":{"type":"Polygon","coordinates":[[[99.97175,8.39744],[99.97178,8.39733],[99.97191,8.39736],[99.97185,8.39747],[99.97175,8.39744]]]}},{"type":"Feature","id":"way/766207527","properties":{"id":"way/766207527","building":"yes","_elevM":10,"_bbox":[99.9716188,8.3973337,99.971691,8.3974067]},"geometry":{"type":"Polygon","coordinates":[[[99.97162,8.3974],[99.97163,8.39733],[99.97169,8.39734],[99.97168,8.39741],[99.97162,8.3974]]]}},{"type":"Feature","id":"way/766207529","properties":{"id":"way/766207529","building":"yes","_elevM":10,"_bbox":[99.9716392,8.3976578,99.9718349,8.3979489]},"geometry":{"type":"Polygon","coordinates":[[[99.97164,8.39793],[99.97167,8.39766],[99.97183,8.3977],[99.97176,8.39795],[99.97164,8.39793]]]}},{"type":"Feature","id":"way/766207530","properties":{"id":"way/766207530","building":"yes","_elevM":10,"_bbox":[99.9714867,8.3980114,99.9717532,8.3981744]},"geometry":{"type":"Polygon","coordinates":[[[99.97152,8.39807],[99.97162,8.39808],[99.97162,8.39811],[99.97167,8.39811],[99.97169,8.39801],[99.97175,8.39804],[99.9717,8.39817],[99.97149,8.39814],[99.97152,8.39807]]]}},{"type":"Feature","id":"way/766207531","properties":{"id":"way/766207531","building":"yes","_elevM":10,"_bbox":[99.9712125,8.3979489,99.9712464,8.3980159]},"geometry":{"type":"Polygon","coordinates":[[[99.97121,8.39801],[99.97123,8.39795],[99.97125,8.39795],[99.97124,8.39802],[99.97121,8.39801]]]}},{"type":"Feature","id":"way/766207532","properties":{"id":"way/766207532","building":"yes","_elevM":10,"_bbox":[99.9713304,8.3988712,99.9714353,8.3989417]},"geometry":{"type":"Polygon","coordinates":[[[99.97134,8.39887],[99.97144,8.39889],[99.97143,8.39894],[99.97133,8.39892],[99.97134,8.39887]]]}},{"type":"Feature","id":"way/766207533","properties":{"id":"way/766207533","building":"yes","_elevM":10,"_bbox":[99.9717549,8.3993823,99.9718131,8.3994727]},"geometry":{"type":"Polygon","coordinates":[[[99.97175,8.39947],[99.97177,8.39938],[99.97181,8.39939],[99.9718,8.39947],[99.97175,8.39947]]]}},{"type":"Feature","id":"way/766207535","properties":{"id":"way/766207535","building":"yes","_elevM":10,"_bbox":[99.9688833,8.4013808,99.9691126,8.4019659]},"geometry":{"type":"Polygon","coordinates":[[[99.96892,8.40138],[99.96911,8.40141],[99.96903,8.40196],[99.96888,8.40197],[99.96892,8.40138]]]}},{"type":"Feature","id":"way/766207537","properties":{"id":"way/766207537","building":"yes","_elevM":10,"_bbox":[99.9685838,8.4019647,99.9689186,8.4022689]},"geometry":{"type":"Polygon","coordinates":[[[99.96868,8.40218],[99.96858,8.40217],[99.96859,8.40202],[99.96864,8.40202],[99.96864,8.40196],[99.96875,8.40197],[99.96875,8.40207],[99.96892,8.40208],[99.96892,8.40213],[99.96887,8.40213],[99.96887,8.40217],[99.96883,8.40217],[99.96883,8.40227],[99.96867,8.40227],[99.96868,8.40218]]]}},{"type":"Feature","id":"way/766207538","properties":{"id":"way/766207538","building":"yes","_elevM":10,"_bbox":[99.9687221,8.402286,99.9689595,8.4024431]},"geometry":{"type":"Polygon","coordinates":[[[99.96872,8.40239],[99.96875,8.40229],[99.96896,8.40234],[99.96893,8.40244],[99.96872,8.40239]]]}},{"type":"Feature","id":"way/766207541","properties":{"id":"way/766207541","building":"yes","_elevM":10,"_bbox":[99.9673111,8.4011963,99.9673736,8.4012832]},"geometry":{"type":"Polygon","coordinates":[[[99.96731,8.40121],[99.96735,8.4012],[99.96737,8.40127],[99.96733,8.40128],[99.96731,8.40121]]]}},{"type":"Feature","id":"way/766207543","properties":{"id":"way/766207543","building":"yes","_elevM":10,"_bbox":[99.9676356,8.4013825,99.9677609,8.4014683]},"geometry":{"type":"Polygon","coordinates":[[[99.96764,8.40147],[99.96764,8.40139],[99.96775,8.40138],[99.96776,8.40146],[99.96764,8.40147]]]}},{"type":"Feature","id":"way/766207544","properties":{"id":"way/766207544","building":"yes","_elevM":10,"_bbox":[99.9673468,8.4015661,99.9674237,8.4016376]},"geometry":{"type":"Polygon","coordinates":[[[99.96735,8.40157],[99.96742,8.40157],[99.96742,8.40164],[99.96735,8.40164],[99.96735,8.40157]]]}},{"type":"Feature","id":"way/766207545","properties":{"id":"way/766207545","building":"yes","_elevM":10,"_bbox":[99.9673468,8.4014708,99.9675698,8.401905]},"geometry":{"type":"Polygon","coordinates":[[[99.96744,8.40165],[99.96744,8.40147],[99.96757,8.40147],[99.96756,8.40179],[99.96745,8.4018],[99.96744,8.4019],[99.96735,8.4019],[99.96735,8.40167],[99.96744,8.40165]]]}},{"type":"Feature","id":"way/766207546","properties":{"id":"way/766207546","building":"yes","_elevM":10,"_bbox":[99.9675943,8.4018092,99.9677648,8.4020321]},"geometry":{"type":"Polygon","coordinates":[[[99.96759,8.40199],[99.96759,8.40191],[99.96763,8.40191],[99.96764,8.40181],[99.96776,8.40181],[99.96776,8.40203],[99.96762,8.40203],[99.96759,8.40199]]]}},{"type":"Feature","id":"way/766207547","properties":{"id":"way/766207547","building":"yes","_elevM":10,"_bbox":[99.9679374,8.4018298,99.9680624,8.4019498]},"geometry":{"type":"Polygon","coordinates":[[[99.96794,8.40191],[99.96794,8.40184],[99.96805,8.40183],[99.96806,8.40194],[99.96797,8.40195],[99.96797,8.40191],[99.96794,8.40191]]]}},{"type":"Feature","id":"way/766207548","properties":{"id":"way/766207548","building":"yes","_elevM":10,"_bbox":[99.9679244,8.4016899,99.9680664,8.4017764]},"geometry":{"type":"Polygon","coordinates":[[[99.96795,8.40178],[99.96793,8.40175],[99.96792,8.40169],[99.96806,8.40169],[99.96807,8.40177],[99.96795,8.40178]]]}},{"type":"Feature","id":"way/766207549","properties":{"id":"way/766207549","building":"yes","_elevM":10,"_bbox":[99.9679056,8.402004,99.9681643,8.4021695]},"geometry":{"type":"Polygon","coordinates":[[[99.96791,8.40201],[99.968,8.402],[99.968,8.40203],[99.96815,8.40202],[99.96816,8.40215],[99.96792,8.40217],[99.96791,8.40201]]]}},{"type":"Feature","id":"way/766207551","properties":{"id":"way/766207551","building":"yes","_elevM":10,"_bbox":[99.9672814,8.4021279,99.96778,8.4028775]},"geometry":{"type":"Polygon","coordinates":[[[99.9673,8.40213],[99.96778,8.40218],[99.96772,8.40275],[99.96761,8.40274],[99.96762,8.4028],[99.96759,8.40288],[99.96754,8.40286],[99.96757,8.40278],[99.96754,8.40278],[99.96751,8.40283],[99.96736,8.40278],[99.96742,8.40267],[99.9673,8.40264],[99.96728,8.40239],[99.96747,8.4024],[99.96744,8.40256],[99.96751,8.40258],[99.96752,8.40239],[99.96744,8.40237],[99.96745,8.40233],[99.96752,8.40232],[99.96753,8.40229],[99.96757,8.4023],[99.96757,8.40241],[99.96764,8.40243],[99.96761,8.40263],[99.96764,8.40263],[99.96766,8.40223],[99.96729,8.4022],[99.9673,8.40213]]]}},{"type":"Feature","id":"way/766207552","properties":{"id":"way/766207552","building":"yes","_elevM":10,"_bbox":[99.967824,8.4022133,99.9679019,8.4023321]},"geometry":{"type":"Polygon","coordinates":[[[99.96782,8.40233],[99.96783,8.40221],[99.9679,8.40222],[99.9679,8.40233],[99.96782,8.40233]]]}},{"type":"Feature","id":"way/766207553","properties":{"id":"way/766207553","building":"yes","_elevM":10,"_bbox":[99.9677969,8.4023012,99.968157,8.4028495]},"geometry":{"type":"Polygon","coordinates":[[[99.9678,8.4025],[99.96795,8.40251],[99.96795,8.40247],[99.96804,8.40247],[99.96804,8.4023],[99.96816,8.40231],[99.96815,8.4026],[99.96806,8.4026],[99.96805,8.40269],[99.96812,8.40269],[99.96811,8.40272],[99.96806,8.40272],[99.96806,8.40285],[99.96796,8.40285],[99.96797,8.4026],[99.9678,8.40259],[99.9678,8.4025]]]}},{"type":"Feature","id":"way/766207554","properties":{"id":"way/766207554","building":"yes","_elevM":10,"_bbox":[99.967778,8.4027034,99.9678566,8.4028338]},"geometry":{"type":"Polygon","coordinates":[[[99.96778,8.40283],[99.96778,8.4027],[99.96786,8.40271],[99.96785,8.40283],[99.96778,8.40283]]]}},{"type":"Feature","id":"way/766207555","properties":{"id":"way/766207555","building":"yes","_elevM":10,"_bbox":[99.9682282,8.4022119,99.9683588,8.4023953]},"geometry":{"type":"Polygon","coordinates":[[[99.96823,8.4024],[99.96823,8.40234],[99.96829,8.40234],[99.96828,8.40221],[99.96835,8.40221],[99.96836,8.40239],[99.96823,8.4024]]]}},{"type":"Feature","id":"way/766207556","properties":{"id":"way/766207556","building":"yes","_elevM":10,"_bbox":[99.9682117,8.4024527,99.9683189,8.4025638]},"geometry":{"type":"Polygon","coordinates":[[[99.96822,8.40256],[99.96821,8.40246],[99.96832,8.40245],[99.96832,8.40256],[99.96822,8.40256]]]}},{"type":"Feature","id":"way/766207557","properties":{"id":"way/766207557","building":"yes","_elevM":10,"_bbox":[99.9682066,8.4026108,99.9683471,8.4029602]},"geometry":{"type":"Polygon","coordinates":[[[99.96821,8.40295],[99.96824,8.40261],[99.96835,8.40262],[99.96831,8.40296],[99.96821,8.40295]]]}},{"type":"Feature","id":"way/766207558","properties":{"id":"way/766207558","building":"yes","_elevM":10,"_bbox":[99.9684699,8.4024617,99.968944,8.4031674]},"geometry":{"type":"Polygon","coordinates":[[[99.96848,8.40303],[99.96855,8.4028],[99.96847,8.40279],[99.96848,8.40254],[99.96857,8.40255],[99.96856,8.40271],[99.96866,8.40271],[99.96868,8.40265],[99.96862,8.40263],[99.96866,8.40246],[99.96894,8.40251],[99.96879,8.40317],[99.96848,8.40303]]]}},{"type":"Feature","id":"way/766207560","properties":{"id":"way/766207560","building":"yes","_elevM":10,"_bbox":[99.9677168,8.4031699,99.9687735,8.4043189]},"geometry":{"type":"Polygon","coordinates":[[[99.96856,8.40317],[99.96877,8.40324],[99.96864,8.40378],[99.96847,8.40432],[99.96828,8.40428],[99.96835,8.40403],[99.96788,8.40398],[99.96785,8.40418],[99.96772,8.40415],[99.9678,8.40389],[99.96838,8.40395],[99.96844,8.40391],[99.96861,8.40342],[99.96855,8.40341],[99.96851,8.40349],[99.96846,8.40348],[99.96848,8.40339],[99.96855,8.4034],[99.96857,8.40331],[99.96851,8.40329],[99.96856,8.40317]]]}},{"type":"Feature","id":"way/766207561","properties":{"id":"way/766207561","building":"yes","_elevM":10,"_bbox":[99.9683006,8.4030851,99.9685151,8.4033486]},"geometry":{"type":"Polygon","coordinates":[[[99.9683,8.4032],[99.96834,8.40309],[99.96852,8.40314],[99.96848,8.40327],[99.96845,8.40326],[99.96843,8.40335],[99.96836,8.40333],[99.96839,8.40323],[99.9683,8.4032]]]}},{"type":"Feature","id":"way/766207562","properties":{"id":"way/766207562","building":"yes","_elevM":10,"_bbox":[99.9681477,8.4030269,99.9683038,8.4031955]},"geometry":{"type":"Polygon","coordinates":[[[99.96815,8.40316],[99.96819,8.40303],[99.9683,8.40306],[99.96827,8.4032],[99.96815,8.40316]]]}},{"type":"Feature","id":"way/766207563","properties":{"id":"way/766207563","building":"yes","_elevM":10,"_bbox":[99.9679347,8.4030766,99.9680499,8.4032852]},"geometry":{"type":"Polygon","coordinates":[[[99.96793,8.40327],[99.96798,8.40308],[99.96805,8.40309],[99.96801,8.40329],[99.96793,8.40327]]]}},{"type":"Feature","id":"way/766207564","properties":{"id":"way/766207564","building":"yes","_elevM":10,"_bbox":[99.9680845,8.4034709,99.9681686,8.40356]},"geometry":{"type":"Polygon","coordinates":[[[99.96808,8.40355],[99.9681,8.40347],[99.96817,8.40348],[99.96816,8.40356],[99.96808,8.40355]]]}},{"type":"Feature","id":"way/766207565","properties":{"id":"way/766207565","building":"yes","_elevM":10,"_bbox":[99.968241,8.4036904,99.9684516,8.4038639]},"geometry":{"type":"Polygon","coordinates":[[[99.96824,8.40374],[99.96825,8.40369],[99.96845,8.40372],[99.96843,8.40386],[99.96832,8.40385],[99.96833,8.40375],[99.96824,8.40374]]]}},{"type":"Feature","id":"way/766207566","properties":{"id":"way/766207566","building":"yes","_elevM":10,"_bbox":[99.9679653,8.4037335,99.9680551,8.4038142]},"geometry":{"type":"Polygon","coordinates":[[[99.96797,8.40381],[99.96797,8.40373],[99.96806,8.40374],[99.96805,8.40381],[99.96797,8.40381]]]}},{"type":"Feature","id":"way/766207567","properties":{"id":"way/766207567","building":"yes","_elevM":10,"_bbox":[99.9676877,8.4033985,99.9678059,8.4034948]},"geometry":{"type":"Polygon","coordinates":[[[99.96771,8.4034],[99.96781,8.40343],[99.96778,8.40349],[99.96769,8.40346],[99.96771,8.4034]]]}},{"type":"Feature","id":"way/766207568","properties":{"id":"way/766207568","building":"yes","_elevM":10,"_bbox":[99.9668956,8.4029224,99.967821,8.4041271]},"geometry":{"type":"Polygon","coordinates":[[[99.9675,8.40292],[99.96782,8.40299],[99.96778,8.40314],[99.9677,8.40313],[99.96769,8.40323],[99.96756,8.40323],[99.96756,8.40328],[99.96769,8.40332],[99.96767,8.4034],[99.96748,8.40336],[99.96741,8.4035],[99.96763,8.40356],[99.96758,8.40365],[99.96746,8.40358],[99.96744,8.40365],[99.96731,8.40362],[99.96723,8.4036],[99.96723,8.40365],[99.96731,8.4037],[99.96723,8.40391],[99.96729,8.40392],[99.96734,8.40381],[99.96747,8.40384],[99.96746,8.40392],[99.96758,8.40393],[99.96757,8.40413],[99.96725,8.40409],[99.96726,8.40405],[99.96717,8.40403],[99.96718,8.40399],[99.9671,8.40398],[99.96703,8.40407],[99.9669,8.40402],[99.96741,8.40299],[99.96749,8.40301],[99.9675,8.40292]]]}},{"type":"Feature","id":"way/766207570","properties":{"id":"way/766207570","building":"yes","_elevM":10,"_bbox":[99.9668231,8.4027747,99.9673739,8.4033257]},"geometry":{"type":"Polygon","coordinates":[[[99.96682,8.40322],[99.96695,8.40277],[99.96725,8.40283],[99.96737,8.40289],[99.9672,8.4032],[99.96708,8.40317],[99.96709,8.40308],[99.96702,8.40308],[99.96698,8.40318],[99.96715,8.40324],[99.96713,8.40333],[99.96682,8.40322]]]}},{"type":"Feature","id":"way/766207572","properties":{"id":"way/766207572","building":"yes","_elevM":10,"_bbox":[99.9666833,8.4026903,99.9669086,8.4028628]},"geometry":{"type":"Polygon","coordinates":[[[99.96668,8.40279],[99.96672,8.40269],[99.96691,8.40277],[99.96687,8.40286],[99.96668,8.40279]]]}},{"type":"Feature","id":"way/766207573","properties":{"id":"way/766207573","building":"yes","_elevM":10,"_bbox":[99.9663104,8.4021103,99.9671966,8.402728]},"geometry":{"type":"Polygon","coordinates":[[[99.96631,8.40241],[99.96642,8.40211],[99.96658,8.40217],[99.96653,8.40231],[99.9672,8.40255],[99.96719,8.40273],[99.96631,8.40241]]]}},{"type":"Feature","id":"way/766207574","properties":{"id":"way/766207574","building":"yes","_elevM":10,"_bbox":[99.9668722,8.4017395,99.9672182,8.4023538]},"geometry":{"type":"Polygon","coordinates":[[[99.96692,8.40174],[99.96722,8.40183],[99.96718,8.40235],[99.96698,8.40231],[99.96703,8.40215],[99.96687,8.40208],[99.9669,8.40197],[99.96701,8.40198],[99.96705,8.40186],[99.96688,8.40181],[99.96692,8.40174]]]}},{"type":"Feature","id":"way/766207575","properties":{"id":"way/766207575","building":"yes","_elevM":10,"_bbox":[99.9668829,8.4015896,99.9672557,8.4017673]},"geometry":{"type":"Polygon","coordinates":[[[99.96688,8.4017],[99.96691,8.4016],[99.96718,8.40159],[99.96719,8.40164],[99.96726,8.40164],[99.96724,8.40177],[99.96688,8.4017]]]}},{"type":"Feature","id":"way/766207577","properties":{"id":"way/766207577","building":"yes","_elevM":10,"_bbox":[99.9665248,8.4017952,99.9668306,8.4021959]},"geometry":{"type":"Polygon","coordinates":[[[99.96652,8.40202],[99.96655,8.40195],[99.96664,8.40197],[99.96672,8.4018],[99.96683,8.40183],[99.96677,8.40196],[99.96683,8.402],[99.96679,8.40209],[99.96683,8.40211],[99.9668,8.4022],[99.96671,8.40217],[99.96674,8.40208],[99.96652,8.40202]]]}},{"type":"Feature","id":"way/766207578","properties":{"id":"way/766207578","building":"yes","_elevM":10,"_bbox":[99.9669008,8.4021513,99.9669899,8.4022754]},"geometry":{"type":"Polygon","coordinates":[[[99.9669,8.40226],[99.96693,8.40215],[99.96699,8.40217],[99.96696,8.40228],[99.9669,8.40226]]]}},{"type":"Feature","id":"way/766207579","properties":{"id":"way/766207579","building":"yes","_elevM":10,"_bbox":[99.9662716,8.4016212,99.966564,8.4018608]},"geometry":{"type":"Polygon","coordinates":[[[99.96627,8.40179],[99.96631,8.4017],[99.96636,8.40174],[99.96645,8.40162],[99.96656,8.40171],[99.96645,8.40186],[99.96627,8.40179]]]}},{"type":"Feature","id":"way/766207580","properties":{"id":"way/766207580","building":"yes","_elevM":10,"_bbox":[99.9661841,8.4018711,99.9663316,8.4020199]},"geometry":{"type":"Polygon","coordinates":[[[99.96619,8.40187],[99.96624,8.40187],[99.96624,8.40191],[99.96633,8.40191],[99.96633,8.40202],[99.96618,8.40202],[99.96619,8.40187]]]}},{"type":"Feature","id":"way/766207582","properties":{"id":"way/766207582","building":"yes","_elevM":10,"_bbox":[99.9660926,8.4006378,99.9663633,8.4008496]},"geometry":{"type":"Polygon","coordinates":[[[99.96616,8.40064],[99.96636,8.40068],[99.96633,8.40078],[99.96627,8.40077],[99.96625,8.40084],[99.96616,8.40083],[99.96614,8.40085],[99.96609,8.40083],[99.96616,8.40064]]]}},{"type":"Feature","id":"way/766207583","properties":{"id":"way/766207583","building":"yes","_elevM":10,"_bbox":[99.9660687,8.4008759,99.9661315,8.4009932]},"geometry":{"type":"Polygon","coordinates":[[[99.96607,8.40097],[99.96609,8.40088],[99.96613,8.40089],[99.96612,8.40099],[99.96607,8.40097]]]}},{"type":"Feature","id":"way/766207584","properties":{"id":"way/766207584","building":"yes","_elevM":10,"_bbox":[99.9663766,8.4010781,99.9664907,8.4011954]},"geometry":{"type":"Polygon","coordinates":[[[99.9664,8.40108],[99.96649,8.40111],[99.96645,8.4012],[99.96638,8.40116],[99.9664,8.40108]]]}},{"type":"Feature","id":"way/766207585","properties":{"id":"way/766207585","building":"yes","_elevM":10,"_bbox":[99.9666039,8.4008373,99.9666948,8.4009542]},"geometry":{"type":"Polygon","coordinates":[[[99.9666,8.40093],[99.96664,8.40084],[99.96669,8.40086],[99.96666,8.40095],[99.9666,8.40093]]]}},{"type":"Feature","id":"way/766207587","properties":{"id":"way/766207587","building":"yes","_elevM":10,"_bbox":[99.9693041,8.4016393,99.9697262,8.4018237]},"geometry":{"type":"Polygon","coordinates":[[[99.9693,8.4018],[99.96932,8.40169],[99.96941,8.40171],[99.96941,8.40176],[99.96951,8.40175],[99.96952,8.40169],[99.9696,8.4017],[99.96963,8.40164],[99.96973,8.40165],[99.96972,8.40176],[99.96967,8.4018],[99.96957,8.40179],[99.96956,8.40182],[99.9693,8.4018]]]}},{"type":"Feature","id":"way/766207588","properties":{"id":"way/766207588","building":"yes","_elevM":10,"_bbox":[99.969928,8.4016349,99.9702809,8.4017369]},"geometry":{"type":"Polygon","coordinates":[[[99.96993,8.4017],[99.96994,8.40163],[99.97028,8.40167],[99.97027,8.40174],[99.96993,8.4017]]]}},{"type":"Feature","id":"way/766207589","properties":{"id":"way/766207589","building":"yes","_elevM":10,"_bbox":[99.9690905,8.4018801,99.9701083,8.4027229]},"geometry":{"type":"Polygon","coordinates":[[[99.96932,8.40188],[99.96951,8.40189],[99.9695,8.40198],[99.96939,8.40199],[99.96939,8.40208],[99.96948,8.40209],[99.96947,8.40227],[99.9698,8.40234],[99.96977,8.40251],[99.97011,8.40257],[99.97006,8.40268],[99.96958,8.40262],[99.96961,8.40246],[99.96952,8.40243],[99.96952,8.40238],[99.96946,8.40238],[99.96938,8.40267],[99.96928,8.40266],[99.96927,8.40272],[99.96909,8.40268],[99.9691,8.40261],[99.9692,8.40261],[99.96922,8.40252],[99.96913,8.40251],[99.96917,8.40231],[99.96923,8.40232],[99.96924,8.40227],[99.96916,8.40226],[99.9692,8.402],[99.9693,8.40199],[99.96932,8.40188]]]}},{"type":"Feature","id":"way/766207591","properties":{"id":"way/766207591","building":"yes","_elevM":10,"_bbox":[99.9700335,8.4023693,99.9701851,8.4025169]},"geometry":{"type":"Polygon","coordinates":[[[99.97003,8.40248],[99.97007,8.40237],[99.97019,8.4024],[99.97015,8.40252],[99.97003,8.40248]]]}},{"type":"Feature","id":"way/766207592","properties":{"id":"way/766207592","building":"yes","_elevM":10,"_bbox":[99.9695025,8.4020938,99.9698559,8.402253]},"geometry":{"type":"Polygon","coordinates":[[[99.9695,8.40221],[99.96952,8.40209],[99.96959,8.4021],[99.96958,8.40216],[99.96967,8.40218],[99.96968,8.40211],[99.96986,8.40214],[99.96985,8.40219],[99.96976,8.40218],[99.96975,8.40225],[99.9695,8.40221]]]}},{"type":"Feature","id":"way/766207593","properties":{"id":"way/766207593","building":"yes","_elevM":10,"_bbox":[99.9700261,8.4021631,99.9702599,8.4023431]},"geometry":{"type":"Polygon","coordinates":[[[99.97003,8.40228],[99.97007,8.40216],[99.97026,8.4022],[99.97022,8.40234],[99.97003,8.40228]]]}},{"type":"Feature","id":"way/766207594","properties":{"id":"way/766207594","building":"yes","_elevM":10,"_bbox":[99.9699258,8.4020965,99.9700113,8.4021627]},"geometry":{"type":"Polygon","coordinates":[[[99.96993,8.40215],[99.96993,8.4021],[99.97001,8.4021],[99.97001,8.40216],[99.96993,8.40215]]]}},{"type":"Feature","id":"way/766207595","properties":{"id":"way/766207595","building":"yes","_elevM":10,"_bbox":[99.9698936,8.4021746,99.969967,8.4022695]},"geometry":{"type":"Polygon","coordinates":[[[99.96989,8.40225],[99.96993,8.40217],[99.96997,8.40219],[99.96993,8.40227],[99.96989,8.40225]]]}},{"type":"Feature","id":"way/766207596","properties":{"id":"way/766207596","building":"yes","_elevM":10,"_bbox":[99.9700769,8.401959,99.9703056,8.4021581]},"geometry":{"type":"Polygon","coordinates":[[[99.97008,8.40214],[99.97012,8.40196],[99.97031,8.40201],[99.97026,8.40216],[99.97008,8.40214]]]}},{"type":"Feature","id":"way/766207597","properties":{"id":"way/766207597","building":"yes","_elevM":10,"_bbox":[99.9702726,8.4016653,99.9709872,8.4024767]},"geometry":{"type":"Polygon","coordinates":[[[99.97051,8.40167],[99.97064,8.40171],[99.97062,8.40177],[99.97067,8.40181],[99.97065,8.40184],[99.97079,8.40189],[99.97073,8.40207],[99.97069,8.40206],[99.97068,8.4021],[99.97099,8.4022],[99.97095,8.40232],[99.97086,8.40229],[99.97081,8.40243],[99.97071,8.4024],[99.97075,8.40227],[99.97064,8.40223],[99.97055,8.40248],[99.97027,8.40239],[99.97036,8.40214],[99.97053,8.40219],[99.97056,8.4021],[99.97043,8.40206],[99.97046,8.40199],[99.9706,8.40204],[99.97064,8.40191],[99.9706,8.40189],[99.97061,8.40185],[99.97051,8.40182],[99.97054,8.40173],[99.9705,8.40172],[99.97051,8.40167]]]}},{"type":"Feature","id":"way/766207598","properties":{"id":"way/766207598","building":"yes","_elevM":10,"_bbox":[99.9702235,8.4024115,99.9705353,8.4026452]},"geometry":{"type":"Polygon","coordinates":[[[99.97022,8.40258],[99.97026,8.40241],[99.97051,8.40246],[99.9705,8.40251],[99.97054,8.40253],[99.97051,8.40265],[99.97022,8.40258]]]}},{"type":"Feature","id":"way/766207599","properties":{"id":"way/766207599","building":"yes","_elevM":10,"_bbox":[99.970603,8.4025253,99.9707744,8.4026985]},"geometry":{"type":"Polygon","coordinates":[[[99.9706,8.40267],[99.97063,8.40253],[99.97077,8.40255],[99.97075,8.4027],[99.9706,8.40267]]]}},{"type":"Feature","id":"way/766207601","properties":{"id":"way/766207601","building":"yes","_elevM":10,"_bbox":[99.9702634,8.4026926,99.9705703,8.4028726]},"geometry":{"type":"Polygon","coordinates":[[[99.97026,8.40282],[99.97031,8.40269],[99.97057,8.40276],[99.97053,8.40287],[99.97026,8.40282]]]}},{"type":"Feature","id":"way/766207602","properties":{"id":"way/766207602","building":"yes","_elevM":10,"_bbox":[99.9705886,8.4028364,99.9706791,8.4029208]},"geometry":{"type":"Polygon","coordinates":[[[99.97059,8.40291],[99.9706,8.40284],[99.97068,8.40285],[99.97067,8.40292],[99.97059,8.40291]]]}},{"type":"Feature","id":"way/766207612","properties":{"id":"way/766207612","building":"yes","_elevM":10,"_bbox":[99.9688801,8.4034068,99.9697382,8.404184]},"geometry":{"type":"Polygon","coordinates":[[[99.96888,8.40358],[99.96893,8.40341],[99.96905,8.40343],[99.96905,8.40355],[99.9693,8.4036],[99.96934,8.40349],[99.9694,8.40349],[99.9694,8.40353],[99.96956,8.40354],[99.96957,8.40349],[99.96963,8.40352],[99.96964,8.4036],[99.96974,8.40362],[99.96972,8.40378],[99.96962,8.40376],[99.96962,8.40368],[99.96951,8.4037],[99.9695,8.40396],[99.96969,8.40403],[99.96959,8.40418],[99.96943,8.40412],[99.96946,8.40401],[99.96935,8.40396],[99.96937,8.40388],[99.96941,8.40387],[99.96942,8.40374],[99.96933,8.40375],[99.96931,8.40384],[99.96914,8.4038],[99.96915,8.40374],[99.96911,8.40374],[99.96912,8.40369],[99.96893,8.40368],[99.96895,8.40359],[99.96888,8.40358]]]}},{"type":"Feature","id":"way/766207614","properties":{"id":"way/766207614","building":"yes","_elevM":10,"_bbox":[99.9693578,8.4028607,99.969571,8.4030132]},"geometry":{"type":"Polygon","coordinates":[[[99.96936,8.403],[99.96937,8.40288],[99.96945,8.40286],[99.96953,8.40287],[99.96957,8.4029],[99.96957,8.40301],[99.96936,8.403]]]}},{"type":"Feature","id":"way/766207615","properties":{"id":"way/766207615","building":"yes","_elevM":10,"_bbox":[99.9689582,8.4028129,99.9700753,8.4033569]},"geometry":{"type":"Polygon","coordinates":[[[99.96896,8.40327],[99.96902,8.40299],[99.96918,8.40302],[99.96916,8.40308],[99.96919,8.40308],[99.96921,8.40302],[99.96927,8.40303],[99.96923,8.40313],[99.96939,8.40315],[99.96942,8.40302],[99.9696,8.40302],[99.96965,8.40281],[99.97008,8.40294],[99.97006,8.40301],[99.96969,8.4029],[99.96966,8.40317],[99.9695,8.40318],[99.9695,8.40328],[99.96941,8.40329],[99.96941,8.40323],[99.96935,8.40326],[99.96932,8.40325],[99.96928,8.40334],[99.96919,8.4033],[99.96916,8.40336],[99.96907,8.40334],[99.96908,8.40329],[99.96896,8.40327]]]}},{"type":"Feature","id":"way/766207617","properties":{"id":"way/766207617","building":"yes","_elevM":10,"_bbox":[99.9696421,8.4030079,99.9700404,8.4034962]},"geometry":{"type":"Polygon","coordinates":[[[99.96964,8.40324],[99.96977,8.40305],[99.9698,8.40306],[99.96981,8.40301],[99.96993,8.40303],[99.96992,8.4031],[99.97004,8.40312],[99.97002,8.40337],[99.96999,8.40338],[99.96998,8.4035],[99.9698,8.40347],[99.9698,8.40334],[99.96989,8.40334],[99.9699,8.4033],[99.96978,8.40329],[99.96975,8.40345],[99.96966,8.40346],[99.96967,8.40328],[99.96964,8.40324]]]}},{"type":"Feature","id":"way/766207620","properties":{"id":"way/766207620","building":"yes","_elevM":10,"_bbox":[99.9688549,8.4037204,99.9692988,8.4039565]},"geometry":{"type":"Polygon","coordinates":[[[99.96885,8.4038],[99.96887,8.40372],[99.9693,8.40388],[99.96927,8.40396],[99.96885,8.4038]]]}},{"type":"Feature","id":"way/766207621","properties":{"id":"way/766207621","building":"yes","_elevM":10,"_bbox":[99.9686698,8.4038597,99.9691566,8.4044434]},"geometry":{"type":"Polygon","coordinates":[[[99.96867,8.40437],[99.9688,8.40386],[99.96916,8.40399],[99.96912,8.40415],[99.96903,8.40411],[99.96904,8.40403],[99.96898,8.40403],[99.96893,8.40421],[99.96904,8.40428],[99.96895,8.40444],[99.96867,8.40437]]]}},{"type":"Feature","id":"way/766207622","properties":{"id":"way/766207622","building":"yes","_elevM":10,"_bbox":[99.9689206,8.4041874,99.9695684,8.4047884]},"geometry":{"type":"Polygon","coordinates":[[[99.96915,8.40419],[99.96935,8.40424],[99.96938,8.40421],[99.96957,8.40427],[99.96955,8.40437],[99.96948,8.40435],[99.96943,8.40444],[99.96952,8.40445],[99.96948,8.40455],[99.96941,8.40453],[99.96936,8.40464],[99.96948,8.40466],[99.96945,8.40479],[99.9692,8.40477],[99.96921,8.40473],[99.96917,8.40473],[99.96915,8.40476],[99.96892,8.40472],[99.96897,8.40458],[99.96904,8.40459],[99.96907,8.40452],[99.96899,8.40449],[99.96903,8.40438],[99.96916,8.40437],[99.9692,8.4043],[99.96933,8.40432],[99.96934,8.40429],[99.96913,8.40423],[99.96915,8.40419]]]}},{"type":"Feature","id":"way/766207623","properties":{"id":"way/766207623","building":"yes","_elevM":10,"_bbox":[99.9685665,8.4044846,99.9687704,8.4046729]},"geometry":{"type":"Polygon","coordinates":[[[99.96857,8.40464],[99.96861,8.40448],[99.96877,8.40455],[99.96875,8.40467],[99.96857,8.40464]]]}},{"type":"Feature","id":"way/766207625","properties":{"id":"way/766207625","building":"yes","_elevM":10,"_bbox":[99.9688227,8.4044846,99.9689716,8.4047154]},"geometry":{"type":"Polygon","coordinates":[[[99.96882,8.40469],[99.96889,8.40448],[99.96897,8.40451],[99.9689,8.40472],[99.96882,8.40469]]]}},{"type":"Feature","id":"way/766207626","properties":{"id":"way/766207626","building":"yes","_elevM":10,"_bbox":[99.9682356,8.4047126,99.9688934,8.4058937]},"geometry":{"type":"Polygon","coordinates":[[[99.96858,8.40471],[99.96878,8.40477],[99.9687,8.40501],[99.96878,8.40503],[99.96872,8.40528],[99.96889,8.40535],[99.96878,8.40542],[99.96878,8.4055],[99.9687,8.40549],[99.96865,8.40565],[99.96857,8.40567],[99.96844,8.40589],[99.96824,8.40586],[99.9684,8.40526],[99.96864,8.40531],[99.96865,8.40525],[99.96841,8.40521],[99.96858,8.40471]]]}},{"type":"Feature","id":"way/766207627","properties":{"id":"way/766207627","building":"yes","_elevM":10,"_bbox":[99.9688976,8.4047876,99.9691709,8.405178]},"geometry":{"type":"Polygon","coordinates":[[[99.9689,8.4051],[99.96901,8.40479],[99.96917,8.40484],[99.96914,8.40493],[99.96906,8.40494],[99.96902,8.40505],[99.96915,8.40509],[99.96912,8.40518],[99.9689,8.4051]]]}},{"type":"Feature","id":"way/766207628","properties":{"id":"way/766207628","building":"yes","_elevM":10,"_bbox":[99.9688784,8.4051729,99.9690528,8.4053154]},"geometry":{"type":"Polygon","coordinates":[[[99.9689,8.40517],[99.96905,8.4052],[99.96903,8.40532],[99.96888,8.40529],[99.9689,8.40517]]]}},{"type":"Feature","id":"way/766207629","properties":{"id":"way/766207629","building":"yes","_elevM":10,"_bbox":[99.9687018,8.405558,99.9690523,8.405737]},"geometry":{"type":"Polygon","coordinates":[[[99.96872,8.40556],[99.96905,8.4056],[99.96904,8.40571],[99.96888,8.40569],[99.96887,8.40572],[99.96883,8.40571],[99.9688,8.40573],[99.96879,8.4057],[99.9687,8.40569],[99.96872,8.40556]]]}},{"type":"Feature","id":"way/766207630","properties":{"id":"way/766207630","building":"yes","_elevM":10,"_bbox":[99.9667675,8.4040891,99.9684701,8.4045513]},"geometry":{"type":"Polygon","coordinates":[[[99.96677,8.40449],[99.96686,8.40409],[99.96722,8.40417],[99.96743,8.40421],[99.96745,8.40418],[99.96782,8.40424],[99.96783,8.40422],[99.96847,8.40436],[99.96845,8.40443],[99.96833,8.4044],[99.96829,8.40446],[99.96803,8.4044],[99.96799,8.40435],[99.96791,8.40433],[99.96786,8.40442],[99.96777,8.40438],[99.96773,8.40455],[99.96746,8.40453],[99.96745,8.40455],[99.96738,8.40453],[99.96739,8.40449],[99.96724,8.40446],[99.96724,8.4044],[99.96707,8.40439],[99.96708,8.40431],[99.96688,8.40428],[99.96684,8.40449],[99.96677,8.40449]]]}},{"type":"Feature","id":"way/766207632","properties":{"id":"way/766207632","building":"yes","mnType":"temple","_elevM":28,"_bbox":[99.9676296,8.4046227,99.9679544,8.4048618]},"geometry":{"type":"Polygon","coordinates":[[[99.96763,8.40479],[99.96767,8.40462],[99.96795,8.4047],[99.96791,8.40486],[99.96763,8.40479]]]}},{"type":"Feature","id":"way/766207633","properties":{"id":"way/766207633","building":"yes","_elevM":10,"_bbox":[99.9680241,8.4047543,99.9682418,8.4049049]},"geometry":{"type":"Polygon","coordinates":[[[99.96802,8.40485],[99.96805,8.40475],[99.96824,8.40481],[99.96822,8.4049],[99.96802,8.40485]]]}},{"type":"Feature","id":"way/766207634","properties":{"id":"way/766207634","building":"yes","mnType":"temple","_elevM":28,"_bbox":[99.9672064,8.4045362,99.9675316,8.4048667]},"geometry":{"type":"Polygon","coordinates":[[[99.96721,8.40482],[99.96725,8.40454],[99.96752,8.40458],[99.96751,8.40466],[99.96736,8.40464],[99.96734,8.40471],[99.96753,8.40474],[99.96751,8.40487],[99.96721,8.40482]]]}},{"type":"Feature","id":"way/766207635","properties":{"id":"way/766207635","building":"yes","mnType":"temple","_elevM":28,"_bbox":[99.9675668,8.4050357,99.9678368,8.405248]},"geometry":{"type":"Polygon","coordinates":[[[99.96757,8.40519],[99.96761,8.40504],[99.96784,8.40509],[99.9678,8.40525],[99.96757,8.40519]]]}},{"type":"Feature","id":"way/766207636","properties":{"id":"way/766207636","building":"yes","mnType":"temple","_elevM":28,"_bbox":[99.9670973,8.4049045,99.9672588,8.4050647]},"geometry":{"type":"Polygon","coordinates":[[[99.9671,8.40504],[99.96712,8.4049],[99.96726,8.40493],[99.96724,8.40506],[99.9671,8.40504]]]}},{"type":"Feature","id":"way/766207637","properties":{"id":"way/766207637","building":"yes","mnType":"temple","_elevM":28,"_bbox":[99.9672889,8.4051495,99.9673787,8.4052811]},"geometry":{"type":"Polygon","coordinates":[[[99.96729,8.40527],[99.96731,8.40515],[99.96738,8.40516],[99.96735,8.40528],[99.96729,8.40527]]]}},{"type":"Feature","id":"way/766207639","properties":{"id":"way/766207639","building":"yes","_elevM":10,"_bbox":[99.9665548,8.4056266,99.9668854,8.4059209]},"geometry":{"type":"Polygon","coordinates":[[[99.96655,8.40585],[99.96662,8.40563],[99.96689,8.4057],[99.96683,8.40592],[99.96655,8.40585]]]}},{"type":"Feature","id":"way/766207640","properties":{"id":"way/766207640","building":"yes","_elevM":10,"_bbox":[99.9670668,8.4054686,99.9673428,8.4057504]},"geometry":{"type":"Polygon","coordinates":[[[99.96707,8.4057],[99.96713,8.40547],[99.96734,8.40547],[99.9673,8.40562],[99.96725,8.40575],[99.96707,8.4057]]]}},{"type":"Feature","id":"way/766207641","properties":{"id":"way/766207641","building":"yes","_elevM":10,"_bbox":[99.9670579,8.4058432,99.9672101,8.4060463]},"geometry":{"type":"Polygon","coordinates":[[[99.96706,8.40601],[99.96709,8.40584],[99.96721,8.40586],[99.96718,8.40605],[99.96706,8.40601]]]}},{"type":"Feature","id":"way/766207642","properties":{"id":"way/766207642","building":"yes","_elevM":10,"_bbox":[99.9673417,8.4053296,99.9681368,8.4060302]},"geometry":{"type":"Polygon","coordinates":[[[99.96766,8.40533],[99.9678,8.4054],[99.96777,8.40552],[99.96783,8.40553],[99.9679,8.40539],[99.96805,8.40548],[99.96804,8.40561],[99.96814,8.40563],[99.96803,8.40603],[99.96796,8.40601],[99.96799,8.4059],[99.96792,8.40589],[99.96793,8.40599],[99.96784,8.40597],[99.96783,8.40603],[99.96769,8.40602],[99.96766,8.40592],[99.96763,8.40589],[99.96739,8.40588],[99.96739,8.40578],[99.96734,8.4057],[99.96746,8.40541],[99.96762,8.40542],[99.96766,8.40533]]]}},{"type":"Feature","id":"way/766207643","properties":{"id":"way/766207643","building":"yes","_elevM":10,"_bbox":[99.9672506,8.4058916,99.9676067,8.4060464]},"geometry":{"type":"Polygon","coordinates":[[[99.96725,8.40603],[99.96726,8.40589],[99.9676,8.40593],[99.96761,8.40603],[99.96738,8.40605],[99.96739,8.40596],[99.96733,8.40596],[99.96731,8.40604],[99.96725,8.40603]]]}},{"type":"Feature","id":"way/766207645","properties":{"id":"way/766207645","building":"yes","_elevM":10,"_bbox":[99.9675276,8.4060991,99.9679974,8.4063506]},"geometry":{"type":"Polygon","coordinates":[[[99.96753,8.40625],[99.96754,8.40612],[99.968,8.4061],[99.96794,8.40635],[99.96782,8.40634],[99.96783,8.40629],[99.96753,8.40625]]]}},{"type":"Feature","id":"way/766207646","properties":{"id":"way/766207646","building":"yes","_elevM":10,"_bbox":[99.9676554,8.4063612,99.9679297,8.4067102]},"geometry":{"type":"Polygon","coordinates":[[[99.96766,8.40657],[99.96769,8.40646],[99.96776,8.40648],[99.96777,8.40645],[99.9677,8.40641],[99.96773,8.40636],[99.96793,8.40639],[99.96785,8.40671],[99.96776,8.40669],[99.96776,8.40659],[99.96766,8.40657]]]}},{"type":"Feature","id":"way/766207647","properties":{"id":"way/766207647","building":"yes","_elevM":10,"_bbox":[99.967278,8.4061265,99.9674952,8.4065502]},"geometry":{"type":"Polygon","coordinates":[[[99.96729,8.40652],[99.96739,8.40637],[99.9674,8.40629],[99.96735,8.40629],[99.96737,8.40622],[99.96728,8.40622],[99.96728,8.40613],[99.9675,8.40613],[99.96744,8.40637],[99.96734,8.40655],[99.96729,8.40652]]]}},{"type":"Feature","id":"way/766207648","properties":{"id":"way/766207648","building":"yes","_elevM":10,"_bbox":[99.9674875,8.406631,99.9677078,8.4068809]},"geometry":{"type":"Polygon","coordinates":[[[99.96749,8.40675],[99.96753,8.40663],[99.96765,8.40669],[99.96762,8.40674],[99.96771,8.40676],[99.96769,8.40688],[99.96764,8.40687],[99.96764,8.40683],[99.96762,8.40683],[99.96761,8.40678],[99.96749,8.40675]]]}},{"type":"Feature","id":"way/766207649","properties":{"id":"way/766207649","building":"yes","_elevM":10,"_bbox":[99.9670079,8.4063076,99.9671515,8.406571]},"geometry":{"type":"Polygon","coordinates":[[[99.96701,8.40656],[99.96705,8.40631],[99.96715,8.40632],[99.96711,8.40657],[99.96701,8.40656]]]}},{"type":"Feature","id":"way/766207650","properties":{"id":"way/766207650","building":"yes","_elevM":10,"_bbox":[99.9665386,8.4060183,99.9669499,8.4064313]},"geometry":{"type":"Polygon","coordinates":[[[99.96673,8.40602],[99.96695,8.40608],[99.96687,8.40634],[99.96676,8.40632],[99.96673,8.40643],[99.96666,8.4064],[99.96667,8.40636],[99.96663,8.40635],[99.96667,8.40623],[99.96663,8.40622],[99.9666,8.40627],[99.96654,8.40626],[99.96658,8.40611],[99.96667,8.40613],[99.96673,8.40602]]]}},{"type":"Feature","id":"way/766207651","properties":{"id":"way/766207651","building":"yes","_elevM":10,"_bbox":[99.9663411,8.405975,99.9665375,8.4062529]},"geometry":{"type":"Polygon","coordinates":[[[99.96634,8.40622],[99.9664,8.40605],[99.96648,8.40608],[99.96643,8.40605],[99.96646,8.40597],[99.96654,8.406],[99.96645,8.40625],[99.96634,8.40622]]]}},{"type":"Feature","id":"way/766207652","properties":{"id":"way/766207652","building":"yes","_elevM":10,"_bbox":[99.9662272,8.4064849,99.9663594,8.4065654]},"geometry":{"type":"Polygon","coordinates":[[[99.96623,8.40655],[99.96624,8.40648],[99.96636,8.4065],[99.96635,8.40657],[99.96623,8.40655]]]}},{"type":"Feature","id":"way/766207653","properties":{"id":"way/766207653","building":"yes","_elevM":10,"_bbox":[99.966409,8.4065783,99.9666861,8.4068404]},"geometry":{"type":"Polygon","coordinates":[[[99.96646,8.4068],[99.96649,8.40668],[99.96641,8.40667],[99.96643,8.40658],[99.96669,8.40663],[99.96664,8.40684],[99.96646,8.4068]]]}},{"type":"Feature","id":"way/766207654","properties":{"id":"way/766207654","building":"yes","_elevM":10,"_bbox":[99.9671336,8.4067098,99.967345,8.4068724]},"geometry":{"type":"Polygon","coordinates":[[[99.96713,8.40682],[99.9672,8.40671],[99.96734,8.40679],[99.96731,8.40685],[99.96725,8.40682],[99.96722,8.40687],[99.96713,8.40682]]]}},{"type":"Feature","id":"way/766207655","properties":{"id":"way/766207655","building":"yes","_elevM":10,"_bbox":[99.9670517,8.406943,99.9677326,8.4074696]},"geometry":{"type":"Polygon","coordinates":[[[99.96705,8.40722],[99.96711,8.40703],[99.96723,8.40706],[99.96726,8.40694],[99.9674,8.40699],[99.96737,8.40712],[99.96749,8.40715],[99.96756,8.40694],[99.96773,8.407],[99.96759,8.40747],[99.96748,8.40744],[99.96748,8.40735],[99.96705,8.40722]]]}},{"type":"Feature","id":"way/766207658","properties":{"id":"way/766207658","building":"yes","_elevM":10,"_bbox":[99.9661026,8.4068057,99.9666556,8.4078404]},"geometry":{"type":"Polygon","coordinates":[[[99.9661,8.40696],[99.96614,8.40681],[99.96666,8.40691],[99.96664,8.40699],[99.96654,8.40699],[99.96649,8.4072],[99.96654,8.40724],[99.96655,8.40784],[99.96647,8.40783],[99.96648,8.40776],[99.96634,8.40773],[99.96641,8.40733],[99.96643,8.40728],[99.96626,8.40728],[99.9663,8.40699],[99.9661,8.40696]]]}},{"type":"Feature","id":"way/766207659","properties":{"id":"way/766207659","building":"yes","_elevM":10,"_bbox":[99.9659723,8.4073007,99.9663128,8.4077213]},"geometry":{"type":"Polygon","coordinates":[[[99.96597,8.40771],[99.96607,8.4073],[99.96631,8.40736],[99.96627,8.40761],[99.96613,8.40759],[99.96609,8.40772],[99.96597,8.40771]]]}},{"type":"Feature","id":"way/766207660","properties":{"id":"way/766207660","building":"yes","_elevM":10,"_bbox":[99.9669977,8.4074086,99.9671538,8.4075404]},"geometry":{"type":"Polygon","coordinates":[[[99.967,8.40751],[99.96702,8.40741],[99.96715,8.40743],[99.96713,8.40754],[99.967,8.40751]]]}},{"type":"Feature","id":"way/766207661","properties":{"id":"way/766207661","building":"yes","_elevM":10,"_bbox":[99.9666171,8.407536,99.9667565,8.4077215]},"geometry":{"type":"Polygon","coordinates":[[[99.96676,8.40755],[99.96673,8.40772],[99.96662,8.4077],[99.96665,8.40754],[99.96676,8.40755]]]}},{"type":"Feature","id":"way/766207662","properties":{"id":"way/766207662","building":"yes","_elevM":10,"_bbox":[99.9667241,8.407508,99.9675668,8.4079652]},"geometry":{"type":"Polygon","coordinates":[[[99.96672,8.40787],[99.96679,8.40763],[99.96723,8.40769],[99.96725,8.40758],[99.96742,8.40764],[99.96748,8.40751],[99.96757,8.40756],[99.96742,8.40797],[99.96672,8.40787]]]}},{"type":"Feature","id":"way/766207663","properties":{"id":"way/766207663","building":"yes","_elevM":10,"_bbox":[99.9660631,8.4079306,99.9665274,8.4086628]},"geometry":{"type":"Polygon","coordinates":[[[99.96617,8.40793],[99.96645,8.40798],[99.96642,8.40816],[99.96628,8.40814],[99.9663,8.40821],[99.96638,8.40822],[99.96636,8.40833],[99.9664,8.40834],[99.96642,8.4082],[99.96653,8.40822],[99.96651,8.40836],[99.96642,8.40835],[99.96639,8.40842],[99.96638,8.40852],[99.96651,8.40854],[99.96649,8.40866],[99.96606,8.40859],[99.96609,8.40846],[99.96624,8.40848],[99.96627,8.40832],[99.96611,8.4083],[99.96617,8.40793]]]}},{"type":"Feature","id":"way/766207664","properties":{"id":"way/766207664","building":"yes","_elevM":10,"_bbox":[99.9667153,8.4080325,99.9668149,8.4082618]},"geometry":{"type":"Polygon","coordinates":[[[99.96672,8.40825],[99.96674,8.40803],[99.96681,8.40804],[99.96679,8.40826],[99.96672,8.40825]]]}},{"type":"Feature","id":"way/766207665","properties":{"id":"way/766207665","building":"yes","_elevM":10,"_bbox":[99.9665944,8.4080023,99.9667062,8.4081099]},"geometry":{"type":"Polygon","coordinates":[[[99.96659,8.4081],[99.96661,8.408],[99.96671,8.40802],[99.96669,8.40811],[99.96659,8.4081]]]}},{"type":"Feature","id":"way/766207666","properties":{"id":"way/766207666","building":"yes","_elevM":10,"_bbox":[99.9668485,8.4080416,99.9671127,8.4081682]},"geometry":{"type":"Polygon","coordinates":[[[99.96685,8.40814],[99.96685,8.40804],[99.96711,8.40806],[99.9671,8.40817],[99.96685,8.40814]]]}},{"type":"Feature","id":"way/766207667","properties":{"id":"way/766207667","building":"yes","_elevM":10,"_bbox":[99.9667677,8.4082869,99.9670143,8.4084408]},"geometry":{"type":"Polygon","coordinates":[[[99.96679,8.40829],[99.96701,8.40833],[99.96699,8.40844],[99.96677,8.4084],[99.96679,8.40829]]]}},{"type":"Feature","id":"way/766207668","properties":{"id":"way/766207668","building":"yes","_elevM":10,"_bbox":[99.9665726,8.4082603,99.9667466,8.4083788]},"geometry":{"type":"Polygon","coordinates":[[[99.96657,8.40835],[99.96659,8.40826],[99.96675,8.40829],[99.96673,8.40838],[99.96657,8.40835]]]}},{"type":"Feature","id":"way/766207669","properties":{"id":"way/766207669","building":"yes","_elevM":10,"_bbox":[99.9669522,8.4081793,99.9670822,8.4082487]},"geometry":{"type":"Polygon","coordinates":[[[99.96695,8.40824],[99.96696,8.40818],[99.96708,8.40819],[99.96707,8.40825],[99.96695,8.40824]]]}},{"type":"Feature","id":"way/766207670","properties":{"id":"way/766207670","building":"yes","_elevM":10,"_bbox":[99.9670965,8.408115,99.9673739,8.4085463]},"geometry":{"type":"Polygon","coordinates":[[[99.96723,8.40812],[99.96737,8.40813],[99.96731,8.40855],[99.9671,8.40851],[99.9671,8.40845],[99.96713,8.40845],[99.96713,8.40841],[99.96725,8.40842],[99.96728,8.40827],[99.96718,8.40827],[99.96718,8.40818],[99.96722,8.40819],[99.96723,8.40812]]]}},{"type":"Feature","id":"way/766207671","properties":{"id":"way/766207671","building":"yes","_elevM":10,"_bbox":[99.9666885,8.4085005,99.9667799,8.4086352]},"geometry":{"type":"Polygon","coordinates":[[[99.96669,8.40862],[99.96671,8.4085],[99.96678,8.40851],[99.96676,8.40864],[99.96669,8.40862]]]}},{"type":"Feature","id":"way/766207673","properties":{"id":"way/766207673","building":"yes","_elevM":10,"_bbox":[99.9668007,8.4084647,99.9669173,8.4086841]},"geometry":{"type":"Polygon","coordinates":[[[99.9668,8.40867],[99.96685,8.40846],[99.96692,8.40848],[99.96687,8.40868],[99.9668,8.40867]]]}},{"type":"Feature","id":"way/766207674","properties":{"id":"way/766207674","building":"yes","_elevM":10,"_bbox":[99.967073,8.4085392,99.967304,8.4087873]},"geometry":{"type":"Polygon","coordinates":[[[99.96707,8.40874],[99.96713,8.40854],[99.9673,8.40859],[99.96725,8.40879],[99.96707,8.40874]]]}},{"type":"Feature","id":"way/766207675","properties":{"id":"way/766207675","building":"yes","_elevM":10,"_bbox":[99.9669228,8.4085177,99.9670588,8.4086452]},"geometry":{"type":"Polygon","coordinates":[[[99.96692,8.40862],[99.96695,8.40852],[99.96706,8.40854],[99.96704,8.40865],[99.96692,8.40862]]]}},{"type":"Feature","id":"way/766207676","properties":{"id":"way/766207676","building":"yes","_elevM":10,"_bbox":[99.9665487,8.4087532,99.9672465,8.4097087]},"geometry":{"type":"Polygon","coordinates":[[[99.96675,8.40875],[99.96685,8.40878],[99.96686,8.40887],[99.96705,8.4089],[99.96706,8.40882],[99.96725,8.40885],[99.96719,8.40915],[99.96704,8.40912],[99.96703,8.40925],[99.96718,8.40928],[99.96715,8.40938],[99.967,8.40936],[99.967,8.40941],[99.96714,8.40942],[99.96712,8.40971],[99.9669,8.40968],[99.96691,8.40947],[99.9668,8.40945],[99.96676,8.40962],[99.96655,8.40959],[99.96665,8.4091],[99.96676,8.40912],[99.9668,8.40895],[99.96672,8.40891],[99.96675,8.40875]]]}},{"type":"Feature","id":"way/766207677","properties":{"id":"way/766207677","building":"yes","_elevM":10,"_bbox":[99.9660071,8.4091242,99.9661958,8.4093397]},"geometry":{"type":"Polygon","coordinates":[[[99.96601,8.40932],[99.96604,8.40912],[99.9662,8.40915],[99.96617,8.40934],[99.96601,8.40932]]]}},{"type":"Feature","id":"way/766207678","properties":{"id":"way/766207678","building":"yes","_elevM":10,"_bbox":[99.9662543,8.4091589,99.9663677,8.4093372]},"geometry":{"type":"Polygon","coordinates":[[[99.96625,8.40933],[99.96627,8.40916],[99.96637,8.40917],[99.96635,8.40934],[99.96625,8.40933]]]}},{"type":"Feature","id":"way/766207679","properties":{"id":"way/766207679","building":"yes","_elevM":10,"_bbox":[99.9663267,8.408687,99.9666079,8.4088381]},"geometry":{"type":"Polygon","coordinates":[[[99.96633,8.40879],[99.96635,8.40869],[99.96661,8.40874],[99.96659,8.40884],[99.96633,8.40879]]]}},{"type":"Feature","id":"way/766207680","properties":{"id":"way/766207680","building":"yes","_elevM":10,"_bbox":[99.9661123,8.408799,99.9662021,8.4088982]},"geometry":{"type":"Polygon","coordinates":[[[99.96612,8.4089],[99.96611,8.4088],[99.9662,8.4088],[99.9662,8.40889],[99.96612,8.4089]]]}},{"type":"Feature","id":"way/766207681","properties":{"id":"way/766207681","building":"yes","_elevM":10,"_bbox":[99.9658934,8.4098967,99.9661053,8.4101169]},"geometry":{"type":"Polygon","coordinates":[[[99.96589,8.41009],[99.96593,8.4099],[99.96607,8.40992],[99.96606,8.40999],[99.96611,8.41],[99.96609,8.41007],[99.96604,8.41006],[99.96603,8.41012],[99.96589,8.41009]]]}},{"type":"Feature","id":"way/766207682","properties":{"id":"way/766207682","building":"yes","_elevM":10,"_bbox":[99.9663835,8.4097217,99.9667362,8.4099781]},"geometry":{"type":"Polygon","coordinates":[[[99.96638,8.40994],[99.9664,8.40983],[99.96644,8.40984],[99.96645,8.40972],[99.96674,8.40975],[99.96671,8.40998],[99.96638,8.40994]]]}},{"type":"Feature","id":"way/766207683","properties":{"id":"way/766207683","building":"yes","_elevM":10,"_bbox":[99.966738,8.409798,99.9670739,8.4101926]},"geometry":{"type":"Polygon","coordinates":[[[99.96674,8.41015],[99.96679,8.4098],[99.96707,8.40984],[99.96702,8.41019],[99.96674,8.41015]]]}},{"type":"Feature","id":"way/766207684","properties":{"id":"way/766207684","building":"yes","_elevM":10,"_bbox":[99.96598,8.410376,99.9665471,8.4106173]},"geometry":{"type":"Polygon","coordinates":[[[99.96598,8.41054],[99.966,8.41038],[99.96655,8.41044],[99.96652,8.41062],[99.96598,8.41054]]]}},{"type":"Feature","id":"way/766207685","properties":{"id":"way/766207685","building":"pagoda","levels":1,"mnType":"temple","_elevM":10,"_bbox":[99.965973,8.410803,99.9663882,8.4116634]},"geometry":{"type":"Polygon","coordinates":[[[99.96598,8.41116],[99.96603,8.4108],[99.96639,8.41085],[99.96634,8.4112],[99.96623,8.41119],[99.9662,8.41142],[99.96625,8.41143],[99.96622,8.41166],[99.96597,8.41163],[99.96601,8.41138],[99.96609,8.41139],[99.96612,8.41118],[99.96598,8.41116]]]}},{"type":"Feature","id":"way/766207686","properties":{"id":"way/766207686","building":"yes","mnType":"temple","_elevM":28,"_bbox":[99.9663713,8.4113501,99.9664581,8.4114433]},"geometry":{"type":"Polygon","coordinates":[[[99.96637,8.41143],[99.96638,8.41135],[99.96646,8.41136],[99.96645,8.41144],[99.96637,8.41143]]]}},{"type":"Feature","id":"way/766207687","properties":{"id":"way/766207687","building":"yes","_elevM":10,"_bbox":[99.9662776,8.4116026,99.9663941,8.4116848]},"geometry":{"type":"Polygon","coordinates":[[[99.96628,8.41167],[99.96629,8.4116],[99.96639,8.41162],[99.96638,8.41168],[99.96628,8.41167]]]}},{"type":"Feature","id":"way/766207688","properties":{"id":"way/766207688","building":"yes","_elevM":10,"_bbox":[99.9658475,8.4105555,99.9666261,8.4107247]},"geometry":{"type":"Polygon","coordinates":[[[99.9659,8.41063],[99.96585,8.41062],[99.96586,8.41056],[99.96663,8.41066],[99.96662,8.41072],[99.9659,8.41063]]]}},{"type":"Feature","id":"way/766207689","properties":{"id":"way/766207689","building":"yes","_elevM":10,"_bbox":[99.9656706,8.4106202,99.965903,8.4119649]},"geometry":{"type":"Polygon","coordinates":[[[99.9659,8.41063],[99.96573,8.41196],[99.96567,8.41196],[99.96585,8.41062],[99.9659,8.41063]]]}},{"type":"Feature","id":"way/766207690","properties":{"id":"way/766207690","building":"yes","mnType":"temple","_elevM":28,"_bbox":[99.9661154,8.4107164,99.9668014,8.4118267]},"geometry":{"type":"Polygon","coordinates":[[[99.96662,8.41072],[99.96659,8.41097],[99.9668,8.411],[99.96679,8.4111],[99.96657,8.41107],[99.96648,8.41183],[99.96612,8.41178],[99.96612,8.41173],[99.96643,8.41177],[99.96656,8.41072],[99.96662,8.41072]]]}},{"type":"Feature","id":"way/766207691","properties":{"id":"way/766207691","building":"yes","_elevM":10,"_bbox":[99.9657573,8.4116728,99.9661246,8.4117846]},"geometry":{"type":"Polygon","coordinates":[[[99.96576,8.41173],[99.96576,8.41167],[99.96612,8.41173],[99.96612,8.41178],[99.96576,8.41173]]]}},{"type":"Feature","id":"way/766207692","properties":{"id":"way/766207692","building":"yes","_elevM":10,"_bbox":[99.9657269,8.411779,99.9661154,8.4120071]},"geometry":{"type":"Polygon","coordinates":[[[99.96573,8.41191],[99.96605,8.41195],[99.96607,8.41178],[99.96612,8.41178],[99.96609,8.41201],[99.96573,8.41196],[99.96573,8.41191]]]}},{"type":"Feature","id":"way/766207693","properties":{"id":"way/766207693","building":"yes","_elevM":10,"_bbox":[99.9657657,8.4117697,99.9658322,8.411921]},"geometry":{"type":"Polygon","coordinates":[[[99.96577,8.41192],[99.96579,8.41177],[99.96583,8.41178],[99.96581,8.41192],[99.96577,8.41192]]]}},{"type":"Feature","id":"way/766207694","properties":{"id":"way/766207694","building":"yes","_elevM":10,"_bbox":[99.9658685,8.4117811,99.965996,8.4119402]},"geometry":{"type":"Polygon","coordinates":[[[99.96587,8.41193],[99.96589,8.41178],[99.966,8.4118],[99.96598,8.41194],[99.96587,8.41193]]]}},{"type":"Feature","id":"way/766207695","properties":{"id":"way/766207695","building":"yes","mnType":"temple","_elevM":28,"_bbox":[99.9668455,8.4112322,99.966889,8.4112734]},"geometry":{"type":"Polygon","coordinates":[[[99.96685,8.41127],[99.96685,8.41123],[99.96689,8.41124],[99.96689,8.41127],[99.96685,8.41127]]]}},{"type":"Feature","id":"way/766207697","properties":{"id":"way/766207697","building":"yes","_elevM":10,"_bbox":[99.9656728,8.412081,99.9659788,8.4122678]},"geometry":{"type":"Polygon","coordinates":[[[99.96578,8.41214],[99.96579,8.41208],[99.96588,8.4121],[99.96588,8.41215],[99.96598,8.41217],[99.96596,8.41227],[99.96567,8.41222],[99.96569,8.41212],[99.96578,8.41214]]]}},{"type":"Feature","id":"way/766207698","properties":{"id":"way/766207698","building":"yes","_elevM":10,"_bbox":[99.9662245,8.412141,99.9662978,8.4121989]},"geometry":{"type":"Polygon","coordinates":[[[99.96622,8.4122],[99.96623,8.41214],[99.9663,8.41214],[99.9663,8.4122],[99.96622,8.4122]]]}},{"type":"Feature","id":"way/766207699","properties":{"id":"way/766207699","building":"yes","_elevM":10,"_bbox":[99.9663333,8.4121573,99.9663954,8.4122045]},"geometry":{"type":"Polygon","coordinates":[[[99.96633,8.4122],[99.96634,8.41216],[99.9664,8.41216],[99.96639,8.4122],[99.96633,8.4122]]]}},{"type":"Feature","id":"way/766207700","properties":{"id":"way/766207700","building":"yes","_elevM":10,"_bbox":[99.9665606,8.4122527,99.966688,8.4123402]},"geometry":{"type":"Polygon","coordinates":[[[99.96656,8.41232],[99.96657,8.41225],[99.96669,8.41227],[99.96668,8.41234],[99.96656,8.41232]]]}},{"type":"Feature","id":"way/766207701","properties":{"id":"way/766207701","building":"yes","_elevM":10,"_bbox":[99.9660008,8.4123523,99.966232,8.4126045]},"geometry":{"type":"Polygon","coordinates":[[[99.966,8.41243],[99.96601,8.41235],[99.96623,8.41237],[99.96621,8.4126],[99.96615,8.4126],[99.96616,8.41251],[99.96607,8.4125],[99.96607,8.41255],[99.96602,8.41255],[99.96603,8.41243],[99.966,8.41243]]]}},{"type":"Feature","id":"way/766207702","properties":{"id":"way/766207702","building":"yes","_elevM":10,"_bbox":[99.9657459,8.4123325,99.9659839,8.412443]},"geometry":{"type":"Polygon","coordinates":[[[99.96575,8.41241],[99.96576,8.41233],[99.96598,8.41237],[99.96597,8.41244],[99.96575,8.41241]]]}},{"type":"Feature","id":"way/766207703","properties":{"id":"way/766207703","building":"yes","_elevM":10,"_bbox":[99.9655376,8.4123313,99.965653,8.4125773]},"geometry":{"type":"Polygon","coordinates":[[[99.96554,8.41257],[99.96557,8.41233],[99.96565,8.41234],[99.96562,8.41258],[99.96554,8.41257]]]}},{"type":"Feature","id":"way/766207704","properties":{"id":"way/766207704","building":"yes","_elevM":10,"_bbox":[99.9656442,8.4124156,99.9657597,8.4126486]},"geometry":{"type":"Polygon","coordinates":[[[99.96564,8.41264],[99.96568,8.41242],[99.96576,8.41243],[99.96572,8.41265],[99.96564,8.41264]]]}},{"type":"Feature","id":"way/766207705","properties":{"id":"way/766207705","building":"yes","_elevM":10,"_bbox":[99.9657876,8.4125205,99.965973,8.4126737]},"geometry":{"type":"Polygon","coordinates":[[[99.96579,8.41265],[99.96581,8.41252],[99.96595,8.41254],[99.96594,8.41258],[99.96597,8.41258],[99.96596,8.41267],[99.96579,8.41265]]]}},{"type":"Feature","id":"way/766207706","properties":{"id":"way/766207706","building":"yes","_elevM":10,"_bbox":[99.96541,8.4126394,99.9660374,8.4132728]},"geometry":{"type":"Polygon","coordinates":[[[99.96546,8.41292],[99.96551,8.41293],[99.96553,8.41276],[99.9655,8.41276],[99.96551,8.41264],[99.96574,8.41267],[99.9657,8.41293],[99.96577,8.41294],[99.96577,8.413],[99.96584,8.41301],[99.96586,8.41287],[99.96589,8.41285],[99.96591,8.41268],[99.966,8.41269],[99.96601,8.41273],[99.96604,8.41273],[99.96603,8.41284],[99.96598,8.41285],[99.96595,8.41302],[99.96598,8.41304],[99.96594,8.41325],[99.96564,8.41321],[99.96564,8.41327],[99.96541,8.41324],[99.96546,8.41292]]]}},{"type":"Feature","id":"way/766207707","properties":{"id":"way/766207707","building":"yes","_elevM":10,"_bbox":[99.9660007,8.4130638,99.9664197,8.4133295]},"geometry":{"type":"Polygon","coordinates":[[[99.966,8.41325],[99.96603,8.41312],[99.96616,8.41315],[99.96618,8.41306],[99.9663,8.41309],[99.96628,8.41316],[99.96642,8.41319],[99.96639,8.41333],[99.966,8.41325]]]}},{"type":"Feature","id":"way/766207708","properties":{"id":"way/766207708","building":"yes","_elevM":10,"_bbox":[99.9659413,8.4133196,99.966428,8.4135681]},"geometry":{"type":"Polygon","coordinates":[[[99.96594,8.41346],[99.96598,8.41332],[99.96643,8.41343],[99.96639,8.41357],[99.96594,8.41346]]]}},{"type":"Feature","id":"way/766207709","properties":{"id":"way/766207709","building":"yes","_elevM":10,"_bbox":[99.965376,8.4132974,99.9659071,8.4142761]},"geometry":{"type":"Polygon","coordinates":[[[99.96558,8.4133],[99.96591,8.41336],[99.96589,8.41347],[99.96583,8.41346],[99.9657,8.41413],[99.96577,8.41414],[99.96575,8.41428],[99.96538,8.4142],[99.9654,8.41407],[99.96558,8.4141],[99.96563,8.41383],[99.96541,8.41379],[99.96543,8.41368],[99.96568,8.41373],[99.96574,8.41342],[99.96556,8.41338],[99.96558,8.4133]]]}},{"type":"Feature","id":"way/766207710","properties":{"id":"way/766207710","building":"yes","_elevM":10,"_bbox":[99.9653799,8.4133049,99.965578,8.4136342]},"geometry":{"type":"Polygon","coordinates":[[[99.96538,8.4136],[99.96544,8.4133],[99.96552,8.41332],[99.9655,8.41341],[99.96558,8.41343],[99.96553,8.41363],[99.96538,8.4136]]]}},{"type":"Feature","id":"way/766207711","properties":{"id":"way/766207711","building":"yes","_elevM":10,"_bbox":[99.9655562,8.4134322,99.9657061,8.4136342]},"geometry":{"type":"Polygon","coordinates":[[[99.96556,8.41361],[99.96559,8.41343],[99.96571,8.41345],[99.96567,8.41363],[99.96556,8.41361]]]}},{"type":"Feature","id":"way/766207712","properties":{"id":"way/766207712","building":"yes","_elevM":10,"_bbox":[99.9658385,8.4135986,99.9662491,8.4141475]},"geometry":{"type":"Polygon","coordinates":[[[99.96584,8.41408],[99.96596,8.4136],[99.96625,8.41367],[99.96613,8.41415],[99.96584,8.41408]]]}},{"type":"Feature","id":"way/766207713","properties":{"id":"way/766207713","building":"yes","_elevM":10,"_bbox":[99.9652958,8.4138606,99.9654119,8.4142865]},"geometry":{"type":"Polygon","coordinates":[[[99.96536,8.41386],[99.96541,8.41387],[99.96535,8.41429],[99.9653,8.41428],[99.96536,8.41386]]]}},{"type":"Feature","id":"way/766207714","properties":{"id":"way/766207714","building":"yes","_elevM":10,"_bbox":[99.9654109,8.4142033,99.9659995,8.4144661]},"geometry":{"type":"Polygon","coordinates":[[[99.96541,8.41433],[99.96542,8.41428],[99.96575,8.41436],[99.96579,8.4142],[99.966,8.41426],[99.96594,8.41447],[99.96541,8.41433]]]}},{"type":"Feature","id":"way/766207715","properties":{"id":"way/766207715","building":"yes","_elevM":10,"_bbox":[99.9661437,8.4136824,99.9663726,8.4141565]},"geometry":{"type":"Polygon","coordinates":[[[99.96614,8.41413],[99.96626,8.41368],[99.96637,8.41371],[99.96626,8.41416],[99.96614,8.41413]]]}},{"type":"Feature","id":"way/766207721","properties":{"id":"way/766207721","building":"yes","_elevM":10,"_bbox":[99.9670074,8.4115238,99.9682974,8.412161]},"geometry":{"type":"Polygon","coordinates":[[[99.96701,8.41177],[99.96706,8.41152],[99.96786,8.41167],[99.96779,8.41185],[99.96787,8.41189],[99.96795,8.41169],[99.9683,8.41174],[99.96817,8.41216],[99.96805,8.41213],[99.96804,8.41199],[99.96769,8.41193],[99.96774,8.41173],[99.96743,8.41167],[99.96739,8.41183],[99.96701,8.41177]]]}},{"type":"Feature","id":"way/766207723","properties":{"id":"way/766207723","building":"yes","_elevM":10,"_bbox":[99.9683209,8.4117338,99.9687347,8.4122253]},"geometry":{"type":"Polygon","coordinates":[[[99.96832,8.41213],[99.96845,8.41173],[99.96873,8.41182],[99.9686,8.41223],[99.96832,8.41213]]]}},{"type":"Feature","id":"way/766207724","properties":{"id":"way/766207724","building":"yes","_elevM":10,"_bbox":[99.9678833,8.4122661,99.9685292,8.4124586]},"geometry":{"type":"Polygon","coordinates":[[[99.96789,8.41227],[99.96853,8.41236],[99.9685,8.41246],[99.96788,8.41236],[99.96789,8.41227]]]}},{"type":"Feature","id":"way/766207725","properties":{"id":"way/766207725","building":"yes","_elevM":10,"_bbox":[99.9684337,8.4122153,99.9685859,8.4123028]},"geometry":{"type":"Polygon","coordinates":[[[99.96843,8.41227],[99.96845,8.41222],[99.96859,8.41225],[99.96857,8.4123],[99.96843,8.41227]]]}},{"type":"Feature","id":"way/766207726","properties":{"id":"way/766207726","building":"yes","_elevM":10,"_bbox":[99.9669189,8.4118512,99.9673525,8.4122801]},"geometry":{"type":"Polygon","coordinates":[[[99.96692,8.41216],[99.96698,8.41185],[99.96711,8.41187],[99.9671,8.41192],[99.96716,8.41191],[99.96713,8.4121],[99.96722,8.41211],[99.96726,8.41195],[99.96734,8.41198],[99.96731,8.41214],[99.96735,8.41216],[99.96733,8.41228],[99.96726,8.41227],[99.96728,8.41219],[99.96723,8.4122],[99.96722,8.41227],[99.96692,8.41216]]]}},{"type":"Feature","id":"way/766207727","properties":{"id":"way/766207727","building":"yes","_elevM":10,"_bbox":[99.9673631,8.412045,99.9675522,8.4123486]},"geometry":{"type":"Polygon","coordinates":[[[99.96738,8.41213],[99.9674,8.41205],[99.96755,8.41207],[99.96753,8.41216],[99.96742,8.41215],[99.96741,8.41221],[99.96742,8.41235],[99.96736,8.41235],[99.96738,8.41213]]]}},{"type":"Feature","id":"way/766207728","properties":{"id":"way/766207728","building":"yes","_elevM":10,"_bbox":[99.9674652,8.41224,99.9675885,8.4123872]},"geometry":{"type":"Polygon","coordinates":[[[99.96747,8.41237],[99.96749,8.41224],[99.96759,8.41226],[99.96756,8.41239],[99.96747,8.41237]]]}},{"type":"Feature","id":"way/766207729","properties":{"id":"way/766207729","building":"yes","_elevM":10,"_bbox":[99.9676963,8.4122623,99.9678739,8.4124035]},"geometry":{"type":"Polygon","coordinates":[[[99.9677,8.41235],[99.96771,8.41226],[99.96787,8.41228],[99.96786,8.4124],[99.96778,8.4124],[99.96779,8.41236],[99.9677,8.41235]]]}},{"type":"Feature","id":"way/766207730","properties":{"id":"way/766207730","building":"yes","_elevM":10,"_bbox":[99.9676711,8.4122028,99.9678571,8.4122451]},"geometry":{"type":"Polygon","coordinates":[[[99.96767,8.4122],[99.96786,8.41221],[99.96786,8.41225],[99.96767,8.41224],[99.96767,8.4122]]]}},{"type":"Feature","id":"way/766207731","properties":{"id":"way/766207731","building":"yes","_elevM":10,"_bbox":[99.9692964,8.4052668,99.969689,8.4055594]},"geometry":{"type":"Polygon","coordinates":[[[99.9693,8.40548],[99.96935,8.40527],[99.96969,8.40535],[99.96964,8.40556],[99.9693,8.40548]]]}},{"type":"Feature","id":"way/766207732","properties":{"id":"way/766207732","building":"yes","_elevM":10,"_bbox":[99.9693758,8.4048885,99.9697564,8.4052841]},"geometry":{"type":"Polygon","coordinates":[[[99.96938,8.40521],[99.96946,8.40489],[99.96976,8.40496],[99.96967,8.40528],[99.96938,8.40521]]]}},{"type":"Feature","id":"way/766207735","properties":{"id":"way/766207735","building":"yes","_elevM":10,"_bbox":[99.9691879,8.4056708,99.9696763,8.4059211]},"geometry":{"type":"Polygon","coordinates":[[[99.96924,8.40567],[99.96968,8.40577],[99.96962,8.40592],[99.96919,8.40583],[99.96924,8.40567]]]}},{"type":"Feature","id":"way/766207736","properties":{"id":"way/766207736","building":"yes","_elevM":10,"_bbox":[99.9697571,8.4051762,99.9704468,8.4060776]},"geometry":{"type":"Polygon","coordinates":[[[99.96976,8.40597],[99.96978,8.40584],[99.97015,8.40592],[99.97022,8.4056],[99.96976,8.40551],[99.96981,8.40529],[99.97,8.40532],[99.96999,8.40538],[99.97006,8.4054],[99.97011,8.40518],[99.97045,8.40525],[99.97027,8.40608],[99.96976,8.40597]]]}},{"type":"Feature","id":"way/766207739","properties":{"id":"way/766207739","building":"yes","_elevM":10,"_bbox":[99.9681456,8.4059229,99.968972,8.4064288]},"geometry":{"type":"Polygon","coordinates":[[[99.96822,8.40592],[99.9685,8.40595],[99.96849,8.40601],[99.96872,8.40602],[99.96873,8.40596],[99.96897,8.40598],[99.96894,8.40616],[99.96881,8.40615],[99.9688,8.40606],[99.96872,8.40606],[99.96869,8.40612],[99.9685,8.40608],[99.96834,8.40601],[99.96833,8.40607],[99.96827,8.40607],[99.96826,8.40612],[99.96851,8.40622],[99.9684,8.40643],[99.96821,8.40637],[99.96821,8.40632],[99.96815,8.40625],[99.96822,8.40592]]]}},{"type":"Feature","id":"way/766207740","properties":{"id":"way/766207740","building":"yes","_elevM":10,"_bbox":[99.9685066,8.4061662,99.9687579,8.4063518]},"geometry":{"type":"Polygon","coordinates":[[[99.96854,8.40617],[99.96876,8.40622],[99.96872,8.40635],[99.96851,8.40627],[99.96854,8.40617]]]}},{"type":"Feature","id":"way/766207741","properties":{"id":"way/766207741","building":"yes","_elevM":10,"_bbox":[99.9680316,8.4064066,99.9684765,8.4066711]},"geometry":{"type":"Polygon","coordinates":[[[99.96809,8.40641],[99.96848,8.40651],[99.96847,8.40661],[99.96827,8.40658],[99.96823,8.40665],[99.96814,8.40662],[99.96812,8.40667],[99.96803,8.40665],[99.96809,8.40641]]]}},{"type":"Feature","id":"way/766207742","properties":{"id":"way/766207742","building":"yes","_elevM":10,"_bbox":[99.9684196,8.4062916,99.9685639,8.4064776]},"geometry":{"type":"Polygon","coordinates":[[[99.96842,8.40644],[99.96849,8.40629],[99.96856,8.40633],[99.96849,8.40648],[99.96842,8.40644]]]}},{"type":"Feature","id":"way/766207743","properties":{"id":"way/766207743","building":"yes","_elevM":10,"_bbox":[99.9680947,8.4063115,99.9681837,8.4063913]},"geometry":{"type":"Polygon","coordinates":[[[99.96809,8.40637],[99.96811,8.40631],[99.96818,8.40633],[99.96817,8.40639],[99.96809,8.40637]]]}},{"type":"Feature","id":"way/766207744","properties":{"id":"way/766207744","building":"yes","_elevM":10,"_bbox":[99.968506,8.4066978,99.9689786,8.4068808]},"geometry":{"type":"Polygon","coordinates":[[[99.96853,8.4067],[99.96898,8.40683],[99.96896,8.40688],[99.96851,8.40675],[99.96853,8.4067]]]}},{"type":"Feature","id":"way/766207746","properties":{"id":"way/766207746","building":"yes","_elevM":10,"_bbox":[99.9688802,8.4066352,99.9690023,8.4067902]},"geometry":{"type":"Polygon","coordinates":[[[99.96888,8.40677],[99.96892,8.40664],[99.969,8.40666],[99.96896,8.40679],[99.96888,8.40677]]]}},{"type":"Feature","id":"way/766207747","properties":{"id":"way/766207747","building":"yes","_elevM":10,"_bbox":[99.9690538,8.4062278,99.9695458,8.4068038]},"geometry":{"type":"Polygon","coordinates":[[[99.96909,8.40623],[99.96915,8.40623],[99.96914,8.40634],[99.96934,8.40639],[99.9693,8.40658],[99.96955,8.40663],[99.96951,8.4068],[99.96924,8.40674],[99.96924,8.40666],[99.96909,8.4066],[99.96911,8.40655],[99.96905,8.40653],[99.96909,8.40623]]]}},{"type":"Feature","id":"way/766207748","properties":{"id":"way/766207748","building":"yes","_elevM":10,"_bbox":[99.9679177,8.4066672,99.9681637,8.4069911]},"geometry":{"type":"Polygon","coordinates":[[[99.96792,8.40691],[99.96801,8.40667],[99.96811,8.40672],[99.96811,8.40677],[99.96816,8.40678],[99.96812,8.40699],[99.96792,8.40691]]]}},{"type":"Feature","id":"way/766207749","properties":{"id":"way/766207749","building":"yes","_elevM":10,"_bbox":[99.9684861,8.4070192,99.9685962,8.4071353]},"geometry":{"type":"Polygon","coordinates":[[[99.96852,8.40702],[99.9686,8.40705],[99.96856,8.40714],[99.96849,8.40711],[99.96852,8.40702]]]}},{"type":"Feature","id":"way/766207750","properties":{"id":"way/766207750","building":"yes","_elevM":10,"_bbox":[99.9686081,8.4070943,99.9687485,8.4072098]},"geometry":{"type":"Polygon","coordinates":[[[99.96864,8.40709],[99.96875,8.40715],[99.96872,8.40721],[99.96861,8.40715],[99.96864,8.40709]]]}},{"type":"Feature","id":"way/766207751","properties":{"id":"way/766207751","building":"yes","_elevM":10,"_bbox":[99.9690219,8.4067233,99.9691828,8.4069329]},"geometry":{"type":"Polygon","coordinates":[[[99.96907,8.40672],[99.96918,8.40675],[99.96915,8.40693],[99.96902,8.40691],[99.96907,8.40672]]]}},{"type":"Feature","id":"way/766207752","properties":{"id":"way/766207752","building":"yes","_elevM":10,"_bbox":[99.9689118,8.4070082,99.9690867,8.4072591]},"geometry":{"type":"Polygon","coordinates":[[[99.96891,8.40723],[99.96896,8.40701],[99.96909,8.40704],[99.96903,8.40726],[99.96891,8.40723]]]}},{"type":"Feature","id":"way/766207753","properties":{"id":"way/766207753","building":"yes","_elevM":10,"_bbox":[99.9691546,8.4067671,99.969514,8.4071067]},"geometry":{"type":"Polygon","coordinates":[[[99.96915,8.40705],[99.96921,8.40677],[99.96951,8.40683],[99.9695,8.40697],[99.96932,8.40695],[99.96929,8.40711],[99.96915,8.40705]]]}},{"type":"Feature","id":"way/766207754","properties":{"id":"way/766207754","building":"yes","_elevM":10,"_bbox":[99.9695837,8.4066351,99.9697162,8.4068101]},"geometry":{"type":"Polygon","coordinates":[[[99.96958,8.40679],[99.96962,8.40664],[99.96972,8.40666],[99.96968,8.40681],[99.96958,8.40679]]]}},{"type":"Feature","id":"way/766207755","properties":{"id":"way/766207755","building":"yes","_elevM":10,"_bbox":[99.9697296,8.406608,99.9697997,8.4067032]},"geometry":{"type":"Polygon","coordinates":[[[99.96973,8.4067],[99.96974,8.40661],[99.9698,8.40661],[99.96979,8.4067],[99.96973,8.4067]]]}},{"type":"Feature","id":"way/766207756","properties":{"id":"way/766207756","building":"yes","_elevM":10,"_bbox":[99.9699538,8.406645,99.9701203,8.4067261]},"geometry":{"type":"Polygon","coordinates":[[[99.96995,8.40669],[99.96996,8.40664],[99.97012,8.40668],[99.97011,8.40673],[99.96995,8.40669]]]}},{"type":"Feature","id":"way/766207757","properties":{"id":"way/766207757","building":"yes","_elevM":10,"_bbox":[99.9695147,8.4062051,99.9697827,8.4065038]},"geometry":{"type":"Polygon","coordinates":[[[99.96961,8.40621],[99.96978,8.40623],[99.96973,8.4065],[99.96961,8.40647],[99.96963,8.4064],[99.96951,8.40638],[99.96954,8.4063],[99.96959,8.4063],[99.96961,8.40621]]]}},{"type":"Feature","id":"way/766207758","properties":{"id":"way/766207758","building":"yes","_elevM":10,"_bbox":[99.9697479,8.4063633,99.9701493,8.4066528]},"geometry":{"type":"Polygon","coordinates":[[[99.96976,8.4065],[99.96981,8.40651],[99.96985,8.40636],[99.96995,8.40639],[99.96991,8.40652],[99.97015,8.40658],[99.97013,8.40665],[99.96975,8.40655],[99.96976,8.4065]]]}},{"type":"Feature","id":"way/766207759","properties":{"id":"way/766207759","building":"terrace","_elevM":10,"_bbox":[99.9675691,8.4076254,99.9682135,8.4081382]},"geometry":{"type":"Polygon","coordinates":[[[99.96757,8.40797],[99.9677,8.40763],[99.9678,8.40767],[99.96774,8.40786],[99.96781,8.40789],[99.96782,8.40781],[99.96798,8.40784],[99.96797,8.40793],[99.96806,8.40795],[99.96806,8.40787],[99.96821,8.4079],[99.96816,8.40814],[99.96757,8.40797]]]}},{"type":"Feature","id":"way/766207760","properties":{"id":"way/766207760","building":"terrace","_elevM":10,"_bbox":[99.9677702,8.4070302,99.9683195,8.4073725]},"geometry":{"type":"Polygon","coordinates":[[[99.96777,8.40734],[99.96783,8.40721],[99.96809,8.40724],[99.96811,8.40715],[99.96793,8.40711],[99.96796,8.40703],[99.96832,8.40714],[99.96826,8.40729],[99.96814,8.40725],[99.96807,8.40737],[99.96796,8.40736],[99.96777,8.40734]]]}},{"type":"Feature","id":"way/766207761","properties":{"id":"way/766207761","building":"yes","_elevM":10,"_bbox":[99.9679902,8.40774,99.9682424,8.4078656]},"geometry":{"type":"Polygon","coordinates":[[[99.96801,8.40774],[99.96824,8.4078],[99.96823,8.40787],[99.96799,8.40781],[99.96801,8.40774]]]}},{"type":"Feature","id":"way/766207762","properties":{"id":"way/766207762","building":"yes","_elevM":10,"_bbox":[99.9681122,8.4075028,99.968339,8.4076527]},"geometry":{"type":"Polygon","coordinates":[[[99.96811,8.40763],[99.96815,8.4075],[99.96834,8.40755],[99.96832,8.40763],[99.96823,8.40761],[99.96821,8.40765],[99.96811,8.40763]]]}},{"type":"Feature","id":"way/766207763","properties":{"id":"way/766207763","building":"yes","_elevM":10,"_bbox":[99.968138,8.4073009,99.9683096,8.4074644]},"geometry":{"type":"Polygon","coordinates":[[[99.96814,8.40742],[99.96818,8.4073],[99.96831,8.40735],[99.96827,8.40746],[99.96814,8.40742]]]}},{"type":"Feature","id":"way/766207764","properties":{"id":"way/766207764","building":"yes","_elevM":10,"_bbox":[99.9683087,8.4071695,99.9688331,8.407594]},"geometry":{"type":"Polygon","coordinates":[[[99.96835,8.40733],[99.96841,8.40717],[99.96852,8.40721],[99.96843,8.4074],[99.96856,8.40743],[99.96864,8.40727],[99.96883,8.40735],[99.96882,8.40743],[99.96861,8.40741],[99.96861,8.40744],[99.96879,8.40748],[99.96877,8.40759],[99.96842,8.40752],[99.96842,8.40745],[99.96831,8.40743],[99.96831,8.40737],[99.96835,8.40737],[99.96835,8.40733]]]}},{"type":"Feature","id":"way/766207766","properties":{"id":"way/766207766","building":"yes","_elevM":10,"_bbox":[99.9682559,8.4075724,99.9686257,8.4081774]},"geometry":{"type":"Polygon","coordinates":[[[99.96826,8.40813],[99.96831,8.40786],[99.9684,8.40786],[99.96842,8.40767],[99.96838,8.40767],[99.96839,8.40757],[99.96849,8.40758],[99.96845,8.40768],[99.96853,8.40768],[99.96854,8.40759],[99.96863,8.4076],[99.9686,8.40783],[99.9685,8.40783],[99.96849,8.40789],[99.96844,8.40788],[99.96841,8.40792],[99.96848,8.40794],[99.96849,8.40792],[99.96861,8.40792],[99.96854,8.40818],[99.96826,8.40813]]]}},{"type":"Feature","id":"way/766207767","properties":{"id":"way/766207767","building":"yes","_elevM":10,"_bbox":[99.9686056,8.4076471,99.9689569,8.408246]},"geometry":{"type":"Polygon","coordinates":[[[99.96861,8.40819],[99.96863,8.40803],[99.96866,8.40803],[99.96869,8.40794],[99.96881,8.40795],[99.96882,8.40785],[99.96868,8.40783],[99.9687,8.40769],[99.96875,8.40769],[99.96875,8.40765],[99.96896,8.40767],[99.96891,8.40805],[99.96894,8.40807],[99.9689,8.40825],[99.96861,8.40819]]]}},{"type":"Feature","id":"way/766207768","properties":{"id":"way/766207768","building":"yes","_elevM":10,"_bbox":[99.9688793,8.4073639,99.9692336,8.4076641]},"geometry":{"type":"Polygon","coordinates":[[[99.96888,8.40755],[99.96893,8.40736],[99.96912,8.40738],[99.96912,8.40744],[99.96923,8.40747],[99.96915,8.40766],[99.96894,8.40764],[99.96895,8.40758],[99.96888,8.40755]]]}},{"type":"Feature","id":"way/766207771","properties":{"id":"way/766207771","building":"yes","_elevM":10,"_bbox":[99.9689594,8.4080009,99.969249,8.4082844]},"geometry":{"type":"Polygon","coordinates":[[[99.96896,8.40823],[99.96899,8.40806],[99.96909,8.40807],[99.96911,8.408],[99.96918,8.40802],[99.96915,8.40812],[99.96918,8.40813],[99.96919,8.40807],[99.96924,8.40808],[99.96925,8.40828],[99.96896,8.40823]]]}},{"type":"Feature","id":"way/766207772","properties":{"id":"way/766207772","building":"yes","_elevM":10,"_bbox":[99.9692459,8.4078927,99.9693984,8.4079978]},"geometry":{"type":"Polygon","coordinates":[[[99.96925,8.40797],[99.96927,8.40789],[99.9694,8.40794],[99.96935,8.408],[99.96925,8.40797]]]}},{"type":"Feature","id":"way/766207773","properties":{"id":"way/766207773","building":"yes","_elevM":10,"_bbox":[99.9692871,8.4075999,99.9694598,8.4077681]},"geometry":{"type":"Polygon","coordinates":[[[99.96929,8.40772],[99.96933,8.4076],[99.96946,8.40765],[99.96941,8.40777],[99.96929,8.40772]]]}},{"type":"Feature","id":"way/766207774","properties":{"id":"way/766207774","building":"yes","_elevM":10,"_bbox":[99.969448,8.406979,99.9696592,8.4073643]},"geometry":{"type":"Polygon","coordinates":[[[99.96945,8.40733],[99.96956,8.40698],[99.96966,8.40701],[99.96954,8.40736],[99.96945,8.40733]]]}},{"type":"Feature","id":"way/766207775","properties":{"id":"way/766207775","building":"yes","_elevM":10,"_bbox":[99.9695802,8.4071886,99.9699545,8.4075391]},"geometry":{"type":"Polygon","coordinates":[[[99.96958,8.40738],[99.96962,8.40719],[99.96995,8.40727],[99.96989,8.40754],[99.96964,8.40747],[99.96966,8.4074],[99.96958,8.40738]]]}},{"type":"Feature","id":"way/766207777","properties":{"id":"way/766207777","building":"yes","_elevM":10,"_bbox":[99.9698619,8.4068963,99.9700369,8.4070568]},"geometry":{"type":"Polygon","coordinates":[[[99.96986,8.40703],[99.96989,8.4069],[99.97004,8.40692],[99.97001,8.40706],[99.96986,8.40703]]]}},{"type":"Feature","id":"way/766207778","properties":{"id":"way/766207778","building":"yes","_elevM":10,"_bbox":[99.9690847,8.407235,99.9692009,8.4073003]},"geometry":{"type":"Polygon","coordinates":[[[99.96909,8.40724],[99.9692,8.40725],[99.96919,8.4073],[99.96908,8.40728],[99.96909,8.40724]]]}},{"type":"Feature","id":"way/766207779","properties":{"id":"way/766207779","building":"yes","_elevM":10,"_bbox":[99.9694731,8.4076757,99.9698479,8.4080268]},"geometry":{"type":"Polygon","coordinates":[[[99.9695,8.40803],[99.96952,8.40792],[99.96948,8.40791],[99.9695,8.4078],[99.96947,8.4078],[99.9695,8.40768],[99.96956,8.40769],[99.96955,8.40775],[99.96962,8.40777],[99.96966,8.40773],[99.96985,8.40779],[99.96981,8.40791],[99.96976,8.4079],[99.96973,8.40798],[99.96963,8.40794],[99.96962,8.4079],[99.96964,8.40785],[99.96961,8.40784],[99.96955,8.40802],[99.9695,8.40803]]]}},{"type":"Feature","id":"way/766207780","properties":{"id":"way/766207780","building":"yes","_elevM":10,"_bbox":[99.9694448,8.407518,99.9695118,8.4075979]},"geometry":{"type":"Polygon","coordinates":[[[99.96944,8.40758],[99.96946,8.40752],[99.96951,8.40753],[99.96949,8.4076],[99.96944,8.40758]]]}},{"type":"Feature","id":"way/766207781","properties":{"id":"way/766207781","building":"yes","_elevM":10,"_bbox":[99.9693722,8.4081624,99.9695263,8.4082691]},"geometry":{"type":"Polygon","coordinates":[[[99.96937,8.40827],[99.96938,8.40817],[99.96952,8.40816],[99.96953,8.40824],[99.96937,8.40827]]]}},{"type":"Feature","id":"way/766207782","properties":{"id":"way/766207782","building":"yes","_elevM":10,"_bbox":[99.9695956,8.4081457,99.9698005,8.4082539]},"geometry":{"type":"Polygon","coordinates":[[[99.9696,8.40825],[99.96961,8.40816],[99.9698,8.40815],[99.96979,8.40824],[99.9696,8.40825]]]}},{"type":"Feature","id":"way/766207784","properties":{"id":"way/766207784","building":"yes","_elevM":10,"_bbox":[99.9674315,8.4085782,99.9677369,8.4087443]},"geometry":{"type":"Polygon","coordinates":[[[99.96743,8.40867],[99.96746,8.40858],[99.96774,8.40865],[99.96771,8.40874],[99.96743,8.40867]]]}},{"type":"Feature","id":"way/766207787","properties":{"id":"way/766207787","building":"yes","_elevM":10,"_bbox":[99.9673697,8.4087623,99.9675164,8.4090012]},"geometry":{"type":"Polygon","coordinates":[[[99.96737,8.40898],[99.96741,8.40876],[99.96752,8.40878],[99.96748,8.409],[99.96737,8.40898]]]}},{"type":"Feature","id":"way/766207788","properties":{"id":"way/766207788","building":"yes","_elevM":10,"_bbox":[99.9677592,8.4088734,99.9679093,8.4090391]},"geometry":{"type":"Polygon","coordinates":[[[99.96776,8.40901],[99.96779,8.40887],[99.96791,8.4089],[99.96788,8.40904],[99.96776,8.40901]]]}},{"type":"Feature","id":"way/766207789","properties":{"id":"way/766207789","building":"yes","_elevM":10,"_bbox":[99.9679025,8.4088838,99.968121,8.4090768]},"geometry":{"type":"Polygon","coordinates":[[[99.9679,8.40903],[99.96797,8.40888],[99.96812,8.40895],[99.96808,8.40904],[99.96804,8.40902],[99.96801,8.40908],[99.9679,8.40903]]]}},{"type":"Feature","id":"way/766207790","properties":{"id":"way/766207790","building":"yes","_elevM":10,"_bbox":[99.9684636,8.4089022,99.9685986,8.4089942]},"geometry":{"type":"Polygon","coordinates":[[[99.96846,8.40896],[99.96848,8.4089],[99.9686,8.40893],[99.96858,8.40899],[99.96846,8.40896]]]}},{"type":"Feature","id":"way/766207791","properties":{"id":"way/766207791","building":"yes","_elevM":10,"_bbox":[99.9673275,8.4090982,99.9679429,8.4093245]},"geometry":{"type":"Polygon","coordinates":[[[99.96733,8.40929],[99.96734,8.40911],[99.96745,8.40912],[99.96746,8.40922],[99.96754,8.40925],[99.96755,8.40913],[99.96761,8.40913],[99.96765,8.4091],[99.96794,8.40913],[99.96793,8.40919],[99.96771,8.40916],[99.96763,8.40932],[99.96733,8.40929]]]}},{"type":"Feature","id":"way/766207792","properties":{"id":"way/766207792","building":"yes","_elevM":10,"_bbox":[99.9675187,8.4096846,99.9677026,8.4097894]},"geometry":{"type":"Polygon","coordinates":[[[99.96752,8.40974],[99.96754,8.40968],[99.9677,8.40973],[99.96769,8.40979],[99.96752,8.40974]]]}},{"type":"Feature","id":"way/766207793","properties":{"id":"way/766207793","building":"yes","_elevM":10,"_bbox":[99.9676995,8.4093864,99.9678418,8.4095376]},"geometry":{"type":"Polygon","coordinates":[[[99.9677,8.40952],[99.96772,8.40939],[99.96784,8.4094],[99.96782,8.40954],[99.9677,8.40952]]]}},{"type":"Feature","id":"way/766207794","properties":{"id":"way/766207794","building":"yes","_elevM":10,"_bbox":[99.9679623,8.4091042,99.9681543,8.4092818]},"geometry":{"type":"Polygon","coordinates":[[[99.96802,8.4091],[99.96815,8.40918],[99.9681,8.40928],[99.96796,8.40921],[99.96802,8.4091]]]}},{"type":"Feature","id":"way/766207795","properties":{"id":"way/766207795","building":"yes","_elevM":10,"_bbox":[99.9682491,8.4091434,99.9684091,8.4092624]},"geometry":{"type":"Polygon","coordinates":[[[99.96825,8.40925],[99.96826,8.40914],[99.96841,8.40916],[99.9684,8.40926],[99.96825,8.40925]]]}},{"type":"Feature","id":"way/766207796","properties":{"id":"way/766207796","building":"yes","_elevM":10,"_bbox":[99.968361,8.4090055,99.9690959,8.4095866]},"geometry":{"type":"Polygon","coordinates":[[[99.96836,8.40955],[99.96841,8.40927],[99.96843,8.40927],[99.96847,8.40914],[99.96859,8.40915],[99.96856,8.40925],[99.96861,8.40927],[99.96864,8.40918],[99.9687,8.40917],[99.96867,8.40916],[99.96869,8.40906],[99.96886,8.40908],[99.96884,8.40921],[99.96887,8.40921],[99.9689,8.40901],[99.9691,8.40905],[99.96904,8.40934],[99.96879,8.40931],[99.96872,8.40959],[99.96855,8.40956],[99.96856,8.40948],[99.96851,8.40947],[99.96846,8.40957],[99.96836,8.40955]]]}},{"type":"Feature","id":"way/766207797","properties":{"id":"way/766207797","building":"yes","_elevM":10,"_bbox":[99.9686662,8.4089385,99.9687804,8.4090128]},"geometry":{"type":"Polygon","coordinates":[[[99.96867,8.40901],[99.96867,8.40894],[99.96878,8.40894],[99.96878,8.40901],[99.96867,8.40901]]]}},{"type":"Feature","id":"way/766207798","properties":{"id":"way/766207798","building":"yes","_elevM":10,"_bbox":[99.9681112,8.4095179,99.9684752,8.4097915]},"geometry":{"type":"Polygon","coordinates":[[[99.96811,8.40971],[99.96816,8.40952],[99.96848,8.4096],[99.96842,8.40979],[99.96811,8.40971]]]}},{"type":"Feature","id":"way/766207799","properties":{"id":"way/766207799","building":"yes","_elevM":10,"_bbox":[99.9681162,8.4098219,99.9682377,8.4099685]},"geometry":{"type":"Polygon","coordinates":[[[99.96812,8.40994],[99.96816,8.40982],[99.96824,8.40985],[99.96819,8.40997],[99.96812,8.40994]]]}},{"type":"Feature","id":"way/766207800","properties":{"id":"way/766207800","building":"yes","_elevM":10,"_bbox":[99.9672646,8.4098394,99.9679162,8.4103942]},"geometry":{"type":"Polygon","coordinates":[[[99.96726,8.41012],[99.96728,8.40984],[99.96792,8.40998],[99.96786,8.41033],[99.96768,8.41031],[99.96766,8.41039],[99.9675,8.41038],[99.96754,8.41021],[99.96766,8.41021],[99.96766,8.41009],[99.96753,8.41008],[99.9675,8.41016],[99.96726,8.41012]]]}},{"type":"Feature","id":"way/766207801","properties":{"id":"way/766207801","building":"yes","_elevM":10,"_bbox":[99.967299,8.4104327,99.967517,8.410648]},"geometry":{"type":"Polygon","coordinates":[[[99.9673,8.41063],[99.96732,8.41043],[99.96752,8.41045],[99.9675,8.41065],[99.9673,8.41063]]]}},{"type":"Feature","id":"way/766207802","properties":{"id":"way/766207802","building":"yes","mnType":"temple","_elevM":28,"_bbox":[99.9672578,8.4107864,99.9674678,8.4109596]},"geometry":{"type":"Polygon","coordinates":[[[99.96726,8.41094],[99.96727,8.41079],[99.96747,8.4108],[99.96745,8.41096],[99.96726,8.41094]]]}},{"type":"Feature","id":"way/766207803","properties":{"id":"way/766207803","building":"yes","mnType":"temple","_elevM":28,"_bbox":[99.9672496,8.4110743,99.9674677,8.4112734]},"geometry":{"type":"Polygon","coordinates":[[[99.96725,8.41119],[99.96726,8.41107],[99.96747,8.4111],[99.96745,8.41127],[99.96737,8.41126],[99.96738,8.41121],[99.96725,8.41119]]]}},{"type":"Feature","id":"way/766207804","properties":{"id":"way/766207804","building":"yes","mnType":"temple","_elevM":28,"_bbox":[99.9671013,8.4112335,99.9672637,8.4113814]},"geometry":{"type":"Polygon","coordinates":[[[99.96716,8.41123],[99.96723,8.41124],[99.96722,8.41129],[99.96726,8.4113],[99.96725,8.41138],[99.9671,8.41136],[99.96711,8.41128],[99.96716,8.41129],[99.96716,8.41123]]]}},{"type":"Feature","id":"way/766207805","properties":{"id":"way/766207805","building":"yes","mnType":"temple","_elevM":28,"_bbox":[99.9670704,8.4113939,99.9680533,8.411595]},"geometry":{"type":"Polygon","coordinates":[[[99.96707,8.41145],[99.96708,8.41139],[99.96732,8.41142],[99.9677,8.41145],[99.96785,8.41143],[99.96799,8.41145],[99.96805,8.41149],[99.96803,8.4116],[99.96707,8.41145]]]}},{"type":"Feature","id":"way/766207806","properties":{"id":"way/766207806","building":"yes","mnType":"temple","_elevM":28,"_bbox":[99.9675572,8.4111418,99.967687,8.4112203]},"geometry":{"type":"Polygon","coordinates":[[[99.96756,8.41121],[99.96756,8.41116],[99.9676,8.41114],[99.96769,8.41115],[99.96768,8.41122],[99.96756,8.41121]]]}},{"type":"Feature","id":"way/766207807","properties":{"id":"way/766207807","building":"yes","_elevM":10,"_bbox":[99.9675616,8.4103438,99.9679931,8.4108428]},"geometry":{"type":"Polygon","coordinates":[[[99.96756,8.41079],[99.96759,8.41062],[99.96771,8.41064],[99.96774,8.41051],[99.96766,8.4105],[99.96769,8.41034],[99.96794,8.41039],[99.96793,8.41045],[99.96799,8.41046],[99.96796,8.41066],[99.96791,8.41065],[99.96788,8.41084],[99.96756,8.41079]]]}},{"type":"Feature","id":"way/766207808","properties":{"id":"way/766207808","building":"yes","mnType":"temple","_elevM":28,"_bbox":[99.9678291,8.4109917,99.9680067,8.411165]},"geometry":{"type":"Polygon","coordinates":[[[99.96783,8.41115],[99.96785,8.41099],[99.96801,8.41101],[99.96799,8.41117],[99.96783,8.41115]]]}},{"type":"Feature","id":"way/766207809","properties":{"id":"way/766207809","building":"yes","_elevM":10,"_bbox":[99.9679022,8.4112143,99.9681236,8.4114053]},"geometry":{"type":"Polygon","coordinates":[[[99.9679,8.41138],[99.96793,8.41132],[99.96803,8.41133],[99.96805,8.41121],[99.96812,8.41123],[99.9681,8.41141],[99.9679,8.41138]]]}},{"type":"Feature","id":"way/766207810","properties":{"id":"way/766207810","building":"yes","_elevM":10,"_bbox":[99.9678941,8.4106754,99.9682146,8.4109991]},"geometry":{"type":"Polygon","coordinates":[[[99.96789,8.41098],[99.96792,8.41073],[99.968,8.41072],[99.96802,8.41068],[99.96808,8.41068],[99.96808,8.41074],[99.9681,8.4107],[99.96821,8.41071],[99.96816,8.411],[99.96789,8.41098]]]}},{"type":"Feature","id":"way/766207812","properties":{"id":"way/766207812","building":"yes","_elevM":10,"_bbox":[99.9681291,8.410734,99.9683697,8.411618]},"geometry":{"type":"Polygon","coordinates":[[[99.96813,8.41159],[99.96824,8.41073],[99.96837,8.41074],[99.96832,8.41162],[99.96813,8.41159]]]}},{"type":"Feature","id":"way/766207813","properties":{"id":"way/766207813","building":"yes","_elevM":10,"_bbox":[99.968391,8.4110473,99.9688741,8.4116881]},"geometry":{"type":"Polygon","coordinates":[[[99.96839,8.4116],[99.96845,8.41126],[99.96856,8.41119],[99.96859,8.41105],[99.96887,8.41107],[99.96877,8.41169],[99.96839,8.4116]]]}},{"type":"Feature","id":"way/766207814","properties":{"id":"way/766207814","building":"yes","_elevM":10,"_bbox":[99.9686338,8.4098713,99.9687245,8.4099691]},"geometry":{"type":"Polygon","coordinates":[[[99.96863,8.40995],[99.96865,8.40987],[99.96872,8.40989],[99.9687,8.40997],[99.96863,8.40995]]]}},{"type":"Feature","id":"way/766207815","properties":{"id":"way/766207815","building":"yes","_elevM":10,"_bbox":[99.967896,8.4100109,99.9681951,8.4103757]},"geometry":{"type":"Polygon","coordinates":[[[99.9679,8.41031],[99.96798,8.41001],[99.9682,8.41008],[99.96818,8.41017],[99.96806,8.41014],[99.96806,8.41023],[99.96814,8.41024],[99.96813,8.41027],[99.96818,8.41031],[99.96816,8.41037],[99.96804,8.41035],[99.96804,8.41028],[99.96798,8.41029],[99.96799,8.41038],[99.9679,8.41036],[99.9679,8.41031]]]}},{"type":"Feature","id":"way/766207816","properties":{"id":"way/766207816","building":"yes","_elevM":10,"_bbox":[99.9682046,8.4100863,99.9682736,8.4102011]},"geometry":{"type":"Polygon","coordinates":[[[99.9682,8.41019],[99.96823,8.41009],[99.96827,8.4101],[99.96824,8.4102],[99.9682,8.41019]]]}},{"type":"Feature","id":"way/766207817","properties":{"id":"way/766207817","building":"yes","_elevM":10,"_bbox":[99.9682832,8.4100973,99.9683703,8.4102521]},"geometry":{"type":"Polygon","coordinates":[[[99.96828,8.41024],[99.96831,8.4101],[99.96837,8.41011],[99.96834,8.41025],[99.96828,8.41024]]]}},{"type":"Feature","id":"way/766207818","properties":{"id":"way/766207818","building":"yes","_elevM":10,"_bbox":[99.968176,8.4104477,99.9683156,8.4105404]},"geometry":{"type":"Polygon","coordinates":[[[99.96819,8.41045],[99.96832,8.41047],[99.9683,8.41054],[99.96818,8.41052],[99.96819,8.41045]]]}},{"type":"Feature","id":"way/766207819","properties":{"id":"way/766207819","building":"yes","_elevM":10,"_bbox":[99.968323,8.4104917,99.9684699,8.4106986]},"geometry":{"type":"Polygon","coordinates":[[[99.96832,8.41062],[99.96836,8.41049],[99.96847,8.41052],[99.96843,8.4107],[99.96839,8.41069],[99.9684,8.41064],[99.96832,8.41062]]]}},{"type":"Feature","id":"way/766207820","properties":{"id":"way/766207820","building":"yes","_elevM":10,"_bbox":[99.9683851,8.4101637,99.9686205,8.4107203]},"geometry":{"type":"Polygon","coordinates":[[[99.96839,8.41039],[99.96842,8.41028],[99.96839,8.41028],[99.96841,8.41018],[99.96846,8.41019],[99.96847,8.41016],[99.96856,8.41017],[99.96855,8.4102],[99.96862,8.4102],[99.96861,8.41028],[99.96858,8.41028],[99.96848,8.41072],[99.96844,8.41072],[99.96848,8.41047],[99.96843,8.41047],[99.96843,8.4104],[99.96839,8.41039]]]}},{"type":"Feature","id":"way/766207821","properties":{"id":"way/766207821","building":"yes","_elevM":10,"_bbox":[99.968534,8.4104488,99.9686259,8.4107114]},"geometry":{"type":"Polygon","coordinates":[[[99.96853,8.4107],[99.96858,8.41045],[99.96863,8.41046],[99.96858,8.41071],[99.96853,8.4107]]]}},{"type":"Feature","id":"way/766207822","properties":{"id":"way/766207822","building":"yes","_elevM":10,"_bbox":[99.9686123,8.4102507,99.9687383,8.4107524]},"geometry":{"type":"Polygon","coordinates":[[[99.96861,8.41074],[99.96868,8.41025],[99.96874,8.41026],[99.96867,8.41075],[99.96861,8.41074]]]}},{"type":"Feature","id":"way/766207823","properties":{"id":"way/766207823","building":"yes","_elevM":10,"_bbox":[99.9684056,8.4107373,99.9688454,8.4109465]},"geometry":{"type":"Polygon","coordinates":[[[99.96841,8.41091],[99.96842,8.41074],[99.96885,8.41078],[99.96883,8.41095],[99.96841,8.41091]]]}},{"type":"Feature","id":"way/766207824","properties":{"id":"way/766207824","building":"yes","_elevM":10,"_bbox":[99.9686917,8.4106558,99.9688472,8.4107604]},"geometry":{"type":"Polygon","coordinates":[[[99.96869,8.41074],[99.96871,8.41066],[99.96885,8.41068],[99.96884,8.41076],[99.96869,8.41074]]]}},{"type":"Feature","id":"way/766207825","properties":{"id":"way/766207825","building":"yes","_elevM":10,"_bbox":[99.9687252,8.4104497,99.968902,8.4105683]},"geometry":{"type":"Polygon","coordinates":[[[99.96873,8.41057],[99.96873,8.41045],[99.96877,8.41046],[99.96877,8.41048],[99.9689,8.41049],[99.9689,8.41057],[99.96873,8.41057]]]}},{"type":"Feature","id":"way/766207826","properties":{"id":"way/766207826","building":"yes","_elevM":10,"_bbox":[99.9687421,8.4102583,99.9689517,8.410452]},"geometry":{"type":"Polygon","coordinates":[[[99.96874,8.41041],[99.96878,8.41026],[99.96895,8.4103],[99.96891,8.41045],[99.96874,8.41041]]]}},{"type":"Feature","id":"way/766207828","properties":{"id":"way/766207828","building":"yes","_elevM":10,"_bbox":[99.9667417,8.4124559,99.9671467,8.4128645]},"geometry":{"type":"Polygon","coordinates":[[[99.96674,8.41282],[99.96684,8.41246],[99.96715,8.41254],[99.96702,8.41286],[99.96674,8.41282]]]}},{"type":"Feature","id":"way/766207829","properties":{"id":"way/766207829","building":"yes","mnType":"temple","_elevM":28,"_bbox":[99.9666907,8.4128937,99.9670434,8.4131258]},"geometry":{"type":"Polygon","coordinates":[[[99.96669,8.41309],[99.96674,8.41289],[99.96704,8.41292],[99.96698,8.41313],[99.96669,8.41309]]]}},{"type":"Feature","id":"way/766207830","properties":{"id":"way/766207830","building":"yes","_elevM":10,"_bbox":[99.966874,8.4122371,99.9673961,8.4125802]},"geometry":{"type":"Polygon","coordinates":[[[99.96687,8.41239],[99.96689,8.41224],[99.96717,8.41231],[99.96716,8.41242],[99.9674,8.41249],[99.96734,8.41258],[99.96687,8.41239]]]}},{"type":"Feature","id":"way/766207831","properties":{"id":"way/766207831","building":"yes","_elevM":10,"_bbox":[99.9670545,8.4125924,99.9679783,8.4131789]},"geometry":{"type":"Polygon","coordinates":[[[99.96705,8.41313],[99.96706,8.413],[99.96712,8.41299],[99.96712,8.41287],[99.96715,8.41286],[99.96717,8.41273],[99.96713,8.41273],[99.96714,8.41265],[99.96719,8.41264],[99.9672,8.41259],[99.96738,8.41262],[99.96739,8.4127],[99.96752,8.41272],[99.96751,8.4128],[99.96754,8.41281],[99.96754,8.41272],[99.96766,8.41274],[99.96765,8.41264],[99.96784,8.41263],[99.96789,8.41287],[99.96798,8.41287],[99.96798,8.413],[99.96792,8.41302],[99.96789,8.41298],[99.96785,8.413],[99.96785,8.41318],[99.96759,8.41318],[99.96759,8.41307],[99.96753,8.41305],[99.96752,8.41316],[99.96746,8.41316],[99.96747,8.41304],[99.9674,8.41303],[99.96737,8.41315],[99.9673,8.41314],[99.9673,8.41308],[99.96724,8.41307],[99.96722,8.41315],[99.96705,8.41313]]]}},{"type":"Feature","id":"way/766207832","properties":{"id":"way/766207832","building":"yes","_elevM":10,"_bbox":[99.9676019,8.4124293,99.9680906,8.412614]},"geometry":{"type":"Polygon","coordinates":[[[99.9676,8.41249],[99.96761,8.41243],[99.96789,8.41246],[99.9679,8.41244],[99.968,8.41245],[99.968,8.41247],[99.96809,8.41248],[99.96808,8.41255],[99.96798,8.41254],[99.96797,8.41256],[99.96792,8.41256],[99.96792,8.41261],[99.96787,8.41261],[99.96788,8.41252],[99.9676,8.41249]]]}},{"type":"Feature","id":"way/766207833","properties":{"id":"way/766207833","building":"yes","_elevM":10,"_bbox":[99.9682364,8.4124983,99.9683261,8.4126057]},"geometry":{"type":"Polygon","coordinates":[[[99.96824,8.41259],[99.96825,8.4125],[99.96833,8.41251],[99.96831,8.41261],[99.96824,8.41259]]]}},{"type":"Feature","id":"way/766207834","properties":{"id":"way/766207834","building":"yes","_elevM":10,"_bbox":[99.96835,8.4125052,99.9684652,8.4126255]},"geometry":{"type":"Polygon","coordinates":[[[99.96835,8.41261],[99.96837,8.41251],[99.96847,8.41252],[99.96845,8.41263],[99.96835,8.41261]]]}},{"type":"Feature","id":"way/766207835","properties":{"id":"way/766207835","building":"yes","_elevM":10,"_bbox":[99.9679805,8.4126553,99.9682257,8.4128667]},"geometry":{"type":"Polygon","coordinates":[[[99.96801,8.41286],[99.96806,8.41276],[99.96798,8.41276],[99.96798,8.41267],[99.96812,8.41266],[99.96811,8.41271],[99.96823,8.41273],[99.96822,8.41283],[99.96811,8.41283],[99.96811,8.41287],[99.96801,8.41286]]]}},{"type":"Feature","id":"way/766207836","properties":{"id":"way/766207836","building":"yes","_elevM":10,"_bbox":[99.9680438,8.4128893,99.9681144,8.4131067]},"geometry":{"type":"Polygon","coordinates":[[[99.96805,8.41311],[99.96804,8.41289],[99.9681,8.41289],[99.96811,8.4131],[99.96805,8.41311]]]}},{"type":"Feature","id":"way/766207837","properties":{"id":"way/766207837","building":"yes","_elevM":10,"_bbox":[99.9681434,8.4128941,99.9682346,8.413049]},"geometry":{"type":"Polygon","coordinates":[[[99.96814,8.41305],[99.96814,8.41289],[99.96823,8.41289],[99.96823,8.41298],[99.96819,8.41298],[99.96819,8.41305],[99.96814,8.41305]]]}},{"type":"Feature","id":"way/766207838","properties":{"id":"way/766207838","building":"yes","_elevM":10,"_bbox":[99.9681836,8.412877,99.9683819,8.4131219]},"geometry":{"type":"Polygon","coordinates":[[[99.96818,8.41312],[99.96828,8.41288],[99.96838,8.41292],[99.96831,8.4131],[99.96818,8.41312]]]}},{"type":"Feature","id":"way/766207839","properties":{"id":"way/766207839","building":"yes","mnType":"temple","_elevM":28,"_bbox":[99.96675,8.4132024,99.9674232,8.4134122]},"geometry":{"type":"Polygon","coordinates":[[[99.96675,8.41335],[99.96676,8.4132],[99.96742,8.41327],[99.96741,8.41341],[99.96675,8.41335]]]}},{"type":"Feature","id":"way/766207840","properties":{"id":"way/766207840","name":"วัดสระเรียง เมืองนครศรีธรรมราช","nameEn":"Wat Srariang","building":"temple","amenity":"place_of_worship","religion":"buddhist","mnType":"temple","_elevM":28,"_bbox":[99.9667327,8.4134129,99.9669221,8.413512]},"geometry":{"type":"Polygon","coordinates":[[[99.96673,8.41349],[99.96674,8.41341],[99.96692,8.41343],[99.96691,8.41351],[99.96673,8.41349]]]}},{"type":"Feature","id":"way/766207842","properties":{"id":"way/766207842","building":"yes","_elevM":10,"_bbox":[99.9674917,8.4132459,99.9679985,8.4136471]},"geometry":{"type":"Polygon","coordinates":[[[99.96763,8.41363],[99.96762,8.4134],[99.96749,8.41339],[99.96751,8.41325],[99.96782,8.41326],[99.968,8.41325],[99.96799,8.41336],[99.9678,8.4134],[99.96779,8.41365],[99.96763,8.41363]]]}},{"type":"Feature","id":"way/766207843","properties":{"id":"way/766207843","building":"yes","_elevM":10,"_bbox":[99.967578,8.4136878,99.9680571,8.4139774]},"geometry":{"type":"Polygon","coordinates":[[[99.96764,8.41369],[99.96806,8.41377],[99.96799,8.41398],[99.96758,8.41387],[99.96764,8.41369]]]}},{"type":"Feature","id":"way/766207844","properties":{"id":"way/766207844","building":"yes","_elevM":10,"_bbox":[99.9678183,8.4134471,99.9681233,8.4137412]},"geometry":{"type":"Polygon","coordinates":[[[99.96782,8.4137],[99.96785,8.41345],[99.96791,8.41346],[99.96791,8.41355],[99.96812,8.41361],[99.96807,8.41374],[99.96782,8.4137]]]}},{"type":"Feature","id":"way/766207845","properties":{"id":"way/766207845","building":"yes","_elevM":10,"_bbox":[99.9679273,8.4133991,99.968089,8.413539]},"geometry":{"type":"Polygon","coordinates":[[[99.96793,8.41351],[99.96795,8.4134],[99.96809,8.41343],[99.96807,8.41354],[99.96793,8.41351]]]}},{"type":"Feature","id":"way/766207846","properties":{"id":"way/766207846","building":"yes","_elevM":10,"_bbox":[99.9680787,8.41322,99.968282,8.4133831]},"geometry":{"type":"Polygon","coordinates":[[[99.96808,8.41331],[99.96813,8.41323],[99.96828,8.41322],[99.96823,8.41338],[99.96808,8.41331]]]}},{"type":"Feature","id":"way/766207847","properties":{"id":"way/766207847","building":"yes","_elevM":10,"_bbox":[99.966438,8.4139378,99.9678892,8.4148217]},"geometry":{"type":"Polygon","coordinates":[[[99.96752,8.41412],[99.96755,8.41394],[99.9677,8.41396],[99.96766,8.41407],[99.96786,8.41413],[99.9678,8.41429],[99.96789,8.41429],[99.96772,8.41482],[99.9672,8.41465],[99.96722,8.4146],[99.96756,8.41465],[99.96761,8.41458],[99.96768,8.41457],[99.9677,8.41452],[99.96739,8.41445],[99.96736,8.41451],[99.96725,8.41448],[99.96728,8.41436],[99.96707,8.41435],[99.96705,8.41445],[99.96693,8.41441],[99.96696,8.41431],[99.96644,8.41419],[99.9665,8.414],[99.9671,8.41415],[99.9671,8.41419],[99.96717,8.41421],[99.96717,8.41426],[99.96727,8.41428],[99.96737,8.41432],[99.96744,8.41426],[99.96743,8.41421],[99.96734,8.41419],[99.96737,8.41409],[99.96752,8.41412]]]}},{"type":"Feature","id":"way/766207848","properties":{"id":"way/766207848","building":"yes","_elevM":10,"_bbox":[99.9663826,8.41422,99.9670481,8.4147328]},"geometry":{"type":"Polygon","coordinates":[[[99.96638,8.41447],[99.96644,8.41422],[99.96678,8.4143],[99.96675,8.41438],[99.96699,8.41445],[99.96698,8.41451],[99.96705,8.41453],[99.96698,8.41473],[99.9668,8.4147],[99.96682,8.41462],[99.96695,8.41462],[99.96696,8.41454],[99.96694,8.41451],[99.96677,8.41447],[99.96673,8.41456],[99.96638,8.41447]]]}},{"type":"Feature","id":"way/766207849","properties":{"id":"way/766207849","building":"yes","_elevM":10,"_bbox":[99.9664716,8.402721,99.9665971,8.4028645]},"geometry":{"type":"Polygon","coordinates":[[[99.96647,8.40283],[99.96651,8.40272],[99.9666,8.40275],[99.96656,8.40286],[99.96647,8.40283]]]}},{"type":"Feature","id":"way/766207850","properties":{"id":"way/766207850","building":"yes","_elevM":10,"_bbox":[99.9660031,8.403071,99.9661765,8.4031831]},"geometry":{"type":"Polygon","coordinates":[[[99.966,8.40317],[99.96603,8.40307],[99.96618,8.40311],[99.96614,8.40318],[99.966,8.40317]]]}},{"type":"Feature","id":"way/766207851","properties":{"id":"way/766207851","building":"yes","_elevM":10,"_bbox":[99.9661093,8.4033896,99.9663198,8.4036015]},"geometry":{"type":"Polygon","coordinates":[[[99.96611,8.4036],[99.96616,8.40339],[99.96623,8.40343],[99.96623,8.40346],[99.96632,8.40346],[99.96629,8.40354],[99.9662,8.40353],[99.9662,8.40359],[99.96611,8.4036]]]}},{"type":"Feature","id":"way/766207852","properties":{"id":"way/766207852","building":"yes","_elevM":10,"_bbox":[99.966557,8.4034299,99.9669286,8.4039428]},"geometry":{"type":"Polygon","coordinates":[[[99.96656,8.40382],[99.96658,8.40361],[99.96661,8.4035],[99.96672,8.40352],[99.96674,8.40343],[99.96686,8.40348],[99.96683,8.40356],[99.96673,8.40353],[99.96671,8.40364],[99.96693,8.40372],[99.96682,8.40394],[99.96656,8.40382]]]}},{"type":"Feature","id":"way/766208788","properties":{"id":"way/766208788","building":"yes","_elevM":10,"_bbox":[99.9660241,8.403809,99.9662931,8.4039997]},"geometry":{"type":"Polygon","coordinates":[[[99.96602,8.40395],[99.96605,8.40381],[99.96629,8.40386],[99.96626,8.404],[99.96602,8.40395]]]}},{"type":"Feature","id":"way/766208793","properties":{"id":"way/766208793","building":"yes","_elevM":10,"_bbox":[99.9656093,8.4049781,99.9657467,8.4052971]},"geometry":{"type":"Polygon","coordinates":[[[99.96561,8.40528],[99.96568,8.40498],[99.96575,8.40499],[99.96567,8.4053],[99.96561,8.40528]]]}},{"type":"Feature","id":"way/766208794","properties":{"id":"way/766208794","building":"yes","_elevM":10,"_bbox":[99.9653945,8.4049077,99.9655871,8.4053083]},"geometry":{"type":"Polygon","coordinates":[[[99.96539,8.40528],[99.96548,8.40491],[99.96559,8.40493],[99.9655,8.40531],[99.96539,8.40528]]]}},{"type":"Feature","id":"way/766214189","properties":{"id":"way/766214189","building":"yes","_elevM":10,"_bbox":[99.9652059,8.4063002,99.9659942,8.4065815]},"geometry":{"type":"Polygon","coordinates":[[[99.96521,8.4063],[99.9656,8.40632],[99.96559,8.40635],[99.96571,8.40638],[99.96575,8.40633],[99.96599,8.40645],[99.96595,8.40658],[99.9654,8.40645],[99.96538,8.40658],[99.96521,8.40658],[99.96521,8.4063]]]}},{"type":"Feature","id":"way/766214190","properties":{"id":"way/766214190","building":"yes","_elevM":10,"_bbox":[99.9651582,8.4061582,99.9654413,8.4062725]},"geometry":{"type":"Polygon","coordinates":[[[99.96516,8.40626],[99.96516,8.40616],[99.96544,8.40617],[99.96544,8.40627],[99.96516,8.40626]]]}},{"type":"Feature","id":"way/766214191","properties":{"id":"way/766214191","building":"yes","_elevM":10,"_bbox":[99.965484,8.4066015,99.9657015,8.4067905]},"geometry":{"type":"Polygon","coordinates":[[[99.96548,8.40666],[99.96549,8.4066],[99.9657,8.40663],[99.96569,8.40674],[99.96566,8.40674],[99.96565,8.40679],[99.96556,8.40678],[99.96557,8.40667],[99.96548,8.40666]]]}},{"type":"Feature","id":"way/766214192","properties":{"id":"way/766214192","building":"yes","_elevM":10,"_bbox":[99.9657232,8.4068519,99.9660573,8.4070314]},"geometry":{"type":"Polygon","coordinates":[[[99.96572,8.40697],[99.96574,8.4069],[99.96586,8.40693],[99.96591,8.40685],[99.96606,8.40687],[99.96602,8.40703],[99.96572,8.40697]]]}},{"type":"Feature","id":"way/766214193","properties":{"id":"way/766214193","building":"yes","_elevM":10,"_bbox":[99.9659104,8.4066351,99.9660885,8.4068269]},"geometry":{"type":"Polygon","coordinates":[[[99.96591,8.40679],[99.96596,8.40664],[99.96609,8.40667],[99.96604,8.40683],[99.96591,8.40679]]]}},{"type":"Feature","id":"way/766214194","properties":{"id":"way/766214194","building":"yes","_elevM":10,"_bbox":[99.9651253,8.4067477,99.9656637,8.4071989]},"geometry":{"type":"Polygon","coordinates":[[[99.96513,8.40706],[99.96514,8.40697],[99.96547,8.40703],[99.96548,8.40699],[99.96536,8.40696],[99.96535,8.40675],[99.96544,8.40675],[99.96548,8.4069],[99.96556,8.40686],[99.96566,8.40687],[99.96551,8.4072],[99.96513,8.40706]]]}},{"type":"Feature","id":"way/766214195","properties":{"id":"way/766214195","building":"yes","_elevM":10,"_bbox":[99.9650079,8.4073679,99.965226,8.4075791]},"geometry":{"type":"Polygon","coordinates":[[[99.96501,8.40737],[99.96523,8.40737],[99.96519,8.40758],[99.96505,8.40754],[99.96501,8.40737]]]}},{"type":"Feature","id":"way/766214196","properties":{"id":"way/766214196","building":"yes","_elevM":10,"_bbox":[99.9652291,8.407481,99.9653907,8.4076395]},"geometry":{"type":"Polygon","coordinates":[[[99.96523,8.40763],[99.96526,8.40748],[99.96539,8.40749],[99.96538,8.40764],[99.96523,8.40763]]]}},{"type":"Feature","id":"way/766214197","properties":{"id":"way/766214197","building":"yes","_elevM":10,"_bbox":[99.9654289,8.4076108,99.9655829,8.4076953]},"geometry":{"type":"Polygon","coordinates":[[[99.96545,8.40761],[99.96558,8.40763],[99.96558,8.4077],[99.96543,8.40769],[99.96545,8.40761]]]}},{"type":"Feature","id":"way/766214198","properties":{"id":"way/766214198","building":"yes","_elevM":10,"_bbox":[99.9654975,8.4073483,99.9659322,8.4077526]},"geometry":{"type":"Polygon","coordinates":[[[99.96562,8.4077],[99.96566,8.40751],[99.9655,8.40746],[99.96553,8.40735],[99.96593,8.40747],[99.96589,8.40775],[99.96562,8.4077]]]}},{"type":"Feature","id":"way/766214199","properties":{"id":"way/766214199","building":"yes","_elevM":10,"_bbox":[99.9655585,8.4070073,99.9660222,8.4073558]},"geometry":{"type":"Polygon","coordinates":[[[99.96556,8.40726],[99.96569,8.40701],[99.96602,8.4071],[99.96596,8.40736],[99.96556,8.40726]]]}},{"type":"Feature","id":"way/766214200","properties":{"id":"way/766214200","building":"yes","_elevM":10,"_bbox":[99.9652615,8.4079094,99.9658715,8.4083422]},"geometry":{"type":"Polygon","coordinates":[[[99.96529,8.40823],[99.96531,8.40813],[99.96529,8.40812],[99.96531,8.40804],[99.96526,8.40803],[99.96527,8.40791],[99.96545,8.40796],[99.96542,8.40805],[99.96547,8.40808],[99.96552,8.40793],[99.96587,8.40798],[99.96575,8.40834],[99.96529,8.40823]]]}},{"type":"Feature","id":"way/766214201","properties":{"id":"way/766214201","building":"yes","_elevM":10,"_bbox":[99.9653062,8.4077883,99.9660274,8.4087134]},"geometry":{"type":"Polygon","coordinates":[[[99.96591,8.40795],[99.96531,8.40787],[99.96534,8.40779],[99.96603,8.4079],[99.96595,8.40859],[99.96582,8.40855],[99.96581,8.40859],[99.96595,8.40861],[99.96593,8.40871],[99.96568,8.40865],[99.96571,8.4085],[99.96562,8.40849],[99.96559,8.40863],[99.9655,8.40862],[99.96554,8.40846],[99.96548,8.40846],[99.96551,8.40834],[99.9658,8.40841],[99.96591,8.40795]]]}},{"type":"Feature","id":"way/766214202","properties":{"id":"way/766214202","building":"yes","_elevM":10,"_bbox":[99.9651547,8.4082446,99.9653986,8.4085739]},"geometry":{"type":"Polygon","coordinates":[[[99.96515,8.40854],[99.96524,8.40824],[99.9654,8.40829],[99.96533,8.40857],[99.96515,8.40854]]]}},{"type":"Feature","id":"way/766214203","properties":{"id":"way/766214203","building":"yes","_elevM":10,"_bbox":[99.9651224,8.4085945,99.9659338,8.4088529]},"geometry":{"type":"Polygon","coordinates":[[[99.96512,8.4087],[99.96516,8.40859],[99.96553,8.4087],[99.96593,8.40875],[99.96592,8.40885],[99.96552,8.40883],[99.96512,8.4087]]]}},{"type":"Feature","id":"way/766214204","properties":{"id":"way/766214204","building":"yes","_elevM":10,"_bbox":[99.9655416,8.4089034,99.9656904,8.4091414]},"geometry":{"type":"Polygon","coordinates":[[[99.96554,8.40901],[99.96556,8.4089],[99.96565,8.40892],[99.96563,8.40895],[99.96569,8.40896],[99.96566,8.40914],[99.96559,8.40913],[99.96561,8.40902],[99.96554,8.40901]]]}},{"type":"Feature","id":"way/766214205","properties":{"id":"way/766214205","building":"yes","_elevM":10,"_bbox":[99.9656072,8.4092379,99.9657917,8.4093372]},"geometry":{"type":"Polygon","coordinates":[[[99.96565,8.40934],[99.96565,8.40929],[99.96561,8.40929],[99.96561,8.40924],[99.96579,8.40924],[99.96579,8.40934],[99.96565,8.40934]]]}},{"type":"Feature","id":"way/766214206","properties":{"id":"way/766214206","building":"yes","_elevM":10,"_bbox":[99.9657105,8.4090535,99.9658426,8.4091279]},"geometry":{"type":"Polygon","coordinates":[[[99.96571,8.40912],[99.96571,8.40905],[99.96584,8.40906],[99.96584,8.40913],[99.96571,8.40912]]]}},{"type":"Feature","id":"way/766214207","properties":{"id":"way/766214207","building":"yes","_elevM":10,"_bbox":[99.965017,8.4091976,99.9651867,8.4093028]},"geometry":{"type":"Polygon","coordinates":[[[99.96502,8.40928],[99.96503,8.4092],[99.96519,8.40922],[99.96517,8.4093],[99.96502,8.40928]]]}},{"type":"Feature","id":"way/766214209","properties":{"id":"way/766214209","building":"yes","_elevM":10,"_bbox":[99.9657375,8.4093793,99.9658548,8.4095122]},"geometry":{"type":"Polygon","coordinates":[[[99.96574,8.40949],[99.96576,8.40938],[99.96585,8.4094],[99.96583,8.40951],[99.96574,8.40949]]]}},{"type":"Feature","id":"way/766214210","properties":{"id":"way/766214210","building":"yes","_elevM":10,"_bbox":[99.9654742,8.4093281,99.9658289,8.4097308]},"geometry":{"type":"Polygon","coordinates":[[[99.9655,8.40933],[99.96564,8.40936],[99.96561,8.40945],[99.96567,8.40948],[99.96566,8.40954],[99.96583,8.40957],[99.9658,8.40973],[99.96568,8.40971],[99.96569,8.40967],[99.96547,8.40963],[99.96549,8.40953],[99.96558,8.40952],[99.9656,8.40944],[99.96548,8.40941],[99.9655,8.40933]]]}},{"type":"Feature","id":"way/766214211","properties":{"id":"way/766214211","building":"yes","_elevM":10,"_bbox":[99.9649265,8.4094083,99.9651308,8.4095617]},"geometry":{"type":"Polygon","coordinates":[[[99.96496,8.40941],[99.96513,8.40946],[99.9651,8.40956],[99.96493,8.40951],[99.96496,8.40941]]]}},{"type":"Feature","id":"way/766214212","properties":{"id":"way/766214212","building":"yes","_elevM":10,"_bbox":[99.9652242,8.4093773,99.9654104,8.4095108]},"geometry":{"type":"Polygon","coordinates":[[[99.96522,8.40947],[99.96525,8.40938],[99.96541,8.40941],[99.96539,8.40951],[99.96522,8.40947]]]}},{"type":"Feature","id":"way/766214213","properties":{"id":"way/766214213","building":"yes","_elevM":10,"_bbox":[99.9652018,8.4092412,99.9653241,8.4093373]},"geometry":{"type":"Polygon","coordinates":[[[99.9652,8.40931],[99.96522,8.40924],[99.96532,8.40927],[99.96531,8.40934],[99.9652,8.40931]]]}},{"type":"Feature","id":"way/766214214","properties":{"id":"way/766214214","building":"yes","_elevM":10,"_bbox":[99.965255,8.4095163,99.9654533,8.4096247]},"geometry":{"type":"Polygon","coordinates":[[[99.96525,8.4096],[99.96527,8.40952],[99.96545,8.40954],[99.96544,8.40962],[99.96525,8.4096]]]}},{"type":"Feature","id":"way/766214215","properties":{"id":"way/766214215","building":"yes","_elevM":10,"_bbox":[99.9652544,8.4096864,99.9658068,8.4100101]},"geometry":{"type":"Polygon","coordinates":[[[99.96526,8.40982],[99.96525,8.40969],[99.96536,8.40969],[99.96539,8.40977],[99.96545,8.40978],[99.96545,8.40986],[99.96549,8.40986],[99.96552,8.40973],[99.96581,8.40979],[99.96578,8.41001],[99.9654,8.40993],[99.96526,8.40982]]]}},{"type":"Feature","id":"way/766214216","properties":{"id":"way/766214216","building":"yes","_elevM":10,"_bbox":[99.9647393,8.4095872,99.9657607,8.41079]},"geometry":{"type":"Polygon","coordinates":[[[99.96474,8.41053],[99.96484,8.40993],[99.96514,8.40997],[99.96514,8.40993],[99.96484,8.40987],[99.96489,8.40959],[99.96509,8.40968],[99.96519,8.40992],[99.96535,8.41],[99.96576,8.41009],[99.96574,8.41018],[99.96541,8.41014],[99.96539,8.41022],[99.96527,8.41021],[99.96525,8.41034],[99.96537,8.41036],[99.96538,8.4103],[99.96554,8.41033],[99.96555,8.41027],[99.96572,8.41028],[99.96566,8.41079],[99.96505,8.41067],[99.96504,8.41061],[99.96474,8.41053]]]}},{"type":"Feature","id":"way/766214217","properties":{"id":"way/766214217","building":"yes","_elevM":10,"_bbox":[99.9658906,8.4103391,99.9659679,8.4104284]},"geometry":{"type":"Polygon","coordinates":[[[99.96589,8.41042],[99.9659,8.41034],[99.96597,8.41035],[99.96596,8.41043],[99.96589,8.41042]]]}},{"type":"Feature","id":"way/766214218","properties":{"id":"way/766214218","building":"yes","_elevM":10,"_bbox":[99.9651885,8.4120974,99.9653811,8.4121944]},"geometry":{"type":"Polygon","coordinates":[[[99.96519,8.41218],[99.9652,8.4121],[99.96538,8.41212],[99.96537,8.41219],[99.96519,8.41218]]]}},{"type":"Feature","id":"way/766214220","properties":{"id":"way/766214220","building":"yes","_elevM":10,"_bbox":[99.9650053,8.412144,99.965106,8.4122238]},"geometry":{"type":"Polygon","coordinates":[[[99.96501,8.41221],[99.96501,8.41214],[99.96511,8.41215],[99.9651,8.41222],[99.96501,8.41221]]]}},{"type":"Feature","id":"way/766214221","properties":{"id":"way/766214221","building":"yes","_elevM":10,"_bbox":[99.9651554,8.4122048,99.9654086,8.4122551]},"geometry":{"type":"Polygon","coordinates":[[[99.96516,8.41224],[99.96516,8.4122],[99.96541,8.41222],[99.96541,8.41226],[99.96516,8.41224]]]}},{"type":"Feature","id":"way/766214222","properties":{"id":"way/766214222","building":"yes","_elevM":10,"_bbox":[99.9649037,8.4124408,99.9651876,8.4125742]},"geometry":{"type":"Polygon","coordinates":[[[99.9649,8.41256],[99.96491,8.41244],[99.96519,8.41246],[99.96518,8.41257],[99.9649,8.41256]]]}},{"type":"Feature","id":"way/766214223","properties":{"id":"way/766214223","building":"yes","_elevM":10,"_bbox":[99.9643408,8.4124973,99.964458,8.4126181]},"geometry":{"type":"Polygon","coordinates":[[[99.96434,8.41261],[99.96435,8.4125],[99.96446,8.41251],[99.96445,8.41262],[99.96434,8.41261]]]}},{"type":"Feature","id":"way/766214224","properties":{"id":"way/766214224","building":"yes","_elevM":10,"_bbox":[99.9644427,8.41264,99.9647557,8.4127798]},"geometry":{"type":"Polygon","coordinates":[[[99.96444,8.41275],[99.96445,8.41264],[99.96476,8.41267],[99.96474,8.41278],[99.96444,8.41275]]]}},{"type":"Feature","id":"way/766214227","properties":{"id":"way/766214227","building":"yes","_elevM":10,"_bbox":[99.9646875,8.4128699,99.965046,8.4130932]},"geometry":{"type":"Polygon","coordinates":[[[99.96469,8.41294],[99.96469,8.41287],[99.96501,8.41288],[99.96501,8.41297],[99.96505,8.41298],[99.96505,8.41309],[99.96479,8.41308],[99.96478,8.41296],[99.96469,8.41294]]]}},{"type":"Feature","id":"way/766214228","properties":{"id":"way/766214228","building":"yes","_elevM":10,"_bbox":[99.9642613,8.4128043,99.9648242,8.4133993]},"geometry":{"type":"Polygon","coordinates":[[[99.96438,8.41291],[99.9644,8.4128],[99.96452,8.41285],[99.96452,8.41296],[99.96469,8.41299],[99.96468,8.41305],[99.96482,8.4131],[99.96473,8.4134],[99.96426,8.41335],[99.96429,8.41311],[99.96461,8.41315],[99.96461,8.41311],[99.96441,8.41307],[99.96443,8.413],[99.96447,8.413],[99.96446,8.41293],[99.96438,8.41291]]]}},{"type":"Feature","id":"way/766214230","properties":{"id":"way/766214230","building":"yes","_elevM":10,"_bbox":[99.9648489,8.413146,99.9649855,8.4133153]},"geometry":{"type":"Polygon","coordinates":[[[99.96485,8.4133],[99.96487,8.41315],[99.96499,8.41316],[99.96497,8.41332],[99.96485,8.4133]]]}},{"type":"Feature","id":"way/766214231","properties":{"id":"way/766214231","building":"yes","_elevM":10,"_bbox":[99.9650354,8.4129724,99.9653846,8.4133927]},"geometry":{"type":"Polygon","coordinates":[[[99.96504,8.41337],[99.96511,8.41297],[99.96538,8.413],[99.96536,8.41312],[99.96526,8.4131],[99.96526,8.41318],[99.96534,8.41319],[99.96531,8.41338],[99.96517,8.41335],[99.96517,8.41339],[99.96504,8.41337]]]}},{"type":"Feature","id":"way/766214232","properties":{"id":"way/766214232","building":"yes","_elevM":10,"_bbox":[99.9651942,8.4133974,99.9652894,8.4134667]},"geometry":{"type":"Polygon","coordinates":[[[99.96519,8.41345],[99.9652,8.4134],[99.96529,8.41341],[99.96528,8.41347],[99.96519,8.41345]]]}},{"type":"Feature","id":"way/766214233","properties":{"id":"way/766214233","building":"yes","_elevM":10,"_bbox":[99.9647866,8.413466,99.9651743,8.4136367]},"geometry":{"type":"Polygon","coordinates":[[[99.96479,8.41357],[99.96482,8.41347],[99.96493,8.41348],[99.96503,8.41351],[99.96517,8.41352],[99.96517,8.41364],[99.96499,8.41358],[99.96479,8.41357]]]}},{"type":"Feature","id":"way/766214234","properties":{"id":"way/766214234","building":"yes","_elevM":10,"_bbox":[99.9652123,8.4135364,99.9653052,8.413627]},"geometry":{"type":"Polygon","coordinates":[[[99.96521,8.41361],[99.96522,8.41354],[99.96531,8.41355],[99.96529,8.41363],[99.96521,8.41361]]]}},{"type":"Feature","id":"way/766214235","properties":{"id":"way/766214235","building":"yes","_elevM":10,"_bbox":[99.964931,8.4136144,99.9652732,8.4137825]},"geometry":{"type":"Polygon","coordinates":[[[99.96493,8.41365],[99.96502,8.41361],[99.96527,8.4137],[99.96527,8.41378],[99.96514,8.41376],[99.96513,8.4137],[99.96493,8.41365]]]}},{"type":"Feature","id":"way/766214236","properties":{"id":"way/766214236","building":"yes","_elevM":10,"_bbox":[99.9641797,8.4134314,99.9651992,8.414177]},"geometry":{"type":"Polygon","coordinates":[[[99.96426,8.41343],[99.96437,8.41345],[99.96432,8.41358],[99.96438,8.41358],[99.96441,8.41348],[99.96448,8.4135],[99.96448,8.41348],[99.96462,8.41349],[99.96461,8.41358],[99.96475,8.41362],[99.96469,8.41388],[99.96482,8.4139],[99.96481,8.41382],[99.96484,8.41379],[99.96493,8.4138],[99.96493,8.41378],[99.965,8.41379],[99.96504,8.41382],[99.96513,8.41384],[99.96514,8.4138],[99.9652,8.41381],[99.9652,8.4139],[99.9651,8.41389],[99.96508,8.41392],[99.96503,8.41392],[99.96502,8.41403],[99.96517,8.41405],[99.96514,8.41418],[99.96487,8.41414],[99.96488,8.4141],[99.96479,8.41408],[99.96475,8.41413],[99.96464,8.41411],[99.96463,8.414],[99.96456,8.41398],[99.96453,8.41409],[99.96444,8.41409],[99.96451,8.41373],[99.96458,8.41374],[99.96459,8.41362],[99.9645,8.41361],[99.96448,8.41371],[99.96436,8.41367],[99.96434,8.41371],[99.96447,8.41374],[99.96444,8.4139],[99.96427,8.41386],[99.96428,8.41377],[99.96418,8.41374],[99.96421,8.41356],[99.96428,8.41356],[99.9643,8.41348],[99.96424,8.41348],[99.96426,8.41343]]]}},{"type":"Feature","id":"way/766214238","properties":{"id":"way/766214238","building":"yes","_elevM":10,"_bbox":[99.9640868,8.4139154,99.9642494,8.4140646]},"geometry":{"type":"Polygon","coordinates":[[[99.96409,8.41405],[99.9641,8.41392],[99.96425,8.41393],[99.96423,8.41406],[99.96409,8.41405]]]}},{"type":"Feature","id":"way/766214239","properties":{"id":"way/766214239","building":"yes","_elevM":10,"_bbox":[99.9642988,8.4139345,99.9644113,8.4140589]},"geometry":{"type":"Polygon","coordinates":[[[99.9643,8.41405],[99.96431,8.41393],[99.96441,8.41395],[99.9644,8.41406],[99.9643,8.41405]]]}},{"type":"Feature","id":"way/766214240","properties":{"id":"way/766214240","building":"yes","_elevM":10,"_bbox":[99.9648373,8.4142329,99.9651972,8.4144411]},"geometry":{"type":"Polygon","coordinates":[[[99.96484,8.41444],[99.96487,8.41423],[99.9652,8.41426],[99.96517,8.41443],[99.96484,8.41444]]]}},{"type":"Feature","id":"way/766214241","properties":{"id":"way/766214241","building":"yes","_elevM":10,"_bbox":[99.9648114,8.4144562,99.9651652,8.4147278]},"geometry":{"type":"Polygon","coordinates":[[[99.96481,8.4147],[99.96482,8.41463],[99.96488,8.41463],[99.96488,8.41451],[99.96498,8.41451],[99.96499,8.41446],[99.96517,8.41446],[99.96515,8.41469],[99.96501,8.41467],[99.96501,8.41463],[99.9649,8.41464],[99.96489,8.41473],[99.96481,8.4147]]]}},{"type":"Feature","id":"way/766214242","properties":{"id":"way/766214242","building":"yes","_elevM":10,"_bbox":[99.9639982,8.4142909,99.9641185,8.4144225]},"geometry":{"type":"Polygon","coordinates":[[[99.964,8.4144],[99.96403,8.41429],[99.96412,8.41432],[99.96409,8.41442],[99.964,8.4144]]]}},{"type":"Feature","id":"way/766214243","properties":{"id":"way/766214243","building":"yes","_elevM":10,"_bbox":[99.9642314,8.4141966,99.9644049,8.4144115]},"geometry":{"type":"Polygon","coordinates":[[[99.96423,8.41438],[99.96427,8.4142],[99.96438,8.41422],[99.96437,8.41428],[99.9644,8.41429],[99.96438,8.41441],[99.96423,8.41438]]]}},{"type":"Feature","id":"way/766214244","properties":{"id":"way/766214244","building":"yes","_elevM":10,"_bbox":[99.9652585,8.4144066,99.96566,8.4146704]},"geometry":{"type":"Polygon","coordinates":[[[99.96526,8.41457],[99.96529,8.41441],[99.96559,8.41447],[99.96556,8.41459],[99.96566,8.41461],[99.96565,8.41467],[99.96526,8.41457]]]}},{"type":"Feature","id":"way/766214245","properties":{"id":"way/766214245","building":"yes","_elevM":10,"_bbox":[99.9651925,8.4147843,99.9652998,8.4149122]},"geometry":{"type":"Polygon","coordinates":[[[99.96519,8.4149],[99.96521,8.41478],[99.9653,8.4148],[99.96528,8.41491],[99.96519,8.4149]]]}},{"type":"Feature","id":"way/766214246","properties":{"id":"way/766214246","building":"yes","_elevM":10,"_bbox":[99.9653448,8.4148197,99.9654566,8.4149641]},"geometry":{"type":"Polygon","coordinates":[[[99.96534,8.41495],[99.96537,8.41482],[99.96546,8.41484],[99.96543,8.41496],[99.96534,8.41495]]]}},{"type":"Feature","id":"way/766214247","properties":{"id":"way/766214247","building":"yes","_elevM":10,"_bbox":[99.9656288,8.4145171,99.966141,8.4150815]},"geometry":{"type":"Polygon","coordinates":[[[99.96563,8.41499],[99.96566,8.41489],[99.96579,8.41493],[99.96581,8.41479],[99.96569,8.41474],[99.96574,8.41452],[99.96614,8.41465],[99.96597,8.41508],[99.96563,8.41499]]]}},{"type":"Feature","id":"way/766214248","properties":{"id":"way/766214248","building":"yes","_elevM":10,"_bbox":[99.9661556,8.4145083,99.9669183,8.415237]},"geometry":{"type":"Polygon","coordinates":[[[99.96616,8.4151],[99.96621,8.41479],[99.96643,8.41487],[99.96645,8.4148],[99.96627,8.41475],[99.96633,8.41451],[99.96669,8.41459],[99.96676,8.41473],[99.96689,8.41477],[99.96689,8.4149],[99.96692,8.41492],[99.96686,8.41512],[99.96676,8.41509],[99.96668,8.41522],[99.96661,8.41517],[99.96664,8.41506],[99.96672,8.41507],[99.9668,8.41504],[99.96683,8.415],[99.96684,8.4149],[99.96673,8.41488],[99.96667,8.41503],[99.96658,8.41502],[99.96637,8.41495],[99.96632,8.41507],[99.96657,8.41513],[99.96649,8.41524],[99.96616,8.4151]]]}},{"type":"Feature","id":"way/766214249","properties":{"id":"way/766214249","building":"yes","_elevM":10,"_bbox":[99.9668974,8.4147191,99.9676905,8.4151023]},"geometry":{"type":"Polygon","coordinates":[[[99.96705,8.41472],[99.96716,8.41475],[99.96755,8.41493],[99.96757,8.41487],[99.96769,8.4149],[99.96766,8.4151],[99.9671,8.41492],[99.96701,8.4151],[99.9669,8.41506],[99.96705,8.41472]]]}},{"type":"Feature","id":"way/766214250","properties":{"id":"way/766214250","building":"yes","_elevM":10,"_bbox":[99.9666786,8.4151139,99.9668243,8.415348]},"geometry":{"type":"Polygon","coordinates":[[[99.96668,8.41532],[99.96676,8.41511],[99.96682,8.41514],[99.96674,8.41535],[99.96668,8.41532]]]}},{"type":"Feature","id":"way/766214251","properties":{"id":"way/766214251","building":"yes","_elevM":10,"_bbox":[99.9669325,8.4150103,99.9676356,8.4156153]},"geometry":{"type":"Polygon","coordinates":[[[99.96693,8.41543],[99.96702,8.41524],[99.96713,8.41526],[99.96716,8.41514],[99.96708,8.41514],[99.96714,8.41501],[99.96764,8.41517],[99.9675,8.41562],[99.96693,8.41543]]]}},{"type":"Feature","id":"way/766214252","properties":{"id":"way/766214252","building":"yes","_elevM":10,"_bbox":[99.9668394,8.4151503,99.9669685,8.415296]},"geometry":{"type":"Polygon","coordinates":[[[99.96684,8.41526],[99.96689,8.41515],[99.96697,8.41518],[99.96692,8.4153],[99.96684,8.41526]]]}},{"type":"Feature","id":"way/766214253","properties":{"id":"way/766214253","building":"yes","_elevM":10,"_bbox":[99.964619,8.4107718,99.9656106,8.4112918]},"geometry":{"type":"Polygon","coordinates":[[[99.96466,8.41078],[99.96475,8.41079],[99.96474,8.41089],[99.96483,8.41091],[99.96484,8.41077],[99.96561,8.41094],[99.96558,8.41129],[99.96501,8.41121],[99.96501,8.41111],[99.96471,8.41104],[99.96471,8.41091],[99.96462,8.41088],[99.96466,8.41078]]]}},{"type":"Feature","id":"way/766214255","properties":{"id":"way/766214255","building":"yes","_elevM":10,"_bbox":[99.9647104,8.4113392,99.965087,8.4115715]},"geometry":{"type":"Polygon","coordinates":[[[99.96471,8.41155],[99.96472,8.4114],[99.96478,8.4114],[99.96478,8.41134],[99.96492,8.41135],[99.96489,8.41141],[99.96509,8.41142],[99.96508,8.41157],[99.96471,8.41155]]]}},{"type":"Feature","id":"way/766214256","properties":{"id":"way/766214256","building":"yes","_elevM":10,"_bbox":[99.964509,8.4116618,99.9646255,8.411723]},"geometry":{"type":"Polygon","coordinates":[[[99.96452,8.41166],[99.96463,8.41168],[99.96462,8.41172],[99.96451,8.4117],[99.96452,8.41166]]]}},{"type":"Feature","id":"way/766214257","properties":{"id":"way/766214257","building":"yes","_elevM":10,"_bbox":[99.9644473,8.4117302,99.9649168,8.4119798]},"geometry":{"type":"Polygon","coordinates":[[[99.96445,8.41196],[99.96446,8.41183],[99.96476,8.41185],[99.96479,8.41173],[99.96492,8.41177],[99.96489,8.4119],[99.96481,8.4119],[99.96472,8.41198],[99.96445,8.41196]]]}},{"type":"Feature","id":"way/766214258","properties":{"id":"way/766214258","building":"yes","_elevM":10,"_bbox":[99.9651272,8.4114617,99.9652248,8.4115683]},"geometry":{"type":"Polygon","coordinates":[[[99.96513,8.41156],[99.96513,8.41146],[99.96522,8.41147],[99.96522,8.41157],[99.96513,8.41156]]]}},{"type":"Feature","id":"way/766214259","properties":{"id":"way/766214259","building":"yes","_elevM":10,"_bbox":[99.9653143,8.4113296,99.9655675,8.411656]},"geometry":{"type":"Polygon","coordinates":[[[99.96531,8.41162],[99.96537,8.41133],[99.96557,8.41137],[99.96551,8.41166],[99.96531,8.41162]]]}},{"type":"Feature","id":"way/766214260","properties":{"id":"way/766214260","building":"yes","_elevM":10,"_bbox":[99.9649168,8.4117907,99.9650276,8.4119883]},"geometry":{"type":"Polygon","coordinates":[[[99.96492,8.41198],[99.96494,8.41179],[99.96503,8.4118],[99.96501,8.41199],[99.96492,8.41198]]]}},{"type":"Feature","id":"way/766214261","properties":{"id":"way/766214261","building":"yes","_elevM":10,"_bbox":[99.9650758,8.4116592,99.9655112,8.412041]},"geometry":{"type":"Polygon","coordinates":[[[99.96509,8.41199],[99.96508,8.41182],[99.96512,8.41181],[99.96511,8.41166],[99.96521,8.41167],[99.96521,8.4118],[99.96534,8.41186],[99.96534,8.41189],[99.96551,8.41187],[99.9655,8.41204],[99.96533,8.41202],[99.96532,8.41194],[99.9652,8.41193],[99.96519,8.41201],[99.96509,8.41199]]]}},{"type":"Feature","id":"way/766416691","properties":{"id":"way/766416691","building":"yes","_elevM":10,"_bbox":[99.9648738,8.4036056,99.9653268,8.4043494]},"geometry":{"type":"Polygon","coordinates":[[[99.96487,8.40426],[99.96488,8.40419],[99.96504,8.40423],[99.96508,8.40414],[99.96491,8.40408],[99.96499,8.40376],[99.96508,8.40376],[99.96511,8.40361],[99.9653,8.40364],[99.96525,8.4038],[99.96533,8.40383],[99.96517,8.40435],[99.96487,8.40426]]]}},{"type":"Feature","id":"way/766416692","properties":{"id":"way/766416692","building":"yes","_elevM":10,"_bbox":[99.9645622,8.4034898,99.9648577,8.4043003]},"geometry":{"type":"Polygon","coordinates":[[[99.96469,8.40349],[99.96477,8.40352],[99.96474,8.40368],[99.96486,8.4037],[99.96477,8.40424],[99.96472,8.40423],[99.96469,8.4043],[99.96456,8.40427],[99.96469,8.40349]]]}},{"type":"Feature","id":"way/766416693","properties":{"id":"way/766416693","building":"yes","_elevM":10,"_bbox":[99.9645126,8.4043703,99.9651497,8.4046959]},"geometry":{"type":"Polygon","coordinates":[[[99.96451,8.40452],[99.96455,8.40437],[99.96515,8.40456],[99.96511,8.4047],[99.96451,8.40452]]]}},{"type":"Feature","id":"way/766416694","properties":{"id":"way/766416694","building":"yes","_elevM":10,"_bbox":[99.9653213,8.4040675,99.9655142,8.4042425]},"geometry":{"type":"Polygon","coordinates":[[[99.96532,8.4042],[99.96537,8.40407],[99.96551,8.4041],[99.96548,8.40424],[99.96532,8.4042]]]}},{"type":"Feature","id":"way/766416696","properties":{"id":"way/766416696","building":"yes","_elevM":10,"_bbox":[99.965286,8.4045261,99.9654204,8.4046924]},"geometry":{"type":"Polygon","coordinates":[[[99.96529,8.40467],[99.96532,8.40453],[99.96542,8.40456],[99.96539,8.40469],[99.96529,8.40467]]]}},{"type":"Feature","id":"way/766416697","properties":{"id":"way/766416697","building":"yes","_elevM":10,"_bbox":[99.9654841,8.4037279,99.9657814,8.4041042]},"geometry":{"type":"Polygon","coordinates":[[[99.96548,8.40386],[99.96553,8.40373],[99.96578,8.40381],[99.96575,8.40396],[99.96568,8.40393],[99.96565,8.4041],[99.96552,8.40408],[99.96555,8.40388],[99.96548,8.40386]]]}},{"type":"Feature","id":"way/766416698","properties":{"id":"way/766416698","building":"yes","_elevM":10,"_bbox":[99.9652665,8.4043948,99.9654541,8.4045296]},"geometry":{"type":"Polygon","coordinates":[[[99.96527,8.40448],[99.96529,8.40439],[99.96545,8.40444],[99.96543,8.40453],[99.96527,8.40448]]]}},{"type":"Feature","id":"way/766416706","properties":{"id":"way/766416706","building":"yes","_elevM":10,"_bbox":[99.9648938,8.405196,99.9650736,8.4053294]},"geometry":{"type":"Polygon","coordinates":[[[99.96492,8.4052],[99.96507,8.40525],[99.96504,8.40533],[99.96489,8.40527],[99.96492,8.4052]]]}},{"type":"Feature","id":"way/766416707","properties":{"id":"way/766416707","building":"yes","_elevM":10,"_bbox":[99.9650706,8.4052522,99.96523,8.4054393]},"geometry":{"type":"Polygon","coordinates":[[[99.96507,8.4054],[99.96512,8.40525],[99.96523,8.40529],[99.96518,8.40544],[99.96507,8.4054]]]}},{"type":"Feature","id":"way/766416708","properties":{"id":"way/766416708","building":"yes","_elevM":10,"_bbox":[99.9650276,8.4050264,99.9652659,8.4051749]},"geometry":{"type":"Polygon","coordinates":[[[99.96503,8.40513],[99.96505,8.40503],[99.96527,8.40507],[99.96524,8.40517],[99.96503,8.40513]]]}},{"type":"Feature","id":"way/766416709","properties":{"id":"way/766416709","building":"yes","_elevM":10,"_bbox":[99.9641425,8.4050894,99.964748,8.4054264]},"geometry":{"type":"Polygon","coordinates":[[[99.96414,8.40518],[99.96418,8.40509],[99.96452,8.40523],[99.96455,8.40516],[99.96466,8.40521],[99.96464,8.40526],[99.96475,8.40531],[99.96469,8.40543],[99.96414,8.40518]]]}},{"type":"Feature","id":"way/766416710","properties":{"id":"way/766416710","building":"yes","_elevM":10,"_bbox":[99.9639261,8.4051992,99.9642573,8.4054619]},"geometry":{"type":"Polygon","coordinates":[[[99.96405,8.40546],[99.96393,8.40541],[99.964,8.4052],[99.96426,8.40533],[99.96422,8.40541],[99.96409,8.40535],[99.96405,8.40546]]]}},{"type":"Feature","id":"way/766416711","properties":{"id":"way/766416711","building":"yes","_elevM":10,"_bbox":[99.9636471,8.4054645,99.9640843,8.4057763]},"geometry":{"type":"Polygon","coordinates":[[[99.96365,8.40568],[99.96374,8.40546],[99.96384,8.40553],[99.96408,8.40554],[99.96407,8.40564],[99.96385,8.40562],[99.96373,8.40578],[99.96365,8.40568]]]}},{"type":"Feature","id":"way/766416712","properties":{"id":"way/766416712","building":"yes","_elevM":10,"_bbox":[99.9639408,8.4057883,99.9643043,8.4060165]},"geometry":{"type":"Polygon","coordinates":[[[99.96394,8.40598],[99.96408,8.40579],[99.9643,8.40583],[99.9643,8.406],[99.96424,8.40599],[99.96423,8.40595],[99.96409,8.40593],[99.96405,8.40602],[99.96394,8.40598]]]}},{"type":"Feature","id":"way/766416713","properties":{"id":"way/766416713","building":"yes","_elevM":10,"_bbox":[99.9642345,8.4055455,99.9643378,8.4057193]},"geometry":{"type":"Polygon","coordinates":[[[99.96423,8.40569],[99.96426,8.40555],[99.96434,8.40557],[99.9643,8.40572],[99.96423,8.40569]]]}},{"type":"Feature","id":"way/766416714","properties":{"id":"way/766416714","building":"yes","_elevM":10,"_bbox":[99.964374,8.405775,99.9645162,8.4059806]},"geometry":{"type":"Polygon","coordinates":[[[99.96439,8.40598],[99.96437,8.40578],[99.9645,8.40578],[99.96452,8.40597],[99.96439,8.40598]]]}},{"type":"Feature","id":"way/766416715","properties":{"id":"way/766416715","building":"yes","_elevM":10,"_bbox":[99.9645921,8.4056157,99.9650703,8.4059108]},"geometry":{"type":"Polygon","coordinates":[[[99.96459,8.40584],[99.96463,8.40562],[99.96507,8.40569],[99.96503,8.40591],[99.96459,8.40584]]]}},{"type":"Feature","id":"way/766416716","properties":{"id":"way/766416716","building":"yes","_elevM":10,"_bbox":[99.9644883,8.4060278,99.9650755,8.4063697]},"geometry":{"type":"Polygon","coordinates":[[[99.96449,8.4062],[99.96449,8.40608],[99.96481,8.40603],[99.96508,8.40608],[99.96507,8.40637],[99.96498,8.40636],[99.96498,8.40613],[99.96493,8.40613],[99.96488,8.40635],[99.9648,8.40633],[99.96484,8.40614],[99.96471,8.40615],[99.96469,8.40621],[99.96449,8.4062]]]}},{"type":"Feature","id":"way/766416718","properties":{"id":"way/766416718","building":"yes","_elevM":10,"_bbox":[99.9640961,8.4061481,99.9643845,8.4065096]},"geometry":{"type":"Polygon","coordinates":[[[99.96412,8.40618],[99.96431,8.40615],[99.96438,8.40646],[99.96426,8.40651],[99.96424,8.40645],[99.96427,8.40644],[99.96425,8.40637],[99.96418,8.40638],[99.96417,8.40634],[99.96411,8.40633],[99.9641,8.40627],[99.96415,8.40625],[99.96412,8.40618]]]}},{"type":"Feature","id":"way/766416719","properties":{"id":"way/766416719","building":"yes","_elevM":10,"_bbox":[99.9649349,8.4067004,99.9650924,8.4069857]},"geometry":{"type":"Polygon","coordinates":[[[99.96493,8.40697],[99.96497,8.4067],[99.96509,8.40672],[99.96504,8.40699],[99.96493,8.40697]]]}},{"type":"Feature","id":"way/766416720","properties":{"id":"way/766416720","building":"yes","_elevM":10,"_bbox":[99.964742,8.4064466,99.9648889,8.406921]},"geometry":{"type":"Polygon","coordinates":[[[99.96474,8.40645],[99.96489,8.40645],[99.96487,8.40692],[99.96481,8.40692],[99.96474,8.40645]]]}},{"type":"Feature","id":"way/766416721","properties":{"id":"way/766416721","building":"yes","_elevM":10,"_bbox":[99.9643567,8.4065308,99.9645365,8.4067779]},"geometry":{"type":"Polygon","coordinates":[[[99.96436,8.40655],[99.96451,8.40653],[99.96454,8.40664],[99.96445,8.40665],[99.96449,8.40677],[99.96439,8.40678],[99.96436,8.40655]]]}},{"type":"Feature","id":"way/766416722","properties":{"id":"way/766416722","building":"yes","_elevM":10,"_bbox":[99.9643917,8.4068126,99.9647723,8.407121]},"geometry":{"type":"Polygon","coordinates":[[[99.96439,8.4071],[99.96441,8.40695],[99.96447,8.40694],[99.96445,8.40683],[99.96457,8.40681],[99.96458,8.40686],[99.96477,8.40686],[99.96477,8.407],[99.96459,8.40703],[99.96458,8.407],[99.9645,8.40701],[99.96448,8.40712],[99.96439,8.4071]]]}},{"type":"Feature","id":"way/766416723","properties":{"id":"way/766416723","building":"yes","_elevM":10,"_bbox":[99.9645523,8.4066432,99.9646397,8.4067769]},"geometry":{"type":"Polygon","coordinates":[[[99.96457,8.40677],[99.96455,8.40665],[99.96463,8.40664],[99.96464,8.40678],[99.96457,8.40677]]]}},{"type":"Feature","id":"way/766416724","properties":{"id":"way/766416724","building":"yes","_elevM":10,"_bbox":[99.9644842,8.4070313,99.9650036,8.4073561]},"geometry":{"type":"Polygon","coordinates":[[[99.96448,8.40726],[99.96449,8.4072],[99.96455,8.40719],[99.96456,8.40716],[99.96461,8.40715],[99.96463,8.40709],[99.96473,8.40709],[99.96476,8.40705],[99.96481,8.40706],[99.96483,8.40703],[99.965,8.40703],[99.96489,8.40736],[99.96462,8.40731],[99.96464,8.40721],[99.96462,8.40721],[99.96458,8.40729],[99.96448,8.40726]]]}},{"type":"Feature","id":"way/766416726","properties":{"id":"way/766416726","building":"yes","_elevM":10,"_bbox":[99.964329,8.4073172,99.9648989,8.4079253]},"geometry":{"type":"Polygon","coordinates":[[[99.96433,8.40791],[99.96444,8.40732],[99.9649,8.40743],[99.9649,8.40748],[99.96452,8.40741],[99.9644,8.40793],[99.96433,8.40791]]]}},{"type":"Feature","id":"way/766416727","properties":{"id":"way/766416727","building":"yes","_elevM":10,"_bbox":[99.9648228,8.4075101,99.964898,8.4075993]},"geometry":{"type":"Polygon","coordinates":[[[99.96482,8.40759],[99.96484,8.40751],[99.9649,8.40753],[99.96489,8.4076],[99.96482,8.40759]]]}},{"type":"Feature","id":"way/766416728","properties":{"id":"way/766416728","building":"yes","_elevM":10,"_bbox":[99.9647188,8.4074908,99.964794,8.4075801]},"geometry":{"type":"Polygon","coordinates":[[[99.96472,8.40757],[99.96473,8.40749],[99.96479,8.40751],[99.96478,8.40758],[99.96472,8.40757]]]}},{"type":"Feature","id":"way/766416729","properties":{"id":"way/766416729","building":"yes","_elevM":10,"_bbox":[99.9646171,8.4074698,99.9646923,8.4075591]},"geometry":{"type":"Polygon","coordinates":[[[99.96462,8.40755],[99.96463,8.40747],[99.96469,8.40749],[99.96468,8.40756],[99.96462,8.40755]]]}},{"type":"Feature","id":"way/766416730","properties":{"id":"way/766416730","building":"yes","_elevM":10,"_bbox":[99.9645118,8.4074575,99.964587,8.4075468]},"geometry":{"type":"Polygon","coordinates":[[[99.96451,8.40754],[99.96453,8.40746],[99.96459,8.40747],[99.96457,8.40755],[99.96451,8.40754]]]}},{"type":"Feature","id":"way/766416731","properties":{"id":"way/766416731","building":"yes","_elevM":10,"_bbox":[99.9644789,8.4076367,99.9645562,8.4077239]},"geometry":{"type":"Polygon","coordinates":[[[99.96448,8.40771],[99.96449,8.40764],[99.96456,8.40765],[99.96454,8.40772],[99.96448,8.40771]]]}},{"type":"Feature","id":"way/766416732","properties":{"id":"way/766416732","building":"yes","_elevM":10,"_bbox":[99.9644594,8.4077672,99.9645367,8.4078544]},"geometry":{"type":"Polygon","coordinates":[[[99.96446,8.40784],[99.96448,8.40777],[99.96454,8.40778],[99.96452,8.40785],[99.96446,8.40784]]]}},{"type":"Feature","id":"way/766416733","properties":{"id":"way/766416733","building":"yes","_elevM":10,"_bbox":[99.9644187,8.407937,99.964496,8.4080242]},"geometry":{"type":"Polygon","coordinates":[[[99.96442,8.40801],[99.96443,8.40794],[99.9645,8.40795],[99.96448,8.40802],[99.96442,8.40801]]]}},{"type":"Feature","id":"way/766416734","properties":{"id":"way/766416734","building":"yes","_elevM":10,"_bbox":[99.9645189,8.4079573,99.9645941,8.4080466]},"geometry":{"type":"Polygon","coordinates":[[[99.96452,8.40804],[99.96453,8.40796],[99.96459,8.40797],[99.96458,8.40805],[99.96452,8.40804]]]}},{"type":"Feature","id":"way/766416735","properties":{"id":"way/766416735","building":"yes","_elevM":10,"_bbox":[99.9646178,8.4079982,99.9646951,8.4080854]},"geometry":{"type":"Polygon","coordinates":[[[99.96462,8.40807],[99.96463,8.408],[99.9647,8.40801],[99.96468,8.40809],[99.96462,8.40807]]]}},{"type":"Feature","id":"way/766416737","properties":{"id":"way/766416737","building":"yes","_elevM":10,"_bbox":[99.9645671,8.4077697,99.9646611,8.4078611]},"geometry":{"type":"Polygon","coordinates":[[[99.96457,8.40785],[99.96458,8.40777],[99.96466,8.40779],[99.96465,8.40786],[99.96457,8.40785]]]}},{"type":"Feature","id":"way/766416738","properties":{"id":"way/766416738","building":"yes","_elevM":10,"_bbox":[99.964584,8.4076462,99.964678,8.4077377]},"geometry":{"type":"Polygon","coordinates":[[[99.96458,8.40772],[99.9646,8.40765],[99.96468,8.40766],[99.96467,8.40774],[99.96458,8.40772]]]}},{"type":"Feature","id":"way/766416739","properties":{"id":"way/766416739","building":"yes","_elevM":10,"_bbox":[99.9641805,8.4072905,99.9643713,8.4076687]},"geometry":{"type":"Polygon","coordinates":[[[99.96418,8.40765],[99.96425,8.40729],[99.96437,8.40731],[99.9643,8.40767],[99.96418,8.40765]]]}},{"type":"Feature","id":"way/766416740","properties":{"id":"way/766416740","building":"yes","_elevM":10,"_bbox":[99.9641585,8.4079015,99.9642712,8.4079869]},"geometry":{"type":"Polygon","coordinates":[[[99.96417,8.4079],[99.96427,8.40792],[99.96426,8.40799],[99.96416,8.40797],[99.96417,8.4079]]]}},{"type":"Feature","id":"way/766416741","properties":{"id":"way/766416741","building":"yes","_elevM":10,"_bbox":[99.9642233,8.4080112,99.9643622,8.4081478]},"geometry":{"type":"Polygon","coordinates":[[[99.96422,8.40813],[99.96425,8.40801],[99.96436,8.40804],[99.96434,8.40815],[99.96422,8.40813]]]}},{"type":"Feature","id":"way/766416742","properties":{"id":"way/766416742","building":"yes","_elevM":10,"_bbox":[99.9643796,8.4080488,99.9645186,8.4081851]},"geometry":{"type":"Polygon","coordinates":[[[99.96438,8.40816],[99.9644,8.40805],[99.96452,8.40807],[99.96449,8.40819],[99.96438,8.40816]]]}},{"type":"Feature","id":"way/766416743","properties":{"id":"way/766416743","building":"yes","_elevM":10,"_bbox":[99.9645237,8.4080847,99.9646626,8.4082213]},"geometry":{"type":"Polygon","coordinates":[[[99.96452,8.4082],[99.96455,8.40808],[99.96466,8.40811],[99.96464,8.40822],[99.96452,8.4082]]]}},{"type":"Feature","id":"way/766416744","properties":{"id":"way/766416744","building":"yes","_elevM":10,"_bbox":[99.9641593,8.4082474,99.9642982,8.4083837]},"geometry":{"type":"Polygon","coordinates":[[[99.96416,8.40836],[99.96418,8.40825],[99.9643,8.40827],[99.96427,8.40838],[99.96416,8.40836]]]}},{"type":"Feature","id":"way/766416745","properties":{"id":"way/766416745","building":"yes","_elevM":10,"_bbox":[99.9643282,8.4082738,99.9644671,8.4084103]},"geometry":{"type":"Polygon","coordinates":[[[99.96433,8.40839],[99.96435,8.40827],[99.96447,8.4083],[99.96445,8.40841],[99.96433,8.40839]]]}},{"type":"Feature","id":"way/766416746","properties":{"id":"way/766416746","building":"yes","_elevM":10,"_bbox":[99.9644831,8.4083053,99.9646221,8.4084416]},"geometry":{"type":"Polygon","coordinates":[[[99.96448,8.40842],[99.96451,8.40831],[99.96462,8.40833],[99.9646,8.40844],[99.96448,8.40842]]]}},{"type":"Feature","id":"way/766416747","properties":{"id":"way/766416747","name":"บริษัท นครพลังงาน จำกัด","building":"yes","levels":2,"height":9,"_elevM":9,"_bbox":[99.9650378,8.4077397,99.9651601,8.4079161]},"geometry":{"type":"Polygon","coordinates":[[[99.96507,8.40774],[99.96516,8.40776],[99.96513,8.40792],[99.96504,8.4079],[99.96507,8.40774]]]}},{"type":"Feature","id":"way/766416748","properties":{"id":"way/766416748","building":"yes","_elevM":10,"_bbox":[99.9648322,8.4077021,99.9650416,8.4079182]},"geometry":{"type":"Polygon","coordinates":[[[99.96483,8.4079],[99.96487,8.4077],[99.96504,8.40772],[99.965,8.40792],[99.96483,8.4079]]]}},{"type":"Feature","id":"way/766416749","properties":{"id":"way/766416749","building":"yes","_elevM":10,"_bbox":[99.9647557,8.408101,99.9650859,8.4082758]},"geometry":{"type":"Polygon","coordinates":[[[99.96478,8.4081],[99.96509,8.40816],[99.96506,8.40828],[99.96476,8.40821],[99.96478,8.4081]]]}},{"type":"Feature","id":"way/766416750","properties":{"id":"way/766416750","building":"yes","_elevM":10,"_bbox":[99.9648682,8.4079892,99.9649953,8.4080922]},"geometry":{"type":"Polygon","coordinates":[[[99.96487,8.40808],[99.96488,8.40799],[99.965,8.408],[99.96498,8.40809],[99.96487,8.40808]]]}},{"type":"Feature","id":"way/766416751","properties":{"id":"way/766416751","building":"yes","_elevM":10,"_bbox":[99.9647373,8.4079936,99.9647809,8.4080685]},"geometry":{"type":"Polygon","coordinates":[[[99.96474,8.40806],[99.96475,8.40799],[99.96478,8.40801],[99.96477,8.40807],[99.96474,8.40806]]]}},{"type":"Feature","id":"way/766416752","properties":{"id":"way/766416752","building":"yes","_elevM":10,"_bbox":[99.9647554,8.4078854,99.964799,8.4079591]},"geometry":{"type":"Polygon","coordinates":[[[99.96476,8.40795],[99.96477,8.40789],[99.9648,8.40789],[99.96479,8.40796],[99.96476,8.40795]]]}},{"type":"Feature","id":"way/766416753","properties":{"id":"way/766416753","building":"yes","_elevM":10,"_bbox":[99.9648813,8.4082586,99.9650357,8.4083582]},"geometry":{"type":"Polygon","coordinates":[[[99.96488,8.40833],[99.96489,8.40826],[99.96504,8.40828],[99.96502,8.40836],[99.96488,8.40833]]]}},{"type":"Feature","id":"way/766416754","properties":{"id":"way/766416754","building":"yes","_elevM":10,"_bbox":[99.9647756,8.4083904,99.9649941,8.4085231]},"geometry":{"type":"Polygon","coordinates":[[[99.96478,8.40849],[99.96479,8.40839],[99.96499,8.40842],[99.96498,8.40852],[99.96478,8.40849]]]}},{"type":"Feature","id":"way/766416755","properties":{"id":"way/766416755","building":"yes","_elevM":10,"_bbox":[99.9647195,8.4085635,99.9649501,8.4086723]},"geometry":{"type":"Polygon","coordinates":[[[99.96472,8.40865],[99.96473,8.40856],[99.96495,8.4086],[99.96494,8.40867],[99.96472,8.40865]]]}},{"type":"Feature","id":"way/766416756","properties":{"id":"way/766416756","building":"yes","_elevM":10,"_bbox":[99.9645974,8.4087705,99.9649153,8.4089735]},"geometry":{"type":"Polygon","coordinates":[[[99.96469,8.40877],[99.96485,8.40878],[99.96486,8.40885],[99.96492,8.40886],[99.96491,8.40891],[99.96478,8.40891],[99.96474,8.40894],[99.96467,8.40894],[99.96466,8.40897],[99.9646,8.40897],[99.9646,8.4089],[99.96477,8.4089],[99.96478,8.40883],[99.96469,8.40882],[99.96469,8.40877]]]}},{"type":"Feature","id":"way/766416757","properties":{"id":"way/766416757","building":"yes","_elevM":10,"_bbox":[99.9645443,8.408967,99.9648964,8.4094091]},"geometry":{"type":"Polygon","coordinates":[[[99.96477,8.40897],[99.9649,8.40898],[99.96489,8.40903],[99.96479,8.40902],[99.96478,8.40906],[99.96486,8.40908],[99.96479,8.40941],[99.96464,8.40939],[99.96464,8.40936],[99.96455,8.40935],[99.96456,8.40929],[99.96462,8.40929],[99.96465,8.40922],[99.96454,8.4092],[99.96461,8.409],[99.96471,8.40901],[99.96471,8.40897],[99.96477,8.40897]]]}},{"type":"Feature","id":"way/766416759","properties":{"id":"way/766416759","building":"yes","_elevM":10,"_bbox":[99.9640936,8.4092261,99.9643455,8.4093578]},"geometry":{"type":"Polygon","coordinates":[[[99.96409,8.40932],[99.96411,8.40923],[99.96435,8.40926],[99.96433,8.40936],[99.96409,8.40932]]]}},{"type":"Feature","id":"way/766416760","properties":{"id":"way/766416760","building":"yes","_elevM":10,"_bbox":[99.9642254,8.4095402,99.9643716,8.4098493]},"geometry":{"type":"Polygon","coordinates":[[[99.96423,8.40985],[99.96429,8.40955],[99.96437,8.40954],[99.96432,8.40984],[99.96423,8.40985]]]}},{"type":"Feature","id":"way/766416761","properties":{"id":"way/766416761","building":"yes","_elevM":10,"_bbox":[99.9640658,8.4095561,99.964208,8.409718]},"geometry":{"type":"Polygon","coordinates":[[[99.96407,8.4097],[99.9641,8.40956],[99.96421,8.40956],[99.9642,8.40972],[99.96407,8.4097]]]}},{"type":"Feature","id":"way/766416762","properties":{"id":"way/766416762","building":"yes","_elevM":10,"_bbox":[99.9644626,8.4097665,99.9646861,8.4098745]},"geometry":{"type":"Polygon","coordinates":[[[99.96447,8.40977],[99.96463,8.40977],[99.96462,8.40981],[99.96469,8.40981],[99.96468,8.40987],[99.96446,8.40987],[99.96447,8.40977]]]}},{"type":"Feature","id":"way/766416763","properties":{"id":"way/766416763","building":"yes","_elevM":10,"_bbox":[99.9645284,8.4094258,99.9647895,8.409723]},"geometry":{"type":"Polygon","coordinates":[[[99.96463,8.40972],[99.96463,8.40964],[99.96453,8.40963],[99.96453,8.40957],[99.96463,8.40958],[99.96465,8.40943],[99.96479,8.40945],[99.96473,8.40972],[99.96463,8.40972]]]}},{"type":"Feature","id":"way/766416764","properties":{"id":"way/766416764","building":"yes","_elevM":10,"_bbox":[99.9639389,8.4099438,99.9646558,8.4106102]},"geometry":{"type":"Polygon","coordinates":[[[99.96416,8.41005],[99.96417,8.40994],[99.96436,8.40996],[99.96466,8.40996],[99.96455,8.4106],[99.96432,8.41061],[99.9643,8.41042],[99.96444,8.41039],[99.96446,8.4103],[99.96431,8.41029],[99.96431,8.4102],[99.96429,8.4102],[99.9642,8.41046],[99.96409,8.41044],[99.96406,8.41052],[99.96394,8.4105],[99.96396,8.4104],[99.96406,8.4104],[99.96412,8.41026],[99.96419,8.41025],[99.96423,8.41007],[99.96416,8.41005]]]}},{"type":"Feature","id":"way/766416765","properties":{"id":"way/766416765","building":"yes","_elevM":10,"_bbox":[99.963965,8.4099202,99.9641322,8.4102878]},"geometry":{"type":"Polygon","coordinates":[[[99.96397,8.40992],[99.96413,8.40994],[99.96411,8.41012],[99.96406,8.41013],[99.96407,8.41015],[99.96412,8.41016],[99.96406,8.41029],[99.96401,8.41027],[99.96403,8.41014],[99.96397,8.41009],[99.96397,8.40992]]]}},{"type":"Feature","id":"way/766416766","properties":{"id":"way/766416766","building":"yes","_elevM":10,"_bbox":[99.9633879,8.4091857,99.9635389,8.4093211]},"geometry":{"type":"Polygon","coordinates":[[[99.9634,8.40919],[99.96354,8.40921],[99.96353,8.40929],[99.9635,8.40928],[99.96347,8.40932],[99.96342,8.40931],[99.96343,8.40927],[99.96339,8.40926],[99.9634,8.40919]]]}},{"type":"Feature","id":"way/766416767","properties":{"id":"way/766416767","building":"yes","_elevM":10,"_bbox":[99.9637221,8.4092473,99.9638073,8.4092995]},"geometry":{"type":"Polygon","coordinates":[[[99.96372,8.40929],[99.96373,8.40925],[99.96381,8.40925],[99.9638,8.4093],[99.96372,8.40929]]]}},{"type":"Feature","id":"way/766416769","properties":{"id":"way/766416769","building":"yes","_elevM":10,"_bbox":[99.9627046,8.409097,99.9628975,8.4095364]},"geometry":{"type":"Polygon","coordinates":[[[99.9627,8.40952],[99.96273,8.40928],[99.96276,8.40928],[99.96279,8.4091],[99.96288,8.40911],[99.96286,8.40929],[99.9629,8.4093],[99.96286,8.40954],[99.9627,8.40952]]]}},{"type":"Feature","id":"way/766416770","properties":{"id":"way/766416770","building":"yes","_elevM":10,"_bbox":[99.9629124,8.4093178,99.963126,8.4095974]},"geometry":{"type":"Polygon","coordinates":[[[99.96291,8.40958],[99.96296,8.40932],[99.96306,8.40933],[99.96303,8.40947],[99.96313,8.40949],[99.96311,8.40957],[99.96303,8.40956],[99.96302,8.4096],[99.96291,8.40958]]]}},{"type":"Feature","id":"way/766416771","properties":{"id":"way/766416771","building":"yes","_elevM":10,"_bbox":[99.9635496,8.4098761,99.9638314,8.4102006]},"geometry":{"type":"Polygon","coordinates":[[[99.96355,8.41017],[99.96359,8.40988],[99.9637,8.40989],[99.96369,8.41],[99.96383,8.41002],[99.96381,8.4102],[99.96355,8.41017]]]}},{"type":"Feature","id":"way/766416772","properties":{"id":"way/766416772","building":"yes","_elevM":10,"_bbox":[99.9634028,8.4099886,99.963524,8.4101101]},"geometry":{"type":"Polygon","coordinates":[[[99.9634,8.4101],[99.96342,8.40999],[99.96352,8.41],[99.96351,8.41011],[99.9634,8.4101]]]}},{"type":"Feature","id":"way/766416780","properties":{"id":"way/766416780","building":"yes","_elevM":10,"_bbox":[99.961624,8.4106314,99.9629258,8.4110657]},"geometry":{"type":"Polygon","coordinates":[[[99.96162,8.41071],[99.96164,8.41063],[99.96293,8.41098],[99.9629,8.41107],[99.96162,8.41071]]]}},{"type":"Feature","id":"way/766416781","properties":{"id":"way/766416781","building":"yes","_elevM":10,"_bbox":[99.9624575,8.4104897,99.963009,8.4108387]},"geometry":{"type":"Polygon","coordinates":[[[99.96246,8.4107],[99.96252,8.41049],[99.96301,8.41064],[99.96295,8.41084],[99.96246,8.4107]]]}},{"type":"Feature","id":"way/766416782","properties":{"id":"way/766416782","building":"yes","_elevM":10,"_bbox":[99.9620492,8.4104882,99.9622495,8.4106405]},"geometry":{"type":"Polygon","coordinates":[[[99.96205,8.41059],[99.96208,8.41049],[99.96225,8.41055],[99.96223,8.41064],[99.96205,8.41059]]]}},{"type":"Feature","id":"way/766416783","properties":{"id":"way/766416783","building":"yes","_elevM":10,"_bbox":[99.9617299,8.4100555,99.9631589,8.4105013]},"geometry":{"type":"Polygon","coordinates":[[[99.96177,8.41006],[99.96316,8.41037],[99.96312,8.4105],[99.96173,8.41015],[99.96177,8.41006]]]}},{"type":"Feature","id":"way/766416784","properties":{"id":"way/766416784","building":"yes","_elevM":10,"_bbox":[99.9617813,8.4099215,99.9620405,8.4100786]},"geometry":{"type":"Polygon","coordinates":[[[99.96178,8.41002],[99.96181,8.40992],[99.96204,8.40996],[99.96201,8.41008],[99.96178,8.41002]]]}},{"type":"Feature","id":"way/766416785","properties":{"id":"way/766416785","building":"yes","_elevM":10,"_bbox":[99.9618365,8.4095777,99.9621302,8.4098537]},"geometry":{"type":"Polygon","coordinates":[[[99.96184,8.40979],[99.96189,8.40958],[99.96213,8.40965],[99.96208,8.40985],[99.96184,8.40979]]]}},{"type":"Feature","id":"way/766416786","properties":{"id":"way/766416786","building":"yes","_elevM":10,"_bbox":[99.9607987,8.4101044,99.961557,8.4104704]},"geometry":{"type":"Polygon","coordinates":[[[99.9608,8.4103],[99.96087,8.4101],[99.96156,8.41027],[99.96154,8.41038],[99.96142,8.41036],[99.96139,8.41047],[99.9608,8.4103]]]}},{"type":"Feature","id":"way/766416787","properties":{"id":"way/766416787","building":"yes","_elevM":10,"_bbox":[99.9609634,8.4097223,99.9616586,8.4099777]},"geometry":{"type":"Polygon","coordinates":[[[99.96096,8.40981],[99.96099,8.40972],[99.96166,8.40987],[99.96163,8.40998],[99.96096,8.40981]]]}},{"type":"Feature","id":"way/766416788","properties":{"id":"way/766416788","building":"yes","_elevM":10,"_bbox":[99.9605467,8.4101466,99.9607195,8.4103719]},"geometry":{"type":"Polygon","coordinates":[[[99.96055,8.41033],[99.96061,8.41015],[99.96072,8.41019],[99.96068,8.41037],[99.96055,8.41033]]]}},{"type":"Feature","id":"way/766416789","properties":{"id":"way/766416789","building":"yes","_elevM":10,"_bbox":[99.9605386,8.4104322,99.9608069,8.4107439]},"geometry":{"type":"Polygon","coordinates":[[[99.96054,8.41071],[99.9606,8.41043],[99.96081,8.41049],[99.96073,8.41074],[99.96054,8.41071]]]}},{"type":"Feature","id":"way/766416790","properties":{"id":"way/766416790","building":"yes","_elevM":10,"_bbox":[99.9609797,8.4105609,99.9611362,8.4108263]},"geometry":{"type":"Polygon","coordinates":[[[99.96098,8.41079],[99.96105,8.41056],[99.96114,8.41058],[99.96109,8.41083],[99.96098,8.41079]]]}},{"type":"Feature","id":"way/766416791","properties":{"id":"way/766416791","building":"yes","_elevM":10,"_bbox":[99.9613773,8.4114714,99.9616746,8.4118915]},"geometry":{"type":"Polygon","coordinates":[[[99.96138,8.41184],[99.96149,8.41147],[99.96167,8.41151],[99.96159,8.41189],[99.96138,8.41184]]]}},{"type":"Feature","id":"way/766416794","properties":{"id":"way/766416794","building":"yes","_elevM":10,"_bbox":[99.9609865,8.4120335,99.9614175,8.4132762]},"geometry":{"type":"Polygon","coordinates":[[[99.96099,8.41326],[99.9613,8.41203],[99.96142,8.41208],[99.96109,8.41328],[99.96099,8.41326]]]}},{"type":"Feature","id":"way/766416795","properties":{"id":"way/766416795","building":"yes","_elevM":10,"_bbox":[99.9613565,8.4125141,99.9620842,8.4128298]},"geometry":{"type":"Polygon","coordinates":[[[99.96136,8.41265],[99.9614,8.41251],[99.96208,8.41268],[99.96205,8.41283],[99.96136,8.41265]]]}},{"type":"Feature","id":"way/766416796","properties":{"id":"way/766416796","building":"yes","_elevM":10,"_bbox":[99.9622102,8.4127514,99.9629135,8.413043]},"geometry":{"type":"Polygon","coordinates":[[[99.96221,8.41286],[99.96225,8.41275],[99.96291,8.41293],[99.96289,8.41304],[99.96221,8.41286]]]}},{"type":"Feature","id":"way/766416798","properties":{"id":"way/766416798","building":"yes","_elevM":10,"_bbox":[99.9641517,8.4106617,99.9645276,8.4110983]},"geometry":{"type":"Polygon","coordinates":[[[99.96423,8.41066],[99.96453,8.4107],[99.96443,8.4111],[99.96431,8.41107],[99.96433,8.41093],[99.96415,8.41089],[99.96417,8.41083],[99.96426,8.41084],[99.96426,8.41078],[99.96419,8.41074],[99.96423,8.41066]]]}},{"type":"Feature","id":"way/766416799","properties":{"id":"way/766416799","building":"yes","_elevM":10,"_bbox":[99.9637419,8.4105509,99.964175,8.4110417]},"geometry":{"type":"Polygon","coordinates":[[[99.96374,8.41092],[99.96377,8.41055],[99.96417,8.41064],[99.96411,8.41104],[99.96392,8.411],[99.96396,8.4108],[99.96389,8.41078],[99.96386,8.41093],[99.96374,8.41092]]]}},{"type":"Feature","id":"way/766416800","properties":{"id":"way/766416800","building":"yes","_elevM":10,"_bbox":[99.9636742,8.4110879,99.9640886,8.4113859]},"geometry":{"type":"Polygon","coordinates":[[[99.96371,8.41109],[99.96409,8.41115],[99.96407,8.41127],[99.96393,8.41125],[99.96391,8.41139],[99.96373,8.41135],[99.96374,8.41127],[99.96367,8.41125],[99.96371,8.41109]]]}},{"type":"Feature","id":"way/766416801","properties":{"id":"way/766416801","building":"yes","_elevM":10,"_bbox":[99.9642511,8.4111499,99.9643719,8.4112436]},"geometry":{"type":"Polygon","coordinates":[[[99.96425,8.41122],[99.96427,8.41115],[99.96437,8.41117],[99.96436,8.41124],[99.96425,8.41122]]]}},{"type":"Feature","id":"way/766416802","properties":{"id":"way/766416802","building":"yes","_elevM":10,"_bbox":[99.9640263,8.4113931,99.9641734,8.4115058]},"geometry":{"type":"Polygon","coordinates":[[[99.96403,8.41148],[99.96405,8.41139],[99.96417,8.41142],[99.96415,8.41151],[99.96403,8.41148]]]}},{"type":"Feature","id":"way/766416803","properties":{"id":"way/766416803","building":"yes","_elevM":10,"_bbox":[99.9635884,8.4116034,99.9639419,8.4119224]},"geometry":{"type":"Polygon","coordinates":[[[99.96359,8.41191],[99.96365,8.4116],[99.96374,8.41162],[99.96373,8.41166],[99.96394,8.4117],[99.96392,8.41181],[99.9637,8.41177],[99.96367,8.41192],[99.96359,8.41191]]]}},{"type":"Feature","id":"way/766416804","properties":{"id":"way/766416804","building":"yes","_elevM":10,"_bbox":[99.9634862,8.4121516,99.9638376,8.4125431]},"geometry":{"type":"Polygon","coordinates":[[[99.96355,8.41249],[99.96357,8.41235],[99.96349,8.41233],[99.96353,8.41215],[99.96384,8.41224],[99.96376,8.41254],[99.96355,8.41249]]]}},{"type":"Feature","id":"way/766416805","properties":{"id":"way/766416805","building":"yes","_elevM":10,"_bbox":[99.9635932,8.4125206,99.9636817,8.4126201]},"geometry":{"type":"Polygon","coordinates":[[[99.96359,8.4126],[99.96361,8.41252],[99.96368,8.41254],[99.96366,8.41262],[99.96359,8.4126]]]}},{"type":"Feature","id":"way/766416806","properties":{"id":"way/766416806","building":"yes","_elevM":10,"_bbox":[99.9639485,8.4119668,99.9642509,8.4128758]},"geometry":{"type":"Polygon","coordinates":[[[99.96397,8.41283],[99.964,8.41269],[99.96406,8.41269],[99.96405,8.41263],[99.96397,8.41261],[99.96401,8.41245],[99.96405,8.41243],[99.96402,8.41242],[99.96402,8.41237],[99.96405,8.41238],[99.96405,8.41226],[99.96395,8.41224],[99.96401,8.41207],[99.96402,8.41197],[99.96416,8.41197],[99.96411,8.41204],[99.96411,8.41212],[99.96425,8.41212],[99.96425,8.4122],[99.96413,8.4122],[99.96414,8.41245],[99.96425,8.41247],[99.96419,8.41288],[99.96397,8.41283]]]}},{"type":"Feature","id":"way/766416807","properties":{"id":"way/766416807","building":"yes","_elevM":10,"_bbox":[99.9638303,8.4122814,99.9639107,8.412447]},"geometry":{"type":"Polygon","coordinates":[[[99.96383,8.41244],[99.96386,8.41228],[99.96391,8.41229],[99.96388,8.41245],[99.96383,8.41244]]]}},{"type":"Feature","id":"way/766416808","properties":{"id":"way/766416808","building":"yes","_elevM":10,"_bbox":[99.9638072,8.4120665,99.9639282,8.4121989]},"geometry":{"type":"Polygon","coordinates":[[[99.96381,8.4122],[99.96381,8.41213],[99.96387,8.41214],[99.96387,8.41207],[99.96393,8.41207],[99.96392,8.4122],[99.96381,8.4122]]]}},{"type":"Feature","id":"way/766416809","properties":{"id":"way/766416809","building":"yes","_elevM":10,"_bbox":[99.9637756,8.4128876,99.9640077,8.4130514]},"geometry":{"type":"Polygon","coordinates":[[[99.96379,8.41289],[99.96401,8.41293],[99.96399,8.41305],[99.96378,8.41301],[99.96379,8.41289]]]}},{"type":"Feature","id":"way/766416810","properties":{"id":"way/766416810","building":"yes","_elevM":10,"_bbox":[99.9640191,8.4129314,99.9641639,8.413076]},"geometry":{"type":"Polygon","coordinates":[[[99.96402,8.41305],[99.96405,8.41293],[99.96416,8.41296],[99.96415,8.41308],[99.96402,8.41305]]]}},{"type":"Feature","id":"way/766416811","properties":{"id":"way/766416811","building":"yes","_elevM":10,"_bbox":[99.9636938,8.4132219,99.9640727,8.4134985]},"geometry":{"type":"Polygon","coordinates":[[[99.96372,8.41322],[99.96394,8.41327],[99.96391,8.41336],[99.96407,8.41339],[99.96407,8.41345],[99.964,8.41343],[99.96398,8.41347],[99.96388,8.41346],[99.96388,8.41344],[99.96382,8.41343],[99.9638,8.4135],[99.96369,8.41347],[99.96371,8.4134],[99.96378,8.41339],[99.96379,8.41334],[99.9637,8.41333],[99.96372,8.41322]]]}},{"type":"Feature","id":"way/766416812","properties":{"id":"way/766416812","building":"yes","_elevM":10,"_bbox":[99.9640056,8.4132039,99.9641233,8.4132851]},"geometry":{"type":"Polygon","coordinates":[[[99.96401,8.41327],[99.96401,8.4132],[99.96412,8.41321],[99.96412,8.41329],[99.96401,8.41327]]]}},{"type":"Feature","id":"way/766416813","properties":{"id":"way/766416813","building":"yes","_elevM":10,"_bbox":[99.9637967,8.4134872,99.9640478,8.4137217]},"geometry":{"type":"Polygon","coordinates":[[[99.9638,8.41367],[99.96384,8.41351],[99.96392,8.41353],[99.96393,8.41349],[99.96405,8.41352],[99.96399,8.41372],[99.9638,8.41367]]]}},{"type":"Feature","id":"way/766416814","properties":{"id":"way/766416814","building":"yes","_elevM":10,"_bbox":[99.9636221,8.413574,99.9636954,8.4136428]},"geometry":{"type":"Polygon","coordinates":[[[99.96362,8.41362],[99.96364,8.41357],[99.9637,8.41359],[99.96368,8.41364],[99.96362,8.41362]]]}},{"type":"Feature","id":"way/766416815","properties":{"id":"way/766416815","building":"yes","_elevM":10,"_bbox":[99.9638425,8.4137347,99.9639794,8.4138303]},"geometry":{"type":"Polygon","coordinates":[[[99.96384,8.4138],[99.96386,8.41373],[99.96398,8.41376],[99.96396,8.41383],[99.96384,8.4138]]]}},{"type":"Feature","id":"way/766416816","properties":{"id":"way/766416816","building":"yes","_elevM":10,"_bbox":[99.9637642,8.4140538,99.9639058,8.4142688]},"geometry":{"type":"Polygon","coordinates":[[[99.96377,8.41425],[99.96378,8.41415],[99.96376,8.41414],[99.96378,8.41405],[99.96391,8.41408],[99.96387,8.41427],[99.96377,8.41425]]]}},{"type":"Feature","id":"way/766416817","properties":{"id":"way/766416817","building":"yes","_elevM":10,"_bbox":[99.9636042,8.4142257,99.9637633,8.4143359]},"geometry":{"type":"Polygon","coordinates":[[[99.9636,8.4143],[99.96362,8.41423],[99.96376,8.41426],[99.96374,8.41434],[99.9636,8.4143]]]}},{"type":"Feature","id":"way/766416818","properties":{"id":"way/766416818","building":"yes","_elevM":10,"_bbox":[99.9632852,8.4137218,99.9634604,8.4139121]},"geometry":{"type":"Polygon","coordinates":[[[99.96329,8.41389],[99.96332,8.41372],[99.96346,8.41375],[99.96343,8.41391],[99.96329,8.41389]]]}},{"type":"Feature","id":"way/766416819","properties":{"id":"way/766416819","building":"yes","_elevM":10,"_bbox":[99.9633711,8.4135486,99.9634785,8.4136665]},"geometry":{"type":"Polygon","coordinates":[[[99.96337,8.41365],[99.9634,8.41355],[99.96348,8.41357],[99.96345,8.41367],[99.96337,8.41365]]]}},{"type":"Feature","id":"way/766416820","properties":{"id":"way/766416820","building":"yes","_elevM":10,"_bbox":[99.9631297,8.4134094,99.9634143,8.4135233]},"geometry":{"type":"Polygon","coordinates":[[[99.96313,8.41347],[99.96314,8.41341],[99.96341,8.41346],[99.9634,8.41352],[99.96313,8.41347]]]}},{"type":"Feature","id":"way/766416821","properties":{"id":"way/766416821","building":"yes","_elevM":10,"_bbox":[99.9634746,8.413738,99.9635448,8.4138004]},"geometry":{"type":"Polygon","coordinates":[[[99.96347,8.41379],[99.96348,8.41374],[99.96354,8.41375],[99.96354,8.4138],[99.96347,8.41379]]]}},{"type":"Feature","id":"way/766416833","properties":{"id":"way/766416833","building":"yes","_elevM":10,"_bbox":[99.9660485,8.4152608,99.9664776,8.4156709]},"geometry":{"type":"Polygon","coordinates":[[[99.9661,8.41558],[99.96613,8.41549],[99.96605,8.41547],[99.96611,8.41526],[99.96648,8.41537],[99.96638,8.41567],[99.9661,8.41558]]]}},{"type":"Feature","id":"way/766416834","properties":{"id":"way/766416834","building":"yes","_elevM":10,"_bbox":[99.9664917,8.4153989,99.9668461,8.4156428]},"geometry":{"type":"Polygon","coordinates":[[[99.96654,8.4154],[99.96685,8.4155],[99.9668,8.41564],[99.96649,8.41554],[99.96654,8.4154]]]}},{"type":"Feature","id":"way/766416835","properties":{"id":"way/766416835","building":"yes","_elevM":10,"_bbox":[99.9664206,8.4155692,99.9665279,8.4156713]},"geometry":{"type":"Polygon","coordinates":[[[99.96642,8.41565],[99.96644,8.41557],[99.96653,8.41559],[99.9665,8.41567],[99.96642,8.41565]]]}},{"type":"Feature","id":"way/766416836","properties":{"id":"way/766416836","building":"yes","_elevM":10,"_bbox":[99.9668047,8.4155699,99.9674702,8.4164198]},"geometry":{"type":"Polygon","coordinates":[[[99.9668,8.41637],[99.96696,8.41557],[99.96717,8.41562],[99.96716,8.41575],[99.96733,8.41575],[99.96733,8.41569],[99.96747,8.41572],[99.96743,8.41594],[99.96733,8.41592],[99.96733,8.41606],[99.96739,8.41609],[99.96731,8.41642],[99.96713,8.4164],[99.96718,8.41624],[99.96693,8.41617],[99.96686,8.41639],[99.9668,8.41637]]]}},{"type":"Feature","id":"way/766416852","properties":{"id":"way/766416852","building":"yes","_elevM":10,"_bbox":[99.9651433,8.414979,99.9658508,8.4159445]},"geometry":{"type":"Polygon","coordinates":[[[99.96536,8.41503],[99.96563,8.41514],[99.9656,8.41524],[99.96569,8.41527],[99.96566,8.41535],[99.96558,8.41533],[99.96559,8.41535],[99.96585,8.41545],[99.96582,8.4155],[99.96552,8.41541],[99.96551,8.41544],[99.96565,8.4155],[99.96563,8.41554],[99.96556,8.41552],[99.96554,8.41562],[99.96559,8.41562],[99.96568,8.41565],[99.96569,8.41568],[99.96572,8.41568],[99.96577,8.41555],[99.96581,8.41556],[99.96568,8.4159],[99.96563,8.41588],[99.96562,8.41594],[99.9655,8.41591],[99.96555,8.41574],[99.96552,8.41573],[99.96552,8.41564],[99.96539,8.41561],[99.96537,8.41569],[99.96514,8.41567],[99.96514,8.41525],[99.96521,8.41498],[99.9653,8.415],[99.96529,8.41509],[99.96533,8.4151],[99.96536,8.41503]]]}},{"type":"Feature","id":"way/766416853","properties":{"id":"way/766416853","building":"yes","_elevM":10,"_bbox":[99.9667214,8.4156319,99.9668706,8.4158962]},"geometry":{"type":"Polygon","coordinates":[[[99.96672,8.41588],[99.96683,8.41563],[99.96687,8.41565],[99.96676,8.4159],[99.96672,8.41588]]]}},{"type":"Feature","id":"way/766416854","properties":{"id":"way/766416854","building":"yes","_elevM":10,"_bbox":[99.9658193,8.4157008,99.9664194,8.4161963]},"geometry":{"type":"Polygon","coordinates":[[[99.96582,8.41602],[99.96584,8.41596],[99.96614,8.41607],[99.96616,8.41604],[99.96591,8.41594],[99.96595,8.41583],[99.96589,8.4158],[99.96593,8.4157],[99.96642,8.41586],[99.96629,8.4162],[99.96582,8.41602]]]}},{"type":"Feature","id":"way/766416855","properties":{"id":"way/766416855","building":"yes","_elevM":10,"_bbox":[99.9662587,8.4162957,99.9664908,8.4166823]},"geometry":{"type":"Polygon","coordinates":[[[99.96626,8.41665],[99.96635,8.4163],[99.96649,8.41633],[99.9664,8.41668],[99.96626,8.41665]]]}},{"type":"Feature","id":"way/766416857","properties":{"id":"way/766416857","building":"yes","_elevM":10,"_bbox":[99.9664936,8.4163923,99.9666846,8.4167551]},"geometry":{"type":"Polygon","coordinates":[[[99.96649,8.41673],[99.96656,8.41639],[99.96668,8.41642],[99.96662,8.41676],[99.96649,8.41673]]]}},{"type":"Feature","id":"way/766416858","properties":{"id":"way/766416858","building":"yes","_elevM":10,"_bbox":[99.9667571,8.4165473,99.9671696,8.4168812]},"geometry":{"type":"Polygon","coordinates":[[[99.96676,8.41681],[99.96681,8.41655],[99.96698,8.41658],[99.96694,8.41675],[99.96702,8.41676],[99.96705,8.41662],[99.96717,8.41664],[99.96712,8.41688],[99.96676,8.41681]]]}},{"type":"Feature","id":"way/766416859","properties":{"id":"way/766416859","building":"yes","_elevM":10,"_bbox":[99.9666879,8.4164579,99.9667783,8.4165775]},"geometry":{"type":"Polygon","coordinates":[[[99.96669,8.41657],[99.9667,8.41646],[99.96678,8.41647],[99.96676,8.41658],[99.96669,8.41657]]]}},{"type":"Feature","id":"way/766416860","properties":{"id":"way/766416860","building":"yes","_elevM":10,"_bbox":[99.9651171,8.4158275,99.9652566,8.4159693]},"geometry":{"type":"Polygon","coordinates":[[[99.96513,8.41583],[99.96526,8.41584],[99.96524,8.41597],[99.96512,8.41595],[99.96513,8.41583]]]}},{"type":"Feature","id":"way/766416862","properties":{"id":"way/766416862","name":"โรงพยาบาลเทศบาลนครนครศรีธรรมราช","nameEn":"Thetsaban Nakhon Nakhon Si Thammarat Hospital","building":"yes","mnType":"hospital","_elevM":18,"_bbox":[99.9650352,8.4159762,99.965624,8.4170932]},"geometry":{"type":"Polygon","coordinates":[[[99.96504,8.41709],[99.96508,8.41648],[99.96511,8.41649],[99.96514,8.41631],[99.96519,8.41631],[99.9652,8.41623],[99.96537,8.41625],[99.96545,8.41598],[99.96562,8.41603],[99.96537,8.41663],[99.96525,8.41661],[99.96516,8.41709],[99.96504,8.41709]]]}},{"type":"Feature","id":"way/766416863","properties":{"id":"way/766416863","building":"yes","_elevM":10,"_bbox":[99.9641475,8.4146699,99.9643728,8.4149378]},"geometry":{"type":"Polygon","coordinates":[[[99.96415,8.41489],[99.96423,8.41467],[99.96437,8.41472],[99.96428,8.41494],[99.96415,8.41489]]]}},{"type":"Feature","id":"way/766416864","properties":{"id":"way/766416864","building":"yes","_elevM":10,"_bbox":[99.9642467,8.4148189,99.9651048,8.4152947]},"geometry":{"type":"Polygon","coordinates":[[[99.96425,8.41517],[99.96434,8.415],[99.96455,8.41505],[99.96461,8.41482],[99.9651,8.41496],[99.96505,8.41529],[99.96425,8.41517]]]}},{"type":"Feature","id":"way/766416865","properties":{"id":"way/766416865","building":"yes","_elevM":10,"_bbox":[99.9640337,8.4151488,99.964157,8.4152761]},"geometry":{"type":"Polygon","coordinates":[[[99.96403,8.41525],[99.96406,8.41515],[99.96416,8.41517],[99.96413,8.41528],[99.96403,8.41525]]]}},{"type":"Feature","id":"way/766416866","properties":{"id":"way/766416866","building":"yes","_elevM":10,"_bbox":[99.9639654,8.4153467,99.9644884,8.4157463]},"geometry":{"type":"Polygon","coordinates":[[[99.964,8.41563],[99.96403,8.4155],[99.96397,8.41549],[99.96399,8.41539],[99.96426,8.4154],[99.96429,8.41535],[99.96438,8.41536],[99.96436,8.41546],[99.96449,8.41552],[99.9644,8.41575],[99.96432,8.41572],[99.96436,8.41555],[99.96432,8.41554],[99.96434,8.41546],[99.96428,8.41545],[99.96425,8.41557],[99.9643,8.4156],[99.96429,8.41565],[99.96422,8.41565],[99.9642,8.41573],[99.964,8.41563]]]}},{"type":"Feature","id":"way/766416867","properties":{"id":"way/766416867","building":"yes","_elevM":10,"_bbox":[99.9644705,8.4153546,99.9645808,8.4154523]},"geometry":{"type":"Polygon","coordinates":[[[99.96447,8.41544],[99.96448,8.41535],[99.96458,8.41537],[99.96457,8.41545],[99.96447,8.41544]]]}},{"type":"Feature","id":"way/766416868","properties":{"id":"way/766416868","building":"yes","_elevM":10,"_bbox":[99.9645082,8.415394,99.9650324,8.4159703]},"geometry":{"type":"Polygon","coordinates":[[[99.96451,8.41582],[99.96462,8.41553],[99.96479,8.41557],[99.96481,8.4154],[99.96503,8.41539],[99.96502,8.41559],[99.96485,8.41558],[99.96484,8.41562],[99.96502,8.41564],[99.96499,8.41597],[99.96478,8.41596],[99.96451,8.41582]]]}},{"type":"Feature","id":"way/766416869","properties":{"id":"way/766416869","building":"yes","_elevM":10,"_bbox":[99.965357,8.4157013,99.9655041,8.4158076]},"geometry":{"type":"Polygon","coordinates":[[[99.96536,8.41578],[99.96537,8.4157],[99.9655,8.41573],[99.96549,8.41581],[99.96536,8.41578]]]}},{"type":"Feature","id":"way/766416870","properties":{"id":"way/766416870","building":"yes","mnType":"hospital","_elevM":18,"_bbox":[99.9650922,8.4160753,99.9652149,8.4161554]},"geometry":{"type":"Polygon","coordinates":[[[99.96509,8.41615],[99.9651,8.41608],[99.96521,8.41608],[99.96521,8.41616],[99.96509,8.41615]]]}},{"type":"Feature","id":"way/766416871","properties":{"id":"way/766416871","building":"yes","mnType":"hospital","_elevM":18,"_bbox":[99.9645771,8.416035,99.9649402,8.4164358]},"geometry":{"type":"Polygon","coordinates":[[[99.96462,8.41638],[99.96462,8.41632],[99.96458,8.41631],[99.9646,8.41617],[99.96463,8.41616],[99.96464,8.4161],[99.96477,8.41612],[99.96477,8.41604],[99.96494,8.41604],[99.96494,8.41644],[99.96474,8.4164],[99.96474,8.41632],[99.96468,8.41633],[99.96467,8.41639],[99.96462,8.41638]]]}},{"type":"Feature","id":"way/766416873","properties":{"id":"way/766416873","building":"yes","_elevM":10,"_bbox":[99.9637879,8.4157278,99.9642899,8.4162787]},"geometry":{"type":"Polygon","coordinates":[[[99.96379,8.41624],[99.96391,8.41573],[99.96429,8.41584],[99.96424,8.416],[99.96409,8.41597],[99.96407,8.41604],[99.96398,8.41603],[99.9639,8.41628],[99.96379,8.41624]]]}},{"type":"Feature","id":"way/766416874","properties":{"id":"way/766416874","building":"yes","_elevM":10,"_bbox":[99.9643297,8.4158587,99.9643998,8.4159551]},"geometry":{"type":"Polygon","coordinates":[[[99.96433,8.41594],[99.96435,8.41586],[99.9644,8.41587],[99.96438,8.41596],[99.96433,8.41594]]]}},{"type":"Feature","id":"way/766416875","properties":{"id":"way/766416875","building":"yes","_elevM":10,"_bbox":[99.9645146,8.415966,99.9646248,8.4160394]},"geometry":{"type":"Polygon","coordinates":[[[99.96451,8.41602],[99.96453,8.41597],[99.96462,8.41599],[99.96461,8.41604],[99.96451,8.41602]]]}},{"type":"Feature","id":"way/766416876","properties":{"id":"way/766416876","building":"yes","_elevM":10,"_bbox":[99.9640868,8.4160465,99.9644872,8.4163295]},"geometry":{"type":"Polygon","coordinates":[[[99.96409,8.4163],[99.96411,8.41615],[99.96432,8.41618],[99.96434,8.41605],[99.96449,8.41606],[99.96448,8.4162],[99.96441,8.4162],[99.96441,8.41623],[99.96447,8.41624],[99.96446,8.41629],[99.96438,8.41629],[99.96437,8.41633],[99.96409,8.4163]]]}},{"type":"Feature","id":"way/766416877","properties":{"id":"way/766416877","building":"yes","_elevM":10,"_bbox":[99.9641995,8.4165816,99.9644469,8.4166992]},"geometry":{"type":"Polygon","coordinates":[[[99.96421,8.41658],[99.96445,8.4166],[99.96444,8.4167],[99.9642,8.41668],[99.96421,8.41658]]]}},{"type":"Feature","id":"way/766416878","properties":{"id":"way/766416878","building":"yes","_elevM":10,"_bbox":[99.9637434,8.4163555,99.9638523,8.4164814]},"geometry":{"type":"Polygon","coordinates":[[[99.96374,8.41647],[99.96376,8.41636],[99.96385,8.41637],[99.96383,8.41648],[99.96374,8.41647]]]}},{"type":"Feature","id":"way/766416879","properties":{"id":"way/766416879","building":"yes","_elevM":10,"_bbox":[99.9635387,8.4170929,99.9640351,8.4174884]},"geometry":{"type":"Polygon","coordinates":[[[99.96354,8.4174],[99.9636,8.41709],[99.96385,8.41714],[99.96382,8.4173],[99.96404,8.41734],[99.96401,8.41749],[99.96354,8.4174]]]}},{"type":"Feature","id":"way/766416880","properties":{"id":"way/766416880","building":"yes","_elevM":10,"_bbox":[99.9641629,8.4171087,99.9643889,8.4172553]},"geometry":{"type":"Polygon","coordinates":[[[99.96416,8.41723],[99.96418,8.41711],[99.96439,8.41713],[99.96438,8.41726],[99.96416,8.41723]]]}},{"type":"Feature","id":"way/766416881","properties":{"id":"way/766416881","building":"yes","_elevM":10,"_bbox":[99.9638672,8.4170596,99.9639756,8.417217]},"geometry":{"type":"Polygon","coordinates":[[[99.96387,8.4172],[99.96389,8.41706],[99.96398,8.41707],[99.96395,8.41722],[99.96387,8.4172]]]}},{"type":"Feature","id":"way/766416882","properties":{"id":"way/766416882","building":"yes","_elevM":10,"_bbox":[99.9638985,8.4165888,99.9640867,8.4169946]},"geometry":{"type":"Polygon","coordinates":[[[99.9639,8.41697],[99.96393,8.41675],[99.96396,8.41676],[99.96397,8.4167],[99.9639,8.41669],[99.96392,8.41659],[99.96405,8.41661],[99.96403,8.41671],[99.96409,8.41672],[99.96404,8.41699],[99.9639,8.41697]]]}},{"type":"Feature","id":"way/766416883","properties":{"id":"way/766416883","building":"yes","_elevM":10,"_bbox":[99.9636151,8.4168984,99.9637876,8.4170487]},"geometry":{"type":"Polygon","coordinates":[[[99.96362,8.41702],[99.96364,8.4169],[99.96379,8.41692],[99.96377,8.41705],[99.96362,8.41702]]]}},{"type":"Feature","id":"way/766416884","properties":{"id":"way/766416884","building":"yes","_elevM":10,"_bbox":[99.9638694,8.4175119,99.9643316,8.4180011]},"geometry":{"type":"Polygon","coordinates":[[[99.96387,8.41793],[99.96394,8.41751],[99.96433,8.41759],[99.96428,8.418],[99.96387,8.41793]]]}},{"type":"Feature","id":"way/766416886","properties":{"id":"way/766416886","building":"yes","mnType":"temple","_elevM":28,"_bbox":[99.9646662,8.4176288,99.964823,8.4180345]},"geometry":{"type":"Polygon","coordinates":[[[99.96467,8.41802],[99.96471,8.41763],[99.96482,8.41764],[99.96478,8.41803],[99.96467,8.41802]]]}},{"type":"Feature","id":"way/766416888","properties":{"id":"way/766416888","building":"yes","_elevM":10,"_bbox":[99.9643542,8.4178436,99.9646129,8.418008]},"geometry":{"type":"Polygon","coordinates":[[[99.96435,8.41797],[99.96437,8.41784],[99.96461,8.41788],[99.96459,8.41801],[99.96435,8.41797]]]}},{"type":"Feature","id":"way/766416889","properties":{"id":"way/766416889","building":"yes","mnType":"temple","_elevM":28,"_bbox":[99.9644159,8.4176012,99.9646411,8.4177274]},"geometry":{"type":"Polygon","coordinates":[[[99.96442,8.4177],[99.96443,8.4176],[99.96464,8.41763],[99.96463,8.41773],[99.96442,8.4177]]]}},{"type":"Feature","id":"way/766416890","properties":{"id":"way/766416890","building":"yes","_elevM":10,"_bbox":[99.9634221,8.4174708,99.9636467,8.417891]},"geometry":{"type":"Polygon","coordinates":[[[99.96342,8.41785],[99.96349,8.41747],[99.96359,8.41749],[99.96356,8.41771],[99.96365,8.41773],[99.96362,8.41789],[99.96342,8.41785]]]}},{"type":"Feature","id":"way/766416891","properties":{"id":"way/766416891","building":"yes","_elevM":10,"_bbox":[99.9637246,8.4177399,99.9638248,8.417886]},"geometry":{"type":"Polygon","coordinates":[[[99.96372,8.41787],[99.96374,8.41774],[99.96382,8.41775],[99.96381,8.41789],[99.96372,8.41787]]]}},{"type":"Feature","id":"way/766416897","properties":{"id":"way/766416897","building":"yes","mnType":"hospital","_elevM":18,"_bbox":[99.965533,8.4167322,99.9659199,8.4169591]},"geometry":{"type":"Polygon","coordinates":[[[99.96553,8.41682],[99.96557,8.41673],[99.96592,8.41687],[99.96588,8.41696],[99.96553,8.41682]]]}},{"type":"Feature","id":"way/766416898","properties":{"id":"way/766416898","building":"yes","mnType":"hospital","_elevM":18,"_bbox":[99.9653226,8.4170351,99.9657771,8.417312]},"geometry":{"type":"Polygon","coordinates":[[[99.96537,8.41704],[99.96578,8.41717],[99.96573,8.41731],[99.96532,8.41718],[99.96537,8.41704]]]}},{"type":"Feature","id":"way/766416899","properties":{"id":"way/766416899","building":"yes","mnType":"hospital","_elevM":18,"_bbox":[99.9651931,8.4174329,99.965638,8.4177168]},"geometry":{"type":"Polygon","coordinates":[[[99.96519,8.41762],[99.96524,8.41743],[99.96564,8.41753],[99.96559,8.41772],[99.96519,8.41762]]]}},{"type":"Feature","id":"way/766416900","properties":{"id":"way/766416900","building":"yes","mnType":"hospital","_elevM":18,"_bbox":[99.9655991,8.416515,99.9659418,8.4167361]},"geometry":{"type":"Polygon","coordinates":[[[99.9656,8.4166],[99.96564,8.41652],[99.96594,8.41665],[99.9659,8.41674],[99.9656,8.4166]]]}},{"type":"Feature","id":"way/766416901","properties":{"id":"way/766416901","building":"yes","_elevM":10,"_bbox":[99.9657824,8.4171793,99.9662522,8.4178163]},"geometry":{"type":"Polygon","coordinates":[[[99.96598,8.4178],[99.96599,8.41776],[99.96591,8.41774],[99.96593,8.41761],[99.96601,8.41761],[99.96604,8.41749],[99.966,8.41748],[99.96597,8.41753],[99.96583,8.41749],[99.96585,8.41738],[99.96598,8.41741],[99.96599,8.41737],[99.96578,8.41732],[99.96579,8.41728],[99.96588,8.41729],[99.9659,8.41718],[99.96595,8.41719],[99.96593,8.4173],[99.96601,8.41731],[99.966,8.41735],[99.96603,8.41736],[99.96608,8.41725],[99.96625,8.41733],[99.96621,8.41743],[99.96614,8.41741],[99.96604,8.41782],[99.96598,8.4178]]]}},{"type":"Feature","id":"way/766416903","properties":{"id":"way/766416903","building":"yes","_elevM":10,"_bbox":[99.9661417,8.4167215,99.9662666,8.4168424]},"geometry":{"type":"Polygon","coordinates":[[[99.96614,8.41681],[99.96617,8.41672],[99.96627,8.41675],[99.96624,8.41684],[99.96614,8.41681]]]}},{"type":"Feature","id":"way/766420565","properties":{"id":"way/766420565","building":"yes","_elevM":10,"_bbox":[99.9646078,8.4186015,99.9646581,8.4186678]},"geometry":{"type":"Polygon","coordinates":[[[99.96461,8.41866],[99.96461,8.4186],[99.96466,8.4186],[99.96465,8.41867],[99.96461,8.41866]]]}},{"type":"Feature","id":"way/766420566","properties":{"id":"way/766420566","building":"yes","_elevM":10,"_bbox":[99.9650409,8.417719,99.9657465,8.4181579]},"geometry":{"type":"Polygon","coordinates":[[[99.96504,8.41811],[99.96513,8.4178],[99.9652,8.41781],[99.96523,8.41772],[99.96575,8.41784],[99.96571,8.41795],[99.96539,8.41792],[99.96534,8.41816],[99.96504,8.41811]]]}},{"type":"Feature","id":"way/766420567","properties":{"id":"way/766420567","building":"yes","_elevM":10,"_bbox":[99.9658362,8.4176414,99.9658804,8.4176852]},"geometry":{"type":"Polygon","coordinates":[[[99.96584,8.41765],[99.96584,8.41766],[99.96584,8.41765],[99.96584,8.41765]]]}},{"type":"Feature","id":"way/766420569","properties":{"id":"way/766420569","building":"yes","_elevM":10,"_bbox":[99.9653904,8.4179399,99.9657263,8.4182079]},"geometry":{"type":"Polygon","coordinates":[[[99.96539,8.41806],[99.9654,8.41794],[99.96573,8.41797],[99.9657,8.41817],[99.96563,8.41816],[99.96563,8.41821],[99.96554,8.4182],[99.96556,8.41808],[99.96539,8.41806]]]}},{"type":"Feature","id":"way/766420575","properties":{"id":"way/766420575","building":"yes","_elevM":10,"_bbox":[99.9636995,8.4145634,99.9641561,8.4152146]},"geometry":{"type":"Polygon","coordinates":[[[99.96393,8.41456],[99.96416,8.41465],[99.96398,8.41511],[99.96383,8.41509],[99.96377,8.41521],[99.9637,8.41517],[99.96393,8.41456]]]}},{"type":"Feature","id":"way/766420576","properties":{"id":"way/766420576","building":"yes","_elevM":10,"_bbox":[99.96339,8.4155509,99.9638291,8.416407]},"geometry":{"type":"Polygon","coordinates":[[[99.96356,8.41572],[99.96361,8.41555],[99.9637,8.41556],[99.96369,8.41564],[99.96383,8.41569],[99.96377,8.41596],[99.96374,8.41599],[99.96369,8.41618],[99.96371,8.4162],[99.96366,8.41641],[99.96339,8.41632],[99.96348,8.41594],[99.96352,8.41584],[99.9637,8.41586],[99.96375,8.41572],[99.96369,8.41571],[99.96367,8.41575],[99.96356,8.41572]]]}},{"type":"Feature","id":"way/766420577","properties":{"id":"way/766420577","building":"yes","_elevM":10,"_bbox":[99.9634855,8.4149861,99.9635815,8.4151021]},"geometry":{"type":"Polygon","coordinates":[[[99.96349,8.41508],[99.96352,8.41499],[99.96358,8.41501],[99.96355,8.4151],[99.96349,8.41508]]]}},{"type":"Feature","id":"way/766420578","properties":{"id":"way/766420578","building":"yes","_elevM":10,"_bbox":[99.9631672,8.4152859,99.9634843,8.4156479]},"geometry":{"type":"Polygon","coordinates":[[[99.96317,8.4156],[99.96324,8.41529],[99.96348,8.41533],[99.96337,8.41565],[99.96317,8.4156]]]}},{"type":"Feature","id":"way/766420579","properties":{"id":"way/766420579","building":"yes","_elevM":10,"_bbox":[99.962979,8.4156988,99.9632042,8.4161566]},"geometry":{"type":"Polygon","coordinates":[[[99.96298,8.41613],[99.9631,8.4157],[99.9632,8.41573],[99.96309,8.41616],[99.96298,8.41613]]]}},{"type":"Feature","id":"way/766420580","properties":{"id":"way/766420580","building":"yes","_elevM":10,"_bbox":[99.9631433,8.4156845,99.9633632,8.4161764]},"geometry":{"type":"Polygon","coordinates":[[[99.96314,8.41615],[99.96325,8.41568],[99.96336,8.41571],[99.96326,8.41618],[99.96314,8.41615]]]}},{"type":"Feature","id":"way/766420581","properties":{"id":"way/766420581","building":"yes","_elevM":10,"_bbox":[99.9629436,8.4162451,99.9632221,8.4168866]},"geometry":{"type":"Polygon","coordinates":[[[99.96311,8.41659],[99.9631,8.41663],[99.96318,8.41666],[99.96314,8.41689],[99.96301,8.41686],[99.96301,8.4168],[99.96295,8.4168],[99.96295,8.41667],[99.96302,8.41669],[99.96305,8.41657],[99.96295,8.41655],[99.96295,8.41648],[99.96299,8.41648],[99.96301,8.41642],[99.96294,8.41641],[99.96298,8.41625],[99.96309,8.41626],[99.96306,8.41641],[99.9631,8.41643],[99.96313,8.41631],[99.9632,8.41632],[99.96319,8.41638],[99.96322,8.4164],[99.96318,8.41661],[99.96311,8.41659]]]}},{"type":"Feature","id":"way/766420583","properties":{"id":"way/766420583","building":"yes","_elevM":10,"_bbox":[99.9632261,8.4164384,99.9636313,8.4172034]},"geometry":{"type":"Polygon","coordinates":[[[99.96323,8.41716],[99.96332,8.41659],[99.96339,8.4166],[99.9634,8.41655],[99.96331,8.41652],[99.96332,8.41645],[99.96348,8.41647],[99.96349,8.41644],[99.96363,8.41648],[99.96346,8.4172],[99.96323,8.41716]]]}},{"type":"Feature","id":"way/766420584","properties":{"id":"way/766420584","building":"yes","_elevM":10,"_bbox":[99.9631217,8.4172681,99.9634225,8.4178353]},"geometry":{"type":"Polygon","coordinates":[[[99.96312,8.4178],[99.96316,8.41739],[99.96323,8.41742],[99.96325,8.41734],[99.96319,8.4173],[99.96319,8.41727],[99.96338,8.4173],[99.96334,8.41745],[99.96342,8.41749],[99.96333,8.41784],[99.96312,8.4178]]]}},{"type":"Feature","id":"way/766420588","properties":{"id":"way/766420588","building":"yes","_elevM":10,"_bbox":[99.962838,8.4168914,99.9629265,8.4169681]},"geometry":{"type":"Polygon","coordinates":[[[99.96284,8.41696],[99.96285,8.41689],[99.96293,8.4169],[99.96292,8.41697],[99.96284,8.41696]]]}},{"type":"Feature","id":"way/766420589","properties":{"id":"way/766420589","building":"yes","_elevM":10,"_bbox":[99.9627465,8.4170108,99.9631093,8.4177338]},"geometry":{"type":"Polygon","coordinates":[[[99.96279,8.4177],[99.96285,8.41748],[99.96275,8.41745],[99.96281,8.4171],[99.96297,8.4171],[99.96299,8.41701],[99.96311,8.41702],[99.96305,8.41719],[99.963,8.41719],[99.96298,8.4173],[99.96305,8.41733],[99.96293,8.41773],[99.96279,8.4177]]]}},{"type":"Feature","id":"way/766420593","properties":{"id":"way/766420593","building":"yes","_elevM":10,"_bbox":[99.9636053,8.4180117,99.9639168,8.4181043]},"geometry":{"type":"Polygon","coordinates":[[[99.96361,8.41806],[99.96361,8.41801],[99.96392,8.41806],[99.96391,8.4181],[99.96361,8.41806]]]}},{"type":"Feature","id":"way/766420594","properties":{"id":"way/766420594","building":"yes","_elevM":10,"_bbox":[99.9631458,8.4179314,99.9634258,8.418022]},"geometry":{"type":"Polygon","coordinates":[[[99.96315,8.41798],[99.96315,8.41793],[99.96343,8.41798],[99.96342,8.41802],[99.96315,8.41798]]]}},{"type":"Feature","id":"way/766420602","properties":{"id":"way/766420602","name":"หอพระพุทธสิหิงค์","building":"yes","_elevM":10,"_bbox":[99.9634607,8.4190543,99.9636603,8.4191714]},"geometry":{"type":"Polygon","coordinates":[[[99.96346,8.41915],[99.96347,8.41905],[99.96366,8.41908],[99.96365,8.41917],[99.96346,8.41915]]]}},{"type":"Feature","id":"way/766420603","properties":{"id":"way/766420603","name":"ศาลจังหวัดนครศรีธรรมราช","building":"yes","amenity":"courthouse","mnType":"government","_elevM":15,"_bbox":[99.9629791,8.4192124,99.9636292,8.4201562]},"geometry":{"type":"Polygon","coordinates":[[[99.96298,8.42],[99.96309,8.41921],[99.96326,8.41924],[99.96321,8.4196],[99.96334,8.41962],[99.96339,8.41927],[99.96363,8.4193],[99.96361,8.41944],[99.96349,8.41942],[99.96342,8.41995],[99.96352,8.41996],[99.96349,8.42012],[99.96326,8.42008],[99.96325,8.42016],[99.96319,8.42015],[99.96324,8.41982],[99.9632,8.41981],[99.96322,8.41971],[99.96319,8.41971],[99.96315,8.42003],[99.96298,8.42]]]}},{"type":"Feature","id":"way/766420606","properties":{"id":"way/766420606","building":"yes","_elevM":10,"_bbox":[99.9625625,8.4201951,99.9635703,8.4206084]},"geometry":{"type":"Polygon","coordinates":[[[99.96354,8.42057],[99.96288,8.42048],[99.96286,8.42061],[99.96257,8.42057],[99.96259,8.4204],[99.96303,8.42046],[99.96304,8.42041],[99.96256,8.42035],[99.96258,8.4202],[99.96329,8.42029],[99.96328,8.42033],[99.96357,8.42037],[99.96354,8.42057]]]}},{"type":"Feature","id":"way/766420608","properties":{"id":"way/766420608","building":"yes","_elevM":10,"_bbox":[99.9660897,8.416836,99.9667121,8.4173221]},"geometry":{"type":"Polygon","coordinates":[[[99.9665,8.41709],[99.96657,8.41684],[99.96671,8.41688],[99.96663,8.41715],[99.96667,8.41716],[99.96663,8.41732],[99.96649,8.41728],[99.96652,8.41718],[99.96641,8.41715],[99.96638,8.41724],[99.96632,8.41722],[99.96636,8.41708],[99.96609,8.417],[99.96614,8.41684],[99.96635,8.4169],[99.96631,8.41703],[99.9665,8.41709]]]}},{"type":"Feature","id":"way/766420609","properties":{"id":"way/766420609","building":"yes","_elevM":10,"_bbox":[99.9667423,8.416892,99.967155,8.4174184]},"geometry":{"type":"Polygon","coordinates":[[[99.96674,8.41718],[99.96682,8.41689],[99.96716,8.41698],[99.96703,8.41742],[99.96689,8.41738],[99.96693,8.41724],[99.96674,8.41718]]]}},{"type":"Feature","id":"way/766420611","properties":{"id":"way/766420611","building":"yes","_elevM":10,"_bbox":[99.9661311,8.4176714,99.9662431,8.4178465]},"geometry":{"type":"Polygon","coordinates":[[[99.96613,8.41784],[99.96616,8.41767],[99.96624,8.41769],[99.96619,8.41785],[99.96613,8.41784]]]}},{"type":"Feature","id":"way/766420612","properties":{"id":"way/766420612","building":"yes","_elevM":10,"_bbox":[99.9661246,8.4173613,99.9670211,8.4180233]},"geometry":{"type":"Polygon","coordinates":[[[99.96667,8.41798],[99.96674,8.4178],[99.96656,8.41776],[99.96647,8.41793],[99.96635,8.41791],[99.96644,8.41764],[99.96612,8.41757],[99.96615,8.41746],[99.96633,8.41749],[99.96638,8.41736],[99.96671,8.41748],[99.96702,8.4176],[99.9669,8.41802],[99.96667,8.41798]]]}},{"type":"Feature","id":"way/766420613","properties":{"id":"way/766420613","building":"yes","_elevM":10,"_bbox":[99.965747,8.4179249,99.9661119,8.4182926]},"geometry":{"type":"Polygon","coordinates":[[[99.96575,8.41815],[99.96579,8.41792],[99.96606,8.41797],[99.96602,8.41816],[99.96611,8.41817],[99.96609,8.41829],[99.96599,8.41827],[99.96601,8.4182],[99.96575,8.41815]]]}},{"type":"Feature","id":"way/766420614","properties":{"id":"way/766420614","building":"yes","_elevM":10,"_bbox":[99.9661372,8.4179644,99.9667102,8.4183787]},"geometry":{"type":"Polygon","coordinates":[[[99.96618,8.41827],[99.9662,8.41819],[99.96614,8.41817],[99.96619,8.41796],[99.96671,8.41808],[99.96664,8.41838],[99.96618,8.41827]]]}},{"type":"Feature","id":"way/766420615","properties":{"id":"way/766420615","building":"yes","_elevM":10,"_bbox":[99.9667191,8.4182812,99.9668201,8.4183787]},"geometry":{"type":"Polygon","coordinates":[[[99.96672,8.41836],[99.96673,8.41828],[99.96682,8.4183],[99.9668,8.41838],[99.96672,8.41836]]]}},{"type":"Feature","id":"way/766420616","properties":{"id":"way/766420616","building":"yes","_elevM":10,"_bbox":[99.9649329,8.4182188,99.9653727,8.4189198]},"geometry":{"type":"Polygon","coordinates":[[[99.96493,8.41887],[99.96505,8.41822],[99.96537,8.41828],[99.96535,8.41838],[99.96522,8.41836],[99.96521,8.41841],[99.96532,8.41843],[99.96523,8.41892],[99.96493,8.41887]]]}},{"type":"Feature","id":"way/766420617","properties":{"id":"way/766420617","building":"yes","_elevM":10,"_bbox":[99.9653222,8.4182791,99.96572,8.4187744]},"geometry":{"type":"Polygon","coordinates":[[[99.96532,8.41877],[99.96539,8.41828],[99.96572,8.41832],[99.9657,8.41844],[99.96544,8.4184],[99.96539,8.41877],[99.96532,8.41877]]]}},{"type":"Feature","id":"way/766420618","properties":{"id":"way/766420618","building":"yes","_elevM":10,"_bbox":[99.9649267,8.4191969,99.9650974,8.4196959]},"geometry":{"type":"Polygon","coordinates":[[[99.96493,8.41968],[99.96502,8.4192],[99.9651,8.41921],[99.96501,8.4197],[99.96493,8.41968]]]}},{"type":"Feature","id":"way/766420619","properties":{"id":"way/766420619","building":"yes","_elevM":10,"_bbox":[99.9650279,8.4190064,99.9653654,8.4193738]},"geometry":{"type":"Polygon","coordinates":[[[99.96503,8.41914],[99.96504,8.41901],[99.96516,8.41901],[99.96515,8.41912],[99.9652,8.41913],[99.96522,8.41901],[99.96535,8.41903],[99.96537,8.41907],[99.96534,8.41937],[99.96527,8.41937],[99.96526,8.41919],[99.9651,8.41918],[99.96509,8.41913],[99.96503,8.41914]]]}},{"type":"Feature","id":"way/766420620","properties":{"id":"way/766420620","building":"yes","_elevM":10,"_bbox":[99.9650576,8.4196076,99.9652716,8.4197343]},"geometry":{"type":"Polygon","coordinates":[[[99.96507,8.41964],[99.96516,8.41965],[99.96517,8.41961],[99.96527,8.41962],[99.96525,8.41973],[99.96506,8.4197],[99.96507,8.41964]]]}},{"type":"Feature","id":"way/766420621","properties":{"id":"way/766420621","building":"yes","_elevM":10,"_bbox":[99.9617339,8.4162872,99.9622547,8.4168421]},"geometry":{"type":"Polygon","coordinates":[[[99.96185,8.41658],[99.96203,8.41662],[99.96209,8.41635],[99.96225,8.41639],[99.96217,8.41671],[99.96209,8.41669],[99.96205,8.41684],[99.96175,8.41677],[99.96179,8.4166],[99.96173,8.41659],[99.96181,8.41629],[99.96192,8.41631],[99.96185,8.41658]]]}},{"type":"Feature","id":"way/766420623","properties":{"id":"way/766420623","building":"yes","_elevM":10,"_bbox":[99.9623316,8.4161482,99.9625242,8.4164497]},"geometry":{"type":"Polygon","coordinates":[[[99.96233,8.41642],[99.96239,8.41615],[99.96252,8.41618],[99.96247,8.41645],[99.96233,8.41642]]]}},{"type":"Feature","id":"way/766420624","properties":{"id":"way/766420624","building":"yes","_elevM":10,"_bbox":[99.9615789,8.4168149,99.9622542,8.4170637]},"geometry":{"type":"Polygon","coordinates":[[[99.9616,8.41681],[99.96225,8.41698],[99.96223,8.41706],[99.96158,8.4169],[99.9616,8.41681]]]}},{"type":"Feature","id":"way/766420625","properties":{"id":"way/766420625","building":"yes","_elevM":10,"_bbox":[99.9620399,8.4174727,99.9622226,8.4178008]},"geometry":{"type":"Polygon","coordinates":[[[99.96204,8.41776],[99.96208,8.41747],[99.96222,8.4175],[99.96217,8.4177],[99.96212,8.4177],[99.96209,8.4178],[99.96204,8.41776]]]}},{"type":"Feature","id":"way/766420626","properties":{"id":"way/766420626","building":"yes","_elevM":10,"_bbox":[99.9619561,8.4170617,99.9626083,8.4176958]},"geometry":{"type":"Polygon","coordinates":[[[99.96196,8.4173],[99.96199,8.41706],[99.96212,8.41709],[99.96212,8.41722],[99.96261,8.41737],[99.96253,8.4177],[99.96245,8.41767],[99.96247,8.41745],[99.96237,8.41743],[99.96239,8.41735],[99.96229,8.41733],[99.96228,8.41737],[99.96232,8.41738],[99.96231,8.41745],[99.96209,8.4174],[99.96211,8.41727],[99.96206,8.41726],[99.96205,8.41735],[99.962,8.41735],[99.962,8.41731],[99.96196,8.4173]]]}},{"type":"Feature","id":"way/766420627","properties":{"id":"way/766420627","building":"yes","_elevM":10,"_bbox":[99.9609584,8.4169049,99.9613868,8.4173031]},"geometry":{"type":"Polygon","coordinates":[[[99.96102,8.4169],[99.96111,8.41691],[99.96111,8.41698],[99.96122,8.41698],[99.96125,8.41691],[99.96137,8.41693],[99.96135,8.41702],[99.96139,8.41703],[99.96137,8.41711],[99.96133,8.41711],[99.96134,8.41707],[99.96109,8.41703],[99.96107,8.41712],[99.96116,8.41714],[99.96114,8.41725],[99.96111,8.41724],[99.9611,8.4173],[99.96096,8.41728],[99.96097,8.41721],[99.96105,8.4172],[99.96107,8.41715],[99.96098,8.41712],[99.96102,8.41699],[99.96102,8.4169]]]}},{"type":"Feature","id":"way/766420628","properties":{"id":"way/766420628","building":"yes","_elevM":10,"_bbox":[99.9608492,8.4168358,99.9609349,8.4169317]},"geometry":{"type":"Polygon","coordinates":[[[99.96085,8.41692],[99.96085,8.41684],[99.96093,8.41685],[99.96092,8.41693],[99.96085,8.41692]]]}},{"type":"Feature","id":"way/766420633","properties":{"id":"way/766420633","building":"yes","_elevM":10,"_bbox":[99.9625479,8.4178459,99.9629314,8.4186924]},"geometry":{"type":"Polygon","coordinates":[[[99.96255,8.41866],[99.96269,8.41809],[99.96262,8.41804],[99.96266,8.41785],[99.96293,8.41788],[99.96275,8.41869],[99.96255,8.41866]]]}},{"type":"Feature","id":"way/766420634","properties":{"id":"way/766420634","building":"yes","_elevM":10,"_bbox":[99.9624151,8.418807,99.9626925,8.4192638]},"geometry":{"type":"Polygon","coordinates":[[[99.96245,8.41923],[99.96248,8.41908],[99.96242,8.41904],[99.96246,8.41881],[99.96255,8.41882],[99.96257,8.41893],[99.96269,8.41895],[99.96263,8.41926],[99.96245,8.41923]]]}},{"type":"Feature","id":"way/766420635","properties":{"id":"way/766420635","building":"yes","_elevM":10,"_bbox":[99.9623044,8.4193175,99.9625946,8.4200009]},"geometry":{"type":"Polygon","coordinates":[[[99.9623,8.41998],[99.96232,8.41987],[99.96239,8.41989],[99.9624,8.41982],[99.96237,8.41982],[99.9624,8.41959],[99.96235,8.41957],[99.96241,8.41935],[99.96243,8.41932],[99.96259,8.41933],[99.96253,8.41971],[99.96245,8.41969],[99.9624,8.42],[99.9623,8.41998]]]}},{"type":"Feature","id":"way/766420636","properties":{"id":"way/766420636","building":"yes","_elevM":10,"_bbox":[99.9654464,8.4184342,99.9661249,8.4190483]},"geometry":{"type":"Polygon","coordinates":[[[99.96545,8.41895],[99.96552,8.41859],[99.96563,8.41858],[99.96572,8.41844],[99.96584,8.41843],[99.96584,8.41858],[99.96572,8.41857],[99.96572,8.41862],[99.96588,8.41864],[99.96589,8.41857],[99.96593,8.41857],[99.96597,8.41844],[99.96612,8.41845],[99.96591,8.41905],[99.96574,8.419],[99.96575,8.41881],[99.96556,8.41876],[99.96557,8.41884],[99.96566,8.41886],[99.96564,8.41899],[99.96545,8.41895]]]}},{"type":"Feature","id":"way/766420638","properties":{"id":"way/766420638","building":"yes","_elevM":10,"_bbox":[99.966018,8.418488,99.966784,8.4191951]},"geometry":{"type":"Polygon","coordinates":[[[99.96602,8.41901],[99.96604,8.41891],[99.96609,8.41892],[99.96611,8.41886],[99.96624,8.41889],[99.96628,8.41872],[99.96622,8.41871],[99.96626,8.41855],[99.96639,8.41857],[99.96635,8.41876],[99.9666,8.41882],[99.96659,8.41873],[99.96648,8.41871],[99.96653,8.41849],[99.96678,8.41854],[99.96664,8.4192],[99.96635,8.41913],[99.96641,8.41888],[99.9663,8.41885],[99.96623,8.41914],[99.96613,8.41912],[99.96614,8.41903],[99.96602,8.41901]]]}},{"type":"Feature","id":"way/766420639","properties":{"id":"way/766420639","building":"yes","_elevM":10,"_bbox":[99.9653881,8.4190513,99.9658488,8.4196082]},"geometry":{"type":"Polygon","coordinates":[[[99.96542,8.41941],[99.96539,8.41939],[99.96543,8.41905],[99.96549,8.41908],[99.96547,8.41917],[99.96561,8.41919],[99.96561,8.41912],[99.96585,8.41918],[99.96581,8.4193],[99.96577,8.4193],[99.96575,8.41933],[99.96581,8.41935],[99.96578,8.41944],[99.96569,8.41943],[99.96566,8.41961],[99.96552,8.41958],[99.96554,8.41941],[99.96542,8.41941]]]}},{"type":"Feature","id":"way/766420640","properties":{"id":"way/766420640","building":"yes","_elevM":10,"_bbox":[99.9657515,8.4192038,99.9660856,8.4198746]},"geometry":{"type":"Polygon","coordinates":[[[99.96575,8.41985],[99.96576,8.4197],[99.96587,8.41969],[99.96589,8.41958],[99.9658,8.41957],[99.96584,8.41942],[99.9659,8.41941],[99.96594,8.4192],[99.96609,8.41923],[99.96606,8.41955],[99.96594,8.41956],[99.96591,8.41987],[99.96575,8.41985]]]}},{"type":"Feature","id":"way/766420641","properties":{"id":"way/766420641","building":"yes","_elevM":10,"_bbox":[99.9661075,8.419363,99.9663337,8.4197234]},"geometry":{"type":"Polygon","coordinates":[[[99.96611,8.41949],[99.96612,8.41936],[99.96633,8.41939],[99.96629,8.41972],[99.96611,8.4197],[99.96612,8.4196],[99.96621,8.41961],[99.96622,8.41951],[99.96611,8.41949]]]}},{"type":"Feature","id":"way/766420642","properties":{"id":"way/766420642","building":"yes","_elevM":10,"_bbox":[99.9663735,8.4197044,99.9665459,8.4199223]},"geometry":{"type":"Polygon","coordinates":[[[99.96637,8.4199],[99.96641,8.4197],[99.96655,8.41973],[99.96651,8.41992],[99.96637,8.4199]]]}},{"type":"Feature","id":"way/766420643","properties":{"id":"way/766420643","building":"yes","_elevM":10,"_bbox":[99.9663323,8.4194525,99.9666282,8.4196457]},"geometry":{"type":"Polygon","coordinates":[[[99.96633,8.4196],[99.96635,8.41948],[99.96642,8.41949],[99.96646,8.41945],[99.96663,8.41948],[99.9666,8.41965],[99.96633,8.4196]]]}},{"type":"Feature","id":"way/766420644","properties":{"id":"way/766420644","building":"yes","_elevM":10,"_bbox":[99.9663615,8.4192879,99.9664709,8.4193732]},"geometry":{"type":"Polygon","coordinates":[[[99.96636,8.41934],[99.96638,8.41929],[99.96647,8.41932],[99.96645,8.41937],[99.96636,8.41934]]]}},{"type":"Feature","id":"way/766420645","properties":{"id":"way/766420645","building":"yes","_elevM":10,"_bbox":[99.9653447,8.4196529,99.9657019,8.4198142]},"geometry":{"type":"Polygon","coordinates":[[[99.96534,8.41975],[99.96536,8.41965],[99.96562,8.4197],[99.96563,8.41965],[99.9657,8.41967],[99.96567,8.41981],[99.96534,8.41975]]]}},{"type":"Feature","id":"way/766420647","properties":{"id":"way/766420647","building":"yes","mnType":"government","_elevM":15,"_bbox":[99.9647554,8.419783,99.965197,8.4201372]},"geometry":{"type":"Polygon","coordinates":[[[99.96476,8.42008],[99.9648,8.41978],[99.9652,8.41984],[99.96515,8.42014],[99.96476,8.42008]]]}},{"type":"Feature","id":"way/766420649","properties":{"id":"way/766420649","building":"yes","_elevM":10,"_bbox":[99.9652762,8.4202918,99.9653524,8.420449]},"geometry":{"type":"Polygon","coordinates":[[[99.96528,8.42044],[99.96529,8.42029],[99.96535,8.42029],[99.96534,8.42045],[99.96528,8.42044]]]}},{"type":"Feature","id":"way/766420652","properties":{"id":"way/766420652","building":"yes","_elevM":10,"_bbox":[99.9652357,8.419866,99.9659222,8.4202176]},"geometry":{"type":"Polygon","coordinates":[[[99.96539,8.42015],[99.96542,8.41999],[99.96524,8.41996],[99.96525,8.41987],[99.96572,8.41993],[99.9657,8.42005],[99.96592,8.42008],[99.9659,8.42022],[99.96539,8.42015]]]}},{"type":"Feature","id":"way/766420653","properties":{"id":"way/766420653","building":"yes","_elevM":10,"_bbox":[99.9654231,8.4203085,99.9658554,8.4205323]},"geometry":{"type":"Polygon","coordinates":[[[99.96542,8.42048],[99.96545,8.42031],[99.96586,8.42036],[99.96583,8.42053],[99.96542,8.42048]]]}},{"type":"Feature","id":"way/766420654","properties":{"id":"way/766420654","building":"yes","_elevM":10,"_bbox":[99.9661327,8.4200013,99.9664961,8.4204988]},"geometry":{"type":"Polygon","coordinates":[[[99.96613,8.42047],[99.96616,8.42027],[99.96628,8.42027],[99.9663,8.4202],[99.96636,8.4202],[99.96637,8.42014],[99.96623,8.42009],[99.96623,8.42],[99.9665,8.42006],[99.96633,8.4205],[99.96613,8.42047]]]}},{"type":"Feature","id":"way/766420655","properties":{"id":"way/766420655","building":"yes","_elevM":10,"_bbox":[99.9659529,8.4203128,99.9661083,8.4204782]},"geometry":{"type":"Polygon","coordinates":[[[99.96595,8.42046],[99.96598,8.42031],[99.96611,8.42034],[99.9661,8.4204],[99.96605,8.42039],[99.96604,8.42048],[99.96595,8.42046]]]}},{"type":"Feature","id":"way/766420656","properties":{"id":"way/766420656","building":"yes","_elevM":10,"_bbox":[99.9661358,8.4205233,99.9663376,8.4206203]},"geometry":{"type":"Polygon","coordinates":[[[99.96614,8.42059],[99.96615,8.42052],[99.96634,8.42055],[99.96633,8.42062],[99.96614,8.42059]]]}},{"type":"Feature","id":"way/766420657","properties":{"id":"way/766420657","building":"yes","_elevM":10,"_bbox":[99.9646159,8.4205437,99.9651983,8.4209321]},"geometry":{"type":"Polygon","coordinates":[[[99.96462,8.42083],[99.96466,8.42054],[99.9652,8.42058],[99.96512,8.42093],[99.96462,8.42083]]]}},{"type":"Feature","id":"way/766420658","properties":{"id":"way/766420658","building":"yes","_elevM":10,"_bbox":[99.9651594,8.4206545,99.9662738,8.4211824]},"geometry":{"type":"Polygon","coordinates":[[[99.96516,8.42092],[99.96518,8.42084],[99.96524,8.42082],[99.96526,8.42068],[99.96538,8.4207],[99.96536,8.42082],[99.96544,8.42084],[99.96548,8.42068],[99.96561,8.42068],[99.96579,8.42069],[99.9658,8.42065],[99.96603,8.4207],[99.96598,8.42089],[99.96607,8.42091],[99.96613,8.42075],[99.96627,8.42076],[99.9662,8.42118],[99.96599,8.42114],[99.96603,8.42102],[99.96598,8.42101],[99.96595,8.42113],[99.96584,8.42111],[99.96584,8.42105],[99.96577,8.42104],[99.96576,8.42107],[99.96571,8.42106],[99.96575,8.42091],[99.9657,8.4209],[99.96566,8.42105],[99.96536,8.42097],[99.96535,8.4209],[99.9653,8.42089],[99.96529,8.42096],[99.96516,8.42092]]]}},{"type":"Feature","id":"way/766420659","properties":{"id":"way/766420659","building":"yes","_elevM":10,"_bbox":[99.9637154,8.4203795,99.9639669,8.4206202]},"geometry":{"type":"Polygon","coordinates":[[[99.96372,8.42059],[99.96375,8.42038],[99.96397,8.42042],[99.96395,8.42062],[99.96372,8.42059]]]}},{"type":"Feature","id":"way/766420660","properties":{"id":"way/766420660","building":"yes","_elevM":10,"_bbox":[99.96419,8.4204427,99.9644473,8.4208165]},"geometry":{"type":"Polygon","coordinates":[[[99.96419,8.42079],[99.96423,8.42044],[99.96445,8.42047],[99.9644,8.42082],[99.96419,8.42079]]]}},{"type":"Feature","id":"way/766420667","properties":{"id":"way/766420667","building":"yes","_elevM":10,"_bbox":[99.9623492,8.4208421,99.9631828,8.4226055]},"geometry":{"type":"Polygon","coordinates":[[[99.9631,8.42084],[99.96318,8.42085],[99.9631,8.42261],[99.96295,8.42259],[99.96299,8.42231],[99.96306,8.42232],[99.96305,8.42216],[99.96286,8.42213],[99.96283,8.42246],[99.96269,8.42242],[99.96266,8.42253],[99.96261,8.42251],[99.96264,8.42221],[99.96247,8.42221],[99.96246,8.42236],[99.96235,8.42235],[99.96236,8.42219],[99.96244,8.42216],[99.96248,8.42196],[99.96243,8.42197],[99.96243,8.42183],[99.96251,8.42175],[99.96267,8.42169],[99.96268,8.42161],[99.96246,8.42159],[99.96245,8.42148],[99.96262,8.42148],[99.96262,8.4214],[99.9625,8.42138],[99.96251,8.42114],[99.96264,8.42117],[99.9627,8.42142],[99.96277,8.42143],[99.96275,8.42161],[99.96287,8.42164],[99.96286,8.42174],[99.96265,8.42175],[99.96261,8.42184],[99.96259,8.42196],[99.96271,8.42198],[99.9627,8.42207],[99.96275,8.42207],[99.96277,8.42198],[99.96284,8.42197],[99.96286,8.42183],[99.96292,8.42183],[99.96295,8.42167],[99.96305,8.42166],[99.96304,8.4213],[99.96292,8.42125],[99.96292,8.42115],[99.963,8.42109],[99.96301,8.42101],[99.96308,8.421],[99.9631,8.42084]]]}},{"type":"Feature","id":"way/766420668","properties":{"id":"way/766420668","building":"yes","_elevM":10,"_bbox":[99.9624987,8.4207147,99.9630424,8.4212758]},"geometry":{"type":"Polygon","coordinates":[[[99.9625,8.42108],[99.96254,8.42086],[99.96263,8.42088],[99.96267,8.42078],[99.96287,8.42081],[99.9629,8.42071],[99.96299,8.42074],[99.96296,8.42088],[99.96304,8.42089],[99.96304,8.42098],[99.96291,8.42097],[99.96288,8.42104],[99.96282,8.42127],[99.96273,8.42128],[99.96273,8.42115],[99.9625,8.42108]]]}},{"type":"Feature","id":"way/766420669","properties":{"id":"way/766420669","building":"yes","_elevM":10,"_bbox":[99.9632986,8.4207939,99.9636927,8.4212395]},"geometry":{"type":"Polygon","coordinates":[[[99.9633,8.42122],[99.96331,8.42079],[99.96357,8.42083],[99.96354,8.42108],[99.96369,8.4211],[99.96366,8.42122],[99.96345,8.4212],[99.96345,8.42124],[99.9633,8.42122]]]}},{"type":"Feature","id":"way/766420670","properties":{"id":"way/766420670","building":"yes","_elevM":10,"_bbox":[99.9637843,8.4208439,99.9639085,8.4210766]},"geometry":{"type":"Polygon","coordinates":[[[99.96378,8.42107],[99.9638,8.42084],[99.96391,8.42085],[99.96389,8.42108],[99.96378,8.42107]]]}},{"type":"Feature","id":"way/766420671","properties":{"id":"way/766420671","building":"yes","_elevM":10,"_bbox":[99.964026,8.4208742,99.9643933,8.4212703]},"geometry":{"type":"Polygon","coordinates":[[[99.96403,8.42123],[99.96406,8.42098],[99.96411,8.42098],[99.96413,8.42087],[99.96439,8.42091],[99.96435,8.42127],[99.96403,8.42123]]]}},{"type":"Feature","id":"way/766420672","properties":{"id":"way/766420672","building":"yes","_elevM":10,"_bbox":[99.9632817,8.4213093,99.9636686,8.4214421]},"geometry":{"type":"Polygon","coordinates":[[[99.96328,8.42141],[99.9633,8.42131],[99.96367,8.42136],[99.96365,8.42144],[99.96328,8.42141]]]}},{"type":"Feature","id":"way/766420673","properties":{"id":"way/766420673","building":"yes","_elevM":10,"_bbox":[99.9637661,8.4213666,99.9643211,8.4217075]},"geometry":{"type":"Polygon","coordinates":[[[99.96382,8.42162],[99.96384,8.42147],[99.96377,8.42146],[99.96378,8.42137],[99.96432,8.42144],[99.96432,8.42159],[99.96412,8.42156],[99.96414,8.42165],[99.9643,8.42165],[99.96428,8.42171],[99.96399,8.42167],[99.96382,8.42162]]]}},{"type":"Feature","id":"way/766420674","properties":{"id":"way/766420674","building":"yes","_elevM":10,"_bbox":[99.9634943,8.421836,99.9637254,8.4219892]},"geometry":{"type":"Polygon","coordinates":[[[99.96349,8.42197],[99.96351,8.42184],[99.96373,8.42186],[99.96371,8.42199],[99.96349,8.42197]]]}},{"type":"Feature","id":"way/766420675","properties":{"id":"way/766420675","building":"yes","_elevM":10,"_bbox":[99.9632573,8.4216546,99.9633469,8.421985]},"geometry":{"type":"Polygon","coordinates":[[[99.96326,8.42198],[99.96328,8.42165],[99.96335,8.42166],[99.96332,8.42198],[99.96326,8.42198]]]}},{"type":"Feature","id":"way/766420676","properties":{"id":"way/766420676","building":"yes","_elevM":10,"_bbox":[99.9635269,8.4216972,99.9636129,8.4217847]},"geometry":{"type":"Polygon","coordinates":[[[99.96353,8.42178],[99.96354,8.4217],[99.96361,8.42171],[99.9636,8.42178],[99.96353,8.42178]]]}},{"type":"Feature","id":"way/766420678","properties":{"id":"way/766420678","building":"yes","_elevM":10,"_bbox":[99.9632044,8.4223002,99.9637,8.4227629]},"geometry":{"type":"Polygon","coordinates":[[[99.9632,8.42266],[99.96324,8.4223],[99.9637,8.42232],[99.96363,8.42276],[99.96336,8.42271],[99.96338,8.42262],[99.96346,8.42261],[99.96347,8.42256],[99.9633,8.42255],[99.96328,8.42267],[99.9632,8.42266]]]}},{"type":"Feature","id":"way/766420679","properties":{"id":"way/766420679","building":"yes","_elevM":10,"_bbox":[99.9637224,8.4222781,99.9642162,8.4229011]},"geometry":{"type":"Polygon","coordinates":[[[99.96372,8.42279],[99.96374,8.42266],[99.96383,8.42265],[99.96384,8.42253],[99.96388,8.42252],[99.96389,8.42245],[99.96383,8.42244],[99.96377,8.42258],[99.96373,8.42258],[99.96378,8.42228],[99.96399,8.42228],[99.96396,8.42243],[99.96402,8.42245],[99.96402,8.4223],[99.96422,8.42229],[99.96417,8.4225],[99.96407,8.42249],[99.96406,8.42255],[99.96418,8.42257],[99.9641,8.4229],[99.96372,8.42279]]]}},{"type":"Feature","id":"way/766420680","properties":{"id":"way/766420680","building":"yes","_elevM":10,"_bbox":[99.9635681,8.4221248,99.9637109,8.4222334]},"geometry":{"type":"Polygon","coordinates":[[[99.96357,8.42222],[99.96357,8.42217],[99.96364,8.42218],[99.96365,8.42212],[99.96371,8.42213],[99.9637,8.42223],[99.96357,8.42222]]]}},{"type":"Feature","id":"way/766420681","properties":{"id":"way/766420681","building":"yes","_elevM":10,"_bbox":[99.964042,8.4219341,99.9642516,8.4222312]},"geometry":{"type":"Polygon","coordinates":[[[99.96404,8.42221],[99.96408,8.42193],[99.96425,8.42196],[99.96421,8.42223],[99.96404,8.42221]]]}},{"type":"Feature","id":"way/766420682","properties":{"id":"way/766420682","building":"yes","_elevM":10,"_bbox":[99.9621345,8.422555,99.9624438,8.4229402]},"geometry":{"type":"Polygon","coordinates":[[[99.96213,8.42287],[99.96223,8.42255],[99.96244,8.4226],[99.96236,8.42294],[99.96213,8.42287]]]}},{"type":"Feature","id":"way/766420683","properties":{"id":"way/766420683","building":"yes","_elevM":10,"_bbox":[99.962524,8.4226268,99.9628333,8.423025]},"geometry":{"type":"Polygon","coordinates":[[[99.96258,8.423],[99.96261,8.4228],[99.96252,8.42278],[99.96258,8.42263],[99.96266,8.42265],[99.96264,8.42275],[99.96273,8.42277],[99.96273,8.42267],[99.96283,8.42269],[99.9628,8.42281],[99.9627,8.4228],[99.96271,8.42287],[99.96282,8.42289],[99.96279,8.42303],[99.96258,8.423]]]}},{"type":"Feature","id":"way/766420684","properties":{"id":"way/766420684","building":"yes","_elevM":10,"_bbox":[99.9628501,8.4227725,99.9630998,8.4230729]},"geometry":{"type":"Polygon","coordinates":[[[99.96285,8.42303],[99.96287,8.42292],[99.96295,8.42291],[99.96295,8.42296],[99.96301,8.42296],[99.96304,8.42277],[99.9631,8.42278],[99.96303,8.42307],[99.96285,8.42303]]]}},{"type":"Feature","id":"way/766420685","properties":{"id":"way/766420685","building":"yes","_elevM":10,"_bbox":[99.9631687,8.4227819,99.9633361,8.4230729]},"geometry":{"type":"Polygon","coordinates":[[[99.96317,8.42307],[99.96325,8.42278],[99.96334,8.42281],[99.96327,8.42307],[99.96317,8.42307]]]}},{"type":"Feature","id":"way/766420686","properties":{"id":"way/766420686","building":"yes","_elevM":10,"_bbox":[99.96335,8.422841,99.9641201,8.423249]},"geometry":{"type":"Polygon","coordinates":[[[99.96335,8.42309],[99.96341,8.42284],[99.96412,8.423],[99.96406,8.42325],[99.96335,8.42309]]]}},{"type":"Feature","id":"way/766420688","properties":{"id":"way/766420688","building":"yes","_elevM":10,"_bbox":[99.9630919,8.4232035,99.9635541,8.4235615]},"geometry":{"type":"Polygon","coordinates":[[[99.96309,8.42348],[99.96315,8.4232],[99.96355,8.42329],[99.9635,8.42356],[99.96309,8.42348]]]}},{"type":"Feature","id":"way/766420689","properties":{"id":"way/766420689","building":"yes","_elevM":10,"_bbox":[99.9635259,8.4232928,99.9640638,8.42392]},"geometry":{"type":"Polygon","coordinates":[[[99.96353,8.42383],[99.96365,8.42329],[99.96406,8.42339],[99.96394,8.42392],[99.96353,8.42383]]]}},{"type":"Feature","id":"way/766420690","properties":{"id":"way/766420690","building":"yes","_elevM":10,"_bbox":[99.9629839,8.4236212,99.9636504,8.4243483]},"geometry":{"type":"Polygon","coordinates":[[[99.96298,8.4242],[99.96303,8.42389],[99.96322,8.42392],[99.96324,8.4238],[99.96304,8.42376],[99.96306,8.42362],[99.96346,8.42369],[99.96343,8.42388],[99.96337,8.42387],[99.96337,8.42389],[99.96347,8.4239],[99.96348,8.42385],[99.96365,8.42387],[99.96357,8.42435],[99.96337,8.42431],[99.96343,8.42393],[99.96331,8.42391],[99.96326,8.42424],[99.96298,8.4242]]]}},{"type":"Feature","id":"way/766420691","properties":{"id":"way/766420691","building":"yes","mnType":"temple","_elevM":28,"_bbox":[99.9636702,8.4241756,99.9637873,8.4242673]},"geometry":{"type":"Polygon","coordinates":[[[99.96367,8.42425],[99.96368,8.42418],[99.96379,8.42419],[99.96378,8.42427],[99.96367,8.42425]]]}},{"type":"Feature","id":"way/766420692","properties":{"id":"way/766420692","name":"หอพระนารายณ์","nameEn":"Ho Phra Narai","building":"yes","mnType":"temple","_elevM":28,"_bbox":[99.96426,8.424293,99.9643624,8.424376]},"geometry":{"type":"Polygon","coordinates":[[[99.96426,8.42436],[99.96427,8.42429],[99.96436,8.42431],[99.96435,8.42438],[99.96426,8.42436]]]}},{"type":"Feature","id":"way/766420693","properties":{"id":"way/766420693","building":"yes","_elevM":10,"_bbox":[99.9620382,8.4230403,99.9627724,8.4235362]},"geometry":{"type":"Polygon","coordinates":[[[99.96218,8.42317],[99.96222,8.42304],[99.96233,8.42305],[99.96234,8.42307],[99.96255,8.42311],[99.96256,8.42317],[99.96265,8.42317],[99.96268,8.4231],[99.96277,8.42311],[99.96267,8.42353],[99.96215,8.42339],[99.96212,8.42354],[99.96204,8.42351],[99.96205,8.42331],[99.96211,8.42332],[99.96214,8.42321],[99.96227,8.42324],[99.96228,8.42334],[99.9624,8.42335],[99.96242,8.42327],[99.96233,8.42324],[99.96234,8.42316],[99.96218,8.42317]]]}},{"type":"Feature","id":"way/766420694","properties":{"id":"way/766420694","building":"yes","_elevM":10,"_bbox":[99.9619935,8.4231288,99.9630314,8.4236652]},"geometry":{"type":"Polygon","coordinates":[[[99.96278,8.42352],[99.96286,8.42313],[99.96303,8.42316],[99.96295,8.42354],[99.9629,8.42352],[99.96288,8.42357],[99.96292,8.42358],[99.96291,8.42367],[99.96284,8.42365],[99.96284,8.42358],[99.96277,8.42357],[99.96276,8.42366],[99.96248,8.42361],[99.96243,8.42366],[99.96199,8.42358],[99.96201,8.42353],[99.96235,8.42357],[99.96239,8.42349],[99.9627,8.42355],[99.96278,8.42352]]]}},{"type":"Feature","id":"way/766420695","properties":{"id":"way/766420695","building":"yes","_elevM":10,"_bbox":[99.9619022,8.4236357,99.9627724,8.4241482]},"geometry":{"type":"Polygon","coordinates":[[[99.9619,8.42411],[99.96194,8.42388],[99.96202,8.42388],[99.96203,8.42393],[99.96208,8.42393],[99.96209,8.42389],[99.96217,8.42389],[99.96217,8.42386],[99.96209,8.42384],[99.96212,8.42382],[99.96203,8.42379],[99.96212,8.42364],[99.96224,8.42366],[99.96223,8.42372],[99.96215,8.42372],[99.96216,8.42381],[99.96221,8.42383],[99.96231,8.4238],[99.96232,8.42372],[99.96277,8.4238],[99.96277,8.42384],[99.96248,8.42383],[99.96246,8.42415],[99.9619,8.42411]]]}},{"type":"Feature","id":"way/766420696","properties":{"id":"way/766420696","building":"yes","_elevM":10,"_bbox":[99.9616562,8.4242256,99.9620643,8.4250809]},"geometry":{"type":"Polygon","coordinates":[[[99.96166,8.42501],[99.96188,8.42423],[99.96206,8.42426],[99.96187,8.42508],[99.96166,8.42501]]]}},{"type":"Feature","id":"way/766420697","properties":{"id":"way/766420697","building":"yes","_elevM":10,"_bbox":[99.9624407,8.4243325,99.962791,8.4247989]},"geometry":{"type":"Polygon","coordinates":[[[99.96251,8.4248],[99.96244,8.42458],[99.96245,8.42451],[99.9625,8.42451],[99.96255,8.42433],[99.96279,8.42433],[99.96279,8.42478],[99.96251,8.4248]]]}},{"type":"Feature","id":"way/766420698","properties":{"id":"way/766420698","building":"yes","_elevM":10,"_bbox":[99.962068,8.4242514,99.9624277,8.4245556]},"geometry":{"type":"Polygon","coordinates":[[[99.96207,8.42445],[99.96213,8.42425],[99.96243,8.42429],[99.96239,8.4245],[99.96236,8.42449],[99.96233,8.42456],[99.96215,8.42449],[99.96216,8.42446],[99.96207,8.42445]]]}},{"type":"Feature","id":"way/766420699","properties":{"id":"way/766420699","building":"yes","_elevM":10,"_bbox":[99.96196,8.4245666,99.9624277,8.4251473]},"geometry":{"type":"Polygon","coordinates":[[[99.96196,8.42508],[99.96206,8.42457],[99.96212,8.42458],[99.96212,8.42464],[99.96242,8.42463],[99.96243,8.42474],[99.96223,8.42474],[99.96217,8.42515],[99.96196,8.42508]]]}},{"type":"Feature","id":"way/766420700","properties":{"id":"way/766420700","building":"yes","_elevM":10,"_bbox":[99.9622451,8.4248155,99.9628134,8.4252505]},"geometry":{"type":"Polygon","coordinates":[[[99.96225,8.42515],[99.96225,8.42489],[99.96237,8.42488],[99.96239,8.42482],[99.96251,8.42485],[99.96252,8.42498],[99.96244,8.42497],[99.96245,8.42505],[99.96256,8.42505],[99.96257,8.42491],[99.96271,8.42492],[99.96271,8.42483],[99.96281,8.42483],[99.96281,8.42518],[99.96266,8.42519],[99.96266,8.42525],[99.96244,8.42522],[99.96225,8.42515]]]}},{"type":"Feature","id":"way/766420703","properties":{"id":"way/766420703","building":"yes","_elevM":10,"_bbox":[99.9620657,8.4252896,99.9623362,8.4257785]},"geometry":{"type":"Polygon","coordinates":[[[99.96207,8.42575],[99.96219,8.4255],[99.96226,8.42529],[99.96234,8.42531],[99.96225,8.42552],[99.96213,8.42578],[99.96207,8.42575]]]}},{"type":"Feature","id":"way/766420704","properties":{"id":"way/766420704","building":"yes","mnType":"school","_elevM":12,"_bbox":[99.9624151,8.4253304,99.9625935,8.4254844]},"geometry":{"type":"Polygon","coordinates":[[[99.96242,8.42547],[99.96244,8.42533],[99.96259,8.42534],[99.96258,8.42541],[99.96249,8.4254],[99.96248,8.42548],[99.96242,8.42547]]]}},{"type":"Feature","id":"way/766420709","properties":{"id":"way/766420709","building":"yes","_elevM":10,"_bbox":[99.9628892,8.4244545,99.9631233,8.4252433]},"geometry":{"type":"Polygon","coordinates":[[[99.96289,8.42446],[99.96308,8.42445],[99.96312,8.42523],[99.96293,8.42524],[99.96289,8.42446]]]}},{"type":"Feature","id":"way/766420710","properties":{"id":"way/766420710","building":"yes","_elevM":10,"_bbox":[99.963093,8.4243618,99.9633173,8.4244946]},"geometry":{"type":"Polygon","coordinates":[[[99.96309,8.42447],[99.96311,8.42436],[99.96332,8.42439],[99.9633,8.42449],[99.96309,8.42447]]]}},{"type":"Feature","id":"way/766420711","properties":{"id":"way/766420711","building":"yes","_elevM":10,"_bbox":[99.9634144,8.4246284,99.9636101,8.4247212]},"geometry":{"type":"Polygon","coordinates":[[[99.96342,8.42463],[99.96361,8.42465],[99.9636,8.42472],[99.96341,8.4247],[99.96342,8.42463]]]}},{"type":"Feature","id":"way/766420712","properties":{"id":"way/766420712","building":"yes","_elevM":10,"_bbox":[99.9631419,8.4246107,99.9635815,8.4250454]},"geometry":{"type":"Polygon","coordinates":[[[99.96317,8.42461],[99.96334,8.42463],[99.96332,8.42482],[99.96339,8.42483],[99.9634,8.42476],[99.96349,8.42477],[99.96348,8.42489],[99.96358,8.4249],[99.96357,8.42499],[99.96339,8.42497],[99.96339,8.42505],[99.96322,8.42503],[99.96323,8.42497],[99.96314,8.42496],[99.96316,8.42481],[99.96326,8.42482],[99.96327,8.42467],[99.96316,8.42466],[99.96317,8.42461]]]}},{"type":"Feature","id":"way/766420713","properties":{"id":"way/766420713","building":"yes","_elevM":10,"_bbox":[99.9631338,8.4245391,99.9631704,8.4245767]},"geometry":{"type":"Polygon","coordinates":[[[99.96313,8.42458],[99.96313,8.42454],[99.96317,8.42454],[99.96317,8.42458],[99.96313,8.42458]]]}},{"type":"Feature","id":"way/766420714","properties":{"id":"way/766420714","building":"yes","mnType":"school","_elevM":12,"_bbox":[99.9629296,8.4252732,99.9635112,8.4254227]},"geometry":{"type":"Polygon","coordinates":[[[99.96294,8.42527],[99.96351,8.42532],[99.9635,8.42542],[99.96293,8.42538],[99.96294,8.42527]]]}},{"type":"Feature","id":"way/766420715","properties":{"id":"way/766420715","building":"yes","_elevM":10,"_bbox":[99.9635872,8.425349,99.9637074,8.4254891]},"geometry":{"type":"Polygon","coordinates":[[[99.96359,8.42547],[99.96361,8.42535],[99.96371,8.42536],[99.96369,8.42549],[99.96359,8.42547]]]}},{"type":"Feature","id":"way/766420716","properties":{"id":"way/766420716","building":"yes","mnType":"temple","_elevM":28,"_bbox":[99.9642232,8.424577,99.9643375,8.4246633]},"geometry":{"type":"Polygon","coordinates":[[[99.96423,8.42458],[99.96434,8.4246],[99.96433,8.42466],[99.96422,8.42465],[99.96423,8.42458]]]}},{"type":"Feature","id":"way/766420719","properties":{"id":"way/766420719","building":"yes","mnType":"school","_elevM":12,"_bbox":[99.9633535,8.4255675,99.9636304,8.4259296]},"geometry":{"type":"Polygon","coordinates":[[[99.96335,8.42584],[99.96338,8.42557],[99.96363,8.42559],[99.9636,8.42586],[99.96349,8.42585],[99.96348,8.42593],[99.96339,8.42592],[99.9634,8.42585],[99.96335,8.42584]]]}},{"type":"Feature","id":"way/766420725","properties":{"id":"way/766420725","building":"yes","_elevM":10,"_bbox":[99.9616271,8.4268234,99.9619965,8.4271277]},"geometry":{"type":"Polygon","coordinates":[[[99.96163,8.42707],[99.96167,8.42682],[99.962,8.42688],[99.96195,8.42713],[99.96163,8.42707]]]}},{"type":"Feature","id":"way/766420726","properties":{"id":"way/766420726","building":"yes","_elevM":10,"_bbox":[99.9617607,8.4263539,99.9621246,8.4266693]},"geometry":{"type":"Polygon","coordinates":[[[99.962,8.42666],[99.96202,8.42655],[99.96176,8.42651],[99.96179,8.42635],[99.96212,8.42641],[99.96208,8.42667],[99.962,8.42666]]]}},{"type":"Feature","id":"way/766420729","properties":{"id":"way/766420729","building":"yes","_elevM":10,"_bbox":[99.9613672,8.428635,99.961676,8.4291752]},"geometry":{"type":"Polygon","coordinates":[[[99.96137,8.42914],[99.96144,8.42863],[99.96168,8.42867],[99.9616,8.42918],[99.96137,8.42914]]]}},{"type":"Feature","id":"way/766420730","properties":{"id":"way/766420730","building":"yes","_elevM":10,"_bbox":[99.9616973,8.4286954,99.9618764,8.4291894]},"geometry":{"type":"Polygon","coordinates":[[[99.9617,8.42917],[99.96176,8.4287],[99.96188,8.42871],[99.96182,8.42919],[99.9617,8.42917]]]}},{"type":"Feature","id":"way/766420735","properties":{"id":"way/766420735","building":"yes","_elevM":10,"_bbox":[99.961315,8.4295689,99.9616968,8.4299762]},"geometry":{"type":"Polygon","coordinates":[[[99.96131,8.42992],[99.96137,8.42957],[99.96149,8.42959],[99.96147,8.42974],[99.9617,8.42978],[99.96166,8.42998],[99.96131,8.42992]]]}},{"type":"Feature","id":"way/766420736","properties":{"id":"way/766420736","building":"yes","_elevM":10,"_bbox":[99.9620388,8.4302715,99.9623926,8.4306308]},"geometry":{"type":"Polygon","coordinates":[[[99.96211,8.43058],[99.96208,8.43061],[99.96204,8.43056],[99.96207,8.43053],[99.96205,8.43051],[99.96206,8.43039],[99.96211,8.43035],[99.96207,8.4303],[99.96211,8.43027],[99.96214,8.43032],[99.96217,8.43029],[99.96228,8.4303],[99.96232,8.43034],[99.96236,8.43031],[99.96239,8.43035],[99.96236,8.43038],[99.96238,8.43041],[99.96238,8.43051],[99.96234,8.43054],[99.96238,8.43059],[99.96233,8.43063],[99.96229,8.43059],[99.96226,8.43061],[99.96214,8.43061],[99.96211,8.43058]]]}},{"type":"Feature","id":"way/766425572","properties":{"id":"way/766425572","building":"yes","_elevM":10,"_bbox":[99.9629933,8.4280349,99.9630506,8.4281132]},"geometry":{"type":"Polygon","coordinates":[[[99.96299,8.42811],[99.963,8.42803],[99.96305,8.42804],[99.96305,8.42811],[99.96299,8.42811]]]}},{"type":"Feature","id":"way/766425574","properties":{"id":"way/766425574","building":"yes","_elevM":10,"_bbox":[99.962408,8.4304602,99.9628076,8.4307732]},"geometry":{"type":"Polygon","coordinates":[[[99.96244,8.43075],[99.96244,8.4307],[99.96241,8.4307],[99.96241,8.43064],[99.96246,8.43064],[99.96247,8.43055],[99.96244,8.43055],[99.96245,8.4305],[99.96247,8.4305],[99.96248,8.43046],[99.96254,8.43047],[99.96254,8.43052],[99.96261,8.43052],[99.96262,8.43047],[99.96271,8.43048],[99.9627,8.43061],[99.96281,8.43062],[99.9628,8.43069],[99.96269,8.43068],[99.96268,8.43077],[99.96259,8.43076],[99.9626,8.43071],[99.96252,8.4307],[99.96252,8.43076],[99.96244,8.43075]]]}},{"type":"Feature","id":"way/766425575","properties":{"id":"way/766425575","building":"yes","_elevM":10,"_bbox":[99.9622586,8.4307295,99.9623538,8.4308268]},"geometry":{"type":"Polygon","coordinates":[[[99.96226,8.43082],[99.96227,8.43073],[99.96235,8.43074],[99.96234,8.43083],[99.96226,8.43082]]]}},{"type":"Feature","id":"way/766425579","properties":{"id":"way/766425579","building":"yes","_elevM":10,"_bbox":[99.9608871,8.4311872,99.9616109,8.4314067]},"geometry":{"type":"Polygon","coordinates":[[[99.96092,8.43119],[99.96161,8.43129],[99.96158,8.43141],[99.96089,8.43127],[99.96092,8.43119]]]}},{"type":"Feature","id":"way/766425580","properties":{"id":"way/766425580","building":"yes","_elevM":10,"_bbox":[99.9609096,8.4307185,99.9613894,8.4311862]},"geometry":{"type":"Polygon","coordinates":[[[99.96091,8.43111],[99.96098,8.43072],[99.96139,8.43079],[99.96132,8.43119],[99.96091,8.43111]]]}},{"type":"Feature","id":"way/766425581","properties":{"id":"way/766425581","building":"yes","_elevM":10,"_bbox":[99.9609863,8.4304989,99.9610996,8.4306964]},"geometry":{"type":"Polygon","coordinates":[[[99.96099,8.43068],[99.96102,8.4305],[99.9611,8.43052],[99.96107,8.4307],[99.96099,8.43068]]]}},{"type":"Feature","id":"way/766425582","properties":{"id":"way/766425582","building":"yes","_elevM":10,"_bbox":[99.9614101,8.4307495,99.9617604,8.4312311]},"geometry":{"type":"Polygon","coordinates":[[[99.96141,8.4312],[99.96149,8.43075],[99.96176,8.43081],[99.96174,8.43092],[99.96168,8.43091],[99.96159,8.43123],[99.96141,8.4312]]]}},{"type":"Feature","id":"way/766425583","properties":{"id":"way/766425583","building":"yes","_elevM":10,"_bbox":[99.9618193,8.4308746,99.9622313,8.4313123]},"geometry":{"type":"Polygon","coordinates":[[[99.9619,8.43124],[99.96192,8.4311],[99.96182,8.43108],[99.96184,8.43095],[99.96199,8.43097],[99.962,8.43087],[99.96207,8.43088],[99.96206,8.43099],[99.9621,8.43099],[99.96211,8.4309],[99.96223,8.43091],[99.9622,8.43114],[99.96217,8.43114],[99.96215,8.43131],[99.96205,8.4313],[99.96207,8.43111],[99.96199,8.4311],[99.96197,8.43125],[99.9619,8.43124]]]}},{"type":"Feature","id":"way/766425584","properties":{"id":"way/766425584","building":"yes","_elevM":10,"_bbox":[99.9622951,8.4309574,99.9627913,8.431372]},"geometry":{"type":"Polygon","coordinates":[[[99.9623,8.43135],[99.96234,8.43096],[99.96244,8.43097],[99.96244,8.43124],[99.96249,8.43125],[99.96251,8.431],[99.96279,8.43103],[99.96276,8.43137],[99.9623,8.43135]]]}},{"type":"Feature","id":"way/766425587","properties":{"id":"way/766425587","building":"yes","_elevM":10,"_bbox":[99.9616305,8.4316898,99.9620472,8.4324046]},"geometry":{"type":"Polygon","coordinates":[[[99.96163,8.43237],[99.9617,8.43169],[99.96205,8.43172],[99.96198,8.4324],[99.96163,8.43237]]]}},{"type":"Feature","id":"way/766425588","properties":{"id":"way/766425588","building":"yes","_elevM":10,"_bbox":[99.9617458,8.4313894,99.9620576,8.4316479]},"geometry":{"type":"Polygon","coordinates":[[[99.96175,8.43161],[99.96178,8.43139],[99.96206,8.43143],[99.96203,8.43165],[99.96175,8.43161]]]}},{"type":"Feature","id":"way/766425589","properties":{"id":"way/766425589","building":"yes","_elevM":10,"_bbox":[99.9621358,8.4313966,99.9623946,8.4319046]},"geometry":{"type":"Polygon","coordinates":[[[99.96214,8.43189],[99.96214,8.43178],[99.96229,8.43179],[99.9623,8.4317],[99.96218,8.43169],[99.9622,8.4314],[99.96239,8.43141],[99.96235,8.4319],[99.96214,8.43189]]]}},{"type":"Feature","id":"way/766425590","properties":{"id":"way/766425590","name":"สถานีตำรวจ​ภูธร​เมืองนครศรีธรรมราช​","building":"yes","mnType":"police","_elevM":10,"_bbox":[99.962434,8.4314776,99.9627169,8.4321955]},"geometry":{"type":"Polygon","coordinates":[[[99.96249,8.43218],[99.96252,8.43187],[99.96243,8.43187],[99.96247,8.43148],[99.96272,8.4315],[99.96265,8.4322],[99.96249,8.43218]]]}},{"type":"Feature","id":"way/766425591","properties":{"id":"way/766425591","building":"yes","_elevM":10,"_bbox":[99.9616029,8.4324786,99.9627535,8.43274]},"geometry":{"type":"Polygon","coordinates":[[[99.96164,8.43248],[99.96275,8.43261],[99.96274,8.43274],[99.9616,8.43262],[99.96164,8.43248]]]}},{"type":"Feature","id":"way/766425592","properties":{"id":"way/766425592","building":"yes","_elevM":10,"_bbox":[99.9620627,8.4322567,99.9627481,8.4325708]},"geometry":{"type":"Polygon","coordinates":[[[99.96206,8.43247],[99.9621,8.43226],[99.96223,8.43226],[99.96223,8.43232],[99.96275,8.43235],[99.96275,8.43257],[99.96206,8.43247]]]}},{"type":"Feature","id":"way/766425593","properties":{"id":"way/766425593","building":"yes","_elevM":10,"_bbox":[99.9621021,8.4320303,99.9623312,8.4321951]},"geometry":{"type":"Polygon","coordinates":[[[99.9621,8.43218],[99.96212,8.43203],[99.96233,8.43205],[99.96232,8.4322],[99.9621,8.43218]]]}},{"type":"Feature","id":"way/766425595","properties":{"id":"way/766425595","building":"yes","_elevM":10,"_bbox":[99.9645454,8.4209504,99.9648534,8.4213579]},"geometry":{"type":"Polygon","coordinates":[[[99.96485,8.42099],[99.9648,8.42136],[99.96455,8.42132],[99.9646,8.42095],[99.96485,8.42099]]]}},{"type":"Feature","id":"way/766425596","properties":{"id":"way/766425596","building":"yes","_elevM":10,"_bbox":[99.9648255,8.4211132,99.9653986,8.4216679]},"geometry":{"type":"Polygon","coordinates":[[[99.96483,8.42161],[99.96488,8.42126],[99.96499,8.42127],[99.96499,8.42139],[99.96524,8.42141],[99.96528,8.42127],[99.96509,8.42125],[99.96509,8.42111],[99.9654,8.42114],[99.96538,8.42127],[99.96533,8.42127],[99.96526,8.42167],[99.96501,8.42164],[99.96503,8.42143],[99.96498,8.42142],[99.96496,8.42163],[99.96483,8.42161]]]}},{"type":"Feature","id":"way/766425597","properties":{"id":"way/766425597","building":"yes","_elevM":10,"_bbox":[99.9653031,8.4211132,99.9656004,8.4216999]},"geometry":{"type":"Polygon","coordinates":[[[99.9653,8.42167],[99.96538,8.42138],[99.96541,8.42138],[99.96546,8.42129],[99.96549,8.42128],[99.96549,8.42121],[99.96543,8.42121],[99.96543,8.42111],[99.9656,8.4212],[99.96547,8.4217],[99.9653,8.42167]]]}},{"type":"Feature","id":"way/766425598","properties":{"id":"way/766425598","building":"yes","_elevM":10,"_bbox":[99.9655264,8.4211863,99.9661195,8.4217624]},"geometry":{"type":"Polygon","coordinates":[[[99.96553,8.42168],[99.96565,8.42133],[99.96569,8.42119],[99.96612,8.42127],[99.96603,8.42176],[99.96593,8.42174],[99.96596,8.42155],[99.96589,8.42153],[99.96586,8.42173],[99.96578,8.42171],[99.96578,8.42145],[99.96572,8.42145],[99.96571,8.42159],[99.96562,8.42158],[99.96559,8.42169],[99.96553,8.42168]]]}},{"type":"Feature","id":"way/766425600","properties":{"id":"way/766425600","building":"yes","_elevM":10,"_bbox":[99.9644974,8.4214104,99.964767,8.4217944]},"geometry":{"type":"Polygon","coordinates":[[[99.9645,8.42177],[99.96455,8.42141],[99.96477,8.42143],[99.96471,8.42179],[99.9645,8.42177]]]}},{"type":"Feature","id":"way/766425601","properties":{"id":"way/766425601","building":"yes","_elevM":10,"_bbox":[99.9644789,8.4217121,99.9651767,8.422378]},"geometry":{"type":"Polygon","coordinates":[[[99.96448,8.42205],[99.96448,8.42187],[99.96483,8.4219],[99.96484,8.42182],[99.96478,8.42181],[99.9648,8.42171],[99.96518,8.42174],[99.96512,8.42201],[99.96506,8.42201],[99.96506,8.42216],[99.96514,8.42216],[99.96512,8.42238],[99.96479,8.4223],[99.96481,8.42206],[99.96448,8.42205]]]}},{"type":"Feature","id":"way/766425602","properties":{"id":"way/766425602","building":"yes","_elevM":10,"_bbox":[99.9655418,8.4217852,99.9659717,8.4225228]},"geometry":{"type":"Polygon","coordinates":[[[99.9656,8.42248],[99.96566,8.42228],[99.96586,8.42227],[99.96588,8.42207],[99.96582,8.42205],[99.96584,8.42193],[99.9657,8.42192],[99.96564,8.42224],[99.96554,8.42223],[99.96563,8.42179],[99.96597,8.42185],[99.96588,8.42248],[99.96579,8.42246],[99.96576,8.42252],[99.9656,8.42248]]]}},{"type":"Feature","id":"way/766425603","properties":{"id":"way/766425603","building":"yes","_elevM":10,"_bbox":[99.9651567,8.4217715,99.965451,8.4223262]},"geometry":{"type":"Polygon","coordinates":[[[99.9652,8.42226],[99.96517,8.42224],[99.96516,8.42214],[99.96523,8.42214],[99.96525,8.42201],[99.96518,8.42201],[99.96517,8.42185],[99.96521,8.42182],[99.96521,8.42189],[99.96534,8.42189],[99.96535,8.42177],[99.96545,8.42178],[99.96543,8.42205],[99.96534,8.42207],[99.96532,8.42226],[99.96528,8.42227],[99.96527,8.42232],[99.9652,8.42233],[99.9652,8.42226]]]}},{"type":"Feature","id":"way/766425604","properties":{"id":"way/766425604","building":"yes","_elevM":10,"_bbox":[99.9653955,8.4222211,99.9654802,8.4223872]},"geometry":{"type":"Polygon","coordinates":[[[99.9654,8.42237],[99.96541,8.42223],[99.96548,8.42222],[99.96547,8.42239],[99.9654,8.42237]]]}},{"type":"Feature","id":"way/766425605","properties":{"id":"way/766425605","building":"yes","_elevM":10,"_bbox":[99.9655049,8.422311,99.9655958,8.4224558]},"geometry":{"type":"Polygon","coordinates":[[[99.9655,8.42244],[99.96553,8.42231],[99.9656,8.42232],[99.96556,8.42246],[99.9655,8.42244]]]}},{"type":"Feature","id":"way/766425606","properties":{"id":"way/766425606","building":"yes","_elevM":10,"_bbox":[99.9643079,8.4223674,99.964522,8.4229663]},"geometry":{"type":"Polygon","coordinates":[[[99.96431,8.42294],[99.9644,8.42237],[99.96451,8.42238],[99.96448,8.4225],[99.96452,8.42253],[99.96449,8.42271],[99.96452,8.42271],[99.96447,8.42297],[99.96431,8.42294]]]}},{"type":"Feature","id":"way/766425607","properties":{"id":"way/766425607","building":"yes","_elevM":10,"_bbox":[99.9645604,8.4227532,99.964689,8.4230339]},"geometry":{"type":"Polygon","coordinates":[[[99.96456,8.42302],[99.96461,8.42275],[99.96469,8.42277],[99.96464,8.42303],[99.96456,8.42302]]]}},{"type":"Feature","id":"way/766425608","properties":{"id":"way/766425608","building":"yes","_elevM":10,"_bbox":[99.9645896,8.4223986,99.9650152,8.4226442]},"geometry":{"type":"Polygon","coordinates":[[[99.96459,8.42263],[99.96464,8.4224],[99.96502,8.42248],[99.96498,8.42262],[99.96469,8.42256],[99.96467,8.42264],[99.96459,8.42263]]]}},{"type":"Feature","id":"way/766425609","properties":{"id":"way/766425609","building":"yes","_elevM":10,"_bbox":[99.9647855,8.4224847,99.9655018,8.4231964]},"geometry":{"type":"Polygon","coordinates":[[[99.96484,8.42307],[99.96489,8.42295],[99.96479,8.42292],[99.96482,8.42278],[99.96488,8.42279],[99.9649,8.42268],[99.96502,8.42266],[99.96508,8.42248],[99.96521,8.42251],[99.96516,8.4227],[99.96521,8.4227],[99.96523,8.42261],[99.96527,8.42257],[99.96534,8.42258],[99.96535,8.42254],[99.9655,8.42257],[99.96547,8.42275],[99.96543,8.42274],[99.96539,8.42289],[99.96533,8.42286],[99.96531,8.42291],[99.96527,8.42289],[99.96527,8.42285],[99.96525,8.42285],[99.96525,8.4228],[99.96521,8.42278],[99.9652,8.42286],[99.96497,8.42281],[99.96493,8.42298],[99.96512,8.42302],[99.96515,8.42291],[99.96527,8.42294],[99.96526,8.42299],[99.9652,8.42298],[99.96518,8.42306],[99.96523,8.4231],[99.9652,8.4232],[99.96484,8.42307]]]}},{"type":"Feature","id":"way/766425610","properties":{"id":"way/766425610","building":"yes","_elevM":10,"_bbox":[99.9653216,8.422596,99.9658453,8.4233183]},"geometry":{"type":"Polygon","coordinates":[[[99.96537,8.42322],[99.96539,8.42307],[99.96532,8.42304],[99.96533,8.42296],[99.96541,8.42296],[99.96545,8.42276],[99.96552,8.42277],[99.96556,8.4226],[99.96585,8.42266],[99.96573,8.42332],[99.96551,8.42325],[99.96553,8.42317],[99.96547,8.42316],[99.96545,8.42323],[99.96537,8.42322]]]}},{"type":"Feature","id":"way/766425611","properties":{"id":"way/766425611","building":"yes","_elevM":10,"_bbox":[99.9642124,8.423079,99.9646807,8.4236886]},"geometry":{"type":"Polygon","coordinates":[[[99.96421,8.42367],[99.96432,8.42308],[99.96468,8.42315],[99.96454,8.42366],[99.96446,8.42369],[99.96421,8.42367]]]}},{"type":"Feature","id":"way/766425612","properties":{"id":"way/766425612","building":"yes","_elevM":10,"_bbox":[99.9646699,8.4231811,99.9652168,8.4240635]},"geometry":{"type":"Polygon","coordinates":[[[99.96467,8.42357],[99.96479,8.42318],[99.96522,8.4233],[99.96506,8.42406],[99.96499,8.42401],[99.96502,8.42373],[99.96505,8.42349],[99.96488,8.42345],[99.96485,8.4236],[99.96467,8.42357]]]}},{"type":"Feature","id":"way/766425613","properties":{"id":"way/766425613","building":"yes","mnType":"temple","_elevM":28,"_bbox":[99.9641585,8.4237343,99.9649102,8.424129]},"geometry":{"type":"Polygon","coordinates":[[[99.96422,8.42376],[99.96448,8.42379],[99.96446,8.42393],[99.96455,8.42394],[99.96458,8.42382],[99.96477,8.42379],[99.96482,8.42373],[99.9649,8.42374],[99.96491,8.42408],[99.96478,8.42407],[99.96477,8.42413],[99.96465,8.42408],[99.96465,8.424],[99.96456,8.424],[99.96455,8.42405],[99.9644,8.42402],[99.9644,8.42398],[99.96416,8.42397],[99.96422,8.42376]]]}},{"type":"Feature","id":"way/766425614","properties":{"id":"way/766425614","building":"yes","mnType":"temple","_elevM":28,"_bbox":[99.9641253,8.4240313,99.9643369,8.4241531]},"geometry":{"type":"Polygon","coordinates":[[[99.96414,8.42403],[99.96434,8.42407],[99.96432,8.42415],[99.96413,8.42411],[99.96414,8.42403]]]}},{"type":"Feature","id":"way/766425615","properties":{"id":"way/766425615","building":"yes","mnType":"temple","_elevM":28,"_bbox":[99.9643888,8.4240805,99.9644753,8.4242041]},"geometry":{"type":"Polygon","coordinates":[[[99.96439,8.42419],[99.96441,8.42408],[99.96448,8.42409],[99.96445,8.4242],[99.96439,8.42419]]]}},{"type":"Feature","id":"way/766425616","properties":{"id":"way/766425616","building":"yes","mnType":"temple","_elevM":28,"_bbox":[99.9645014,8.4242205,99.9647311,8.4244567]},"geometry":{"type":"Polygon","coordinates":[[[99.96454,8.42445],[99.96455,8.42435],[99.9645,8.42434],[99.96452,8.42422],[99.96473,8.42424],[99.96472,8.42435],[99.96465,8.42434],[99.96463,8.42446],[99.96454,8.42445]]]}},{"type":"Feature","id":"way/766425617","properties":{"id":"way/766425617","building":"yes","_elevM":10,"_bbox":[99.9647485,8.4241419,99.9650393,8.4245227]},"geometry":{"type":"Polygon","coordinates":[[[99.96475,8.42449],[99.96477,8.4244],[99.96487,8.42442],[99.96491,8.42421],[99.96496,8.42422],[99.96497,8.42414],[99.96504,8.42416],[99.96499,8.4244],[99.96494,8.42439],[99.96492,8.42452],[99.96475,8.42449]]]}},{"type":"Feature","id":"way/766425618","properties":{"id":"way/766425618","building":"yes","_elevM":10,"_bbox":[99.9650955,8.4233195,99.9656931,8.4245944]},"geometry":{"type":"Polygon","coordinates":[[[99.9651,8.42453],[99.96512,8.42427],[99.96521,8.42427],[99.96523,8.42414],[99.96516,8.42414],[99.96517,8.42404],[99.96524,8.42405],[99.96527,8.42389],[99.96519,8.42389],[99.96528,8.42332],[99.96569,8.42344],[99.9656,8.42389],[99.96551,8.42389],[99.9655,8.42397],[99.96557,8.42399],[99.96555,8.42409],[99.96558,8.42411],[99.96554,8.42428],[99.9654,8.42424],[99.96541,8.4241],[99.96534,8.42409],[99.96531,8.4243],[99.96524,8.42429],[99.96524,8.4244],[99.96534,8.42443],[99.9653,8.42459],[99.9651,8.42453]]]}},{"type":"Feature","id":"way/766425619","properties":{"id":"way/766425619","building":"yes","mnType":"temple","_elevM":28,"_bbox":[99.9643603,8.4246083,99.9644642,8.4247124]},"geometry":{"type":"Polygon","coordinates":[[[99.96438,8.42461],[99.96446,8.42462],[99.96444,8.42471],[99.96436,8.4247],[99.96438,8.42461]]]}},{"type":"Feature","id":"way/766425620","properties":{"id":"way/766425620","building":"yes","_elevM":10,"_bbox":[99.9643026,8.4245615,99.9649268,8.4250703]},"geometry":{"type":"Polygon","coordinates":[[[99.96446,8.42469],[99.96449,8.42456],[99.96493,8.42463],[99.96482,8.42507],[99.9643,8.42497],[99.96433,8.42485],[99.96462,8.42488],[99.96463,8.42481],[99.96474,8.42483],[99.96472,8.42491],[99.96479,8.42493],[99.96481,8.4248],[99.96462,8.42477],[99.96461,8.42473],[99.96446,8.42469]]]}},{"type":"Feature","id":"way/766425621","properties":{"id":"way/766425621","building":"yes","_elevM":10,"_bbox":[99.9640597,8.4248549,99.9642814,8.4249775]},"geometry":{"type":"Polygon","coordinates":[[[99.96416,8.42496],[99.96417,8.42492],[99.96406,8.4249],[99.96408,8.42485],[99.96428,8.42488],[99.96428,8.42498],[99.96416,8.42496]]]}},{"type":"Feature","id":"way/766425623","properties":{"id":"way/766425623","building":"yes","_elevM":10,"_bbox":[99.964093,8.4250413,99.96428,8.4251906]},"geometry":{"type":"Polygon","coordinates":[[[99.96409,8.42517],[99.9641,8.42504],[99.96428,8.42506],[99.96427,8.42519],[99.96409,8.42517]]]}},{"type":"Feature","id":"way/766425624","properties":{"id":"way/766425624","building":"yes","_elevM":10,"_bbox":[99.9640111,8.4253668,99.9643787,8.4255305]},"geometry":{"type":"Polygon","coordinates":[[[99.96401,8.42546],[99.96403,8.42537],[99.96438,8.42544],[99.96435,8.42553],[99.96401,8.42546]]]}},{"type":"Feature","id":"way/766425625","properties":{"id":"way/766425625","building":"yes","_elevM":10,"_bbox":[99.9650202,8.424642,99.9654228,8.4251635]},"geometry":{"type":"Polygon","coordinates":[[[99.96502,8.42514],[99.96511,8.42464],[99.96542,8.4247],[99.96541,8.42477],[99.96526,8.42475],[99.96523,8.42487],[99.96531,8.42489],[99.96529,8.42499],[99.96519,8.42497],[99.96516,8.42516],[99.96502,8.42514]]]}},{"type":"Feature","id":"way/766425626","properties":{"id":"way/766425626","building":"yes","_elevM":10,"_bbox":[99.9644503,8.4247639,99.9653122,8.4257036]},"geometry":{"type":"Polygon","coordinates":[[[99.96445,8.42556],[99.96457,8.4251],[99.9647,8.42513],[99.9647,8.42516],[99.96482,8.42518],[99.96482,8.42524],[99.96487,8.42523],[99.96487,8.42515],[99.96495,8.42507],[99.96495,8.425],[99.96491,8.42499],[99.96498,8.42476],[99.96506,8.42478],[99.96498,8.42521],[99.96531,8.42525],[99.96529,8.42536],[99.96503,8.42532],[99.96503,8.42527],[99.96493,8.42526],[99.96492,8.42531],[99.96485,8.4253],[99.96484,8.42533],[99.96531,8.42541],[99.96528,8.4257],[99.96445,8.42556]]]}},{"type":"Feature","id":"way/766425627","properties":{"id":"way/766425627","building":"yes","_elevM":10,"_bbox":[99.9640094,8.4256777,99.9644266,8.4259801]},"geometry":{"type":"Polygon","coordinates":[[[99.96402,8.42585],[99.96429,8.4259],[99.96434,8.42568],[99.96443,8.4257],[99.96436,8.42598],[99.96401,8.4259],[99.96402,8.42585]]]}},{"type":"Feature","id":"way/766425628","properties":{"id":"way/766425628","building":"yes","_elevM":10,"_bbox":[99.9639799,8.4256405,99.9641235,8.425762]},"geometry":{"type":"Polygon","coordinates":[[[99.96398,8.42574],[99.964,8.42564],[99.96412,8.42566],[99.9641,8.42576],[99.96398,8.42574]]]}},{"type":"Feature","id":"way/766425629","properties":{"id":"way/766425629","building":"yes","_elevM":10,"_bbox":[99.9644781,8.4258614,99.9647489,8.4260545]},"geometry":{"type":"Polygon","coordinates":[[[99.96448,8.426],[99.9645,8.42586],[99.96475,8.42592],[99.96473,8.42605],[99.96448,8.426]]]}},{"type":"Feature","id":"way/766425630","properties":{"id":"way/766425630","building":"yes","_elevM":10,"_bbox":[99.9644447,8.4257778,99.9652636,8.4267631]},"geometry":{"type":"Polygon","coordinates":[[[99.96447,8.42608],[99.96478,8.42612],[99.9648,8.42595],[99.96485,8.42597],[99.96489,8.42578],[99.96526,8.42583],[99.96519,8.42625],[99.96501,8.42623],[99.965,8.42628],[99.9652,8.42632],[99.96513,8.42676],[99.96472,8.42671],[99.96481,8.42631],[99.96485,8.42631],[99.96486,8.42623],[99.96444,8.42617],[99.96447,8.42608]]]}},{"type":"Feature","id":"way/766425633","properties":{"id":"way/766425633","building":"yes","_elevM":10,"_bbox":[99.9643397,8.4262154,99.9646019,8.4266037]},"geometry":{"type":"Polygon","coordinates":[[[99.96434,8.42653],[99.96436,8.42643],[99.96448,8.42645],[99.96448,8.42642],[99.96439,8.42641],[99.9644,8.42635],[99.96437,8.42634],[99.9644,8.42622],[99.9646,8.42626],[99.96453,8.4266],[99.96446,8.42659],[99.96448,8.4265],[99.96444,8.42649],[99.96442,8.42655],[99.96434,8.42653]]]}},{"type":"Feature","id":"way/766425634","properties":{"id":"way/766425634","building":"yes","_elevM":10,"_bbox":[99.9646248,8.4262599,99.9647435,8.4263845]},"geometry":{"type":"Polygon","coordinates":[[[99.96462,8.42637],[99.96464,8.42626],[99.96474,8.42628],[99.96472,8.42638],[99.96462,8.42637]]]}},{"type":"Feature","id":"way/766425650","properties":{"id":"way/766425650","building":"yes","_elevM":10,"_bbox":[99.9645367,8.4268322,99.964659,8.4270316]},"geometry":{"type":"Polygon","coordinates":[[[99.96454,8.42702],[99.96456,8.42683],[99.96466,8.42684],[99.96464,8.42703],[99.96454,8.42702]]]}},{"type":"Feature","id":"way/766425651","properties":{"id":"way/766425651","building":"yes","_elevM":10,"_bbox":[99.9643352,8.4267944,99.9651244,8.4276302]},"geometry":{"type":"Polygon","coordinates":[[[99.96464,8.42759],[99.96468,8.42733],[99.96434,8.42729],[99.96434,8.42717],[99.96463,8.42719],[99.96472,8.42679],[99.96512,8.42687],[99.96503,8.42757],[99.96499,8.42763],[99.96464,8.42759]]]}},{"type":"Feature","id":"way/766425652","properties":{"id":"way/766425652","building":"yes","_elevM":10,"_bbox":[99.9643541,8.4273438,99.9646303,8.4275862]},"geometry":{"type":"Polygon","coordinates":[[[99.96435,8.42758],[99.96437,8.42734],[99.9646,8.42736],[99.96463,8.42739],[99.96461,8.42756],[99.96456,8.42759],[99.96435,8.42758]]]}},{"type":"Feature","id":"way/766425653","properties":{"id":"way/766425653","building":"yes","_elevM":10,"_bbox":[99.9635198,8.4282307,99.9637266,8.4283646]},"geometry":{"type":"Polygon","coordinates":[[[99.96352,8.42834],[99.96353,8.42823],[99.96373,8.42825],[99.96371,8.42836],[99.96352,8.42834]]]}},{"type":"Feature","id":"way/766425654","properties":{"id":"way/766425654","building":"yes","_elevM":10,"_bbox":[99.9638665,8.4282646,99.9640193,8.4283936]},"geometry":{"type":"Polygon","coordinates":[[[99.96387,8.42839],[99.96387,8.42826],[99.96402,8.42827],[99.96401,8.42839],[99.96387,8.42839]]]}},{"type":"Feature","id":"way/766425655","properties":{"id":"way/766425655","building":"yes","_elevM":10,"_bbox":[99.9643307,8.4283351,99.9644909,8.4284211]},"geometry":{"type":"Polygon","coordinates":[[[99.96433,8.42841],[99.96434,8.42834],[99.96449,8.42835],[99.96449,8.42842],[99.96433,8.42841]]]}},{"type":"Feature","id":"way/766425656","properties":{"id":"way/766425656","building":"yes","_elevM":10,"_bbox":[99.9646973,8.4282793,99.9648208,8.4285842]},"geometry":{"type":"Polygon","coordinates":[[[99.9647,8.42858],[99.96472,8.42828],[99.96482,8.42829],[99.9648,8.42858],[99.9647,8.42858]]]}},{"type":"Feature","id":"way/766425657","properties":{"id":"way/766425657","building":"yes","_elevM":10,"_bbox":[99.9643138,8.4285679,99.9644361,8.4287044]},"geometry":{"type":"Polygon","coordinates":[[[99.96431,8.4287],[99.96432,8.42857],[99.96444,8.42858],[99.96443,8.4287],[99.96431,8.4287]]]}},{"type":"Feature","id":"way/766425658","properties":{"id":"way/766425658","building":"yes","_elevM":10,"_bbox":[99.9641815,8.4289481,99.9648373,8.429481]},"geometry":{"type":"Polygon","coordinates":[[[99.96458,8.42895],[99.96467,8.42896],[99.96465,8.42912],[99.96484,8.42915],[99.96479,8.42948],[99.96418,8.4294],[99.9642,8.42928],[99.96463,8.42934],[99.96463,8.42929],[99.96454,8.42928],[99.96458,8.42895]]]}},{"type":"Feature","id":"way/766425659","properties":{"id":"way/766425659","building":"yes","_elevM":10,"_bbox":[99.9642045,8.4291311,99.9643445,8.4292437]},"geometry":{"type":"Polygon","coordinates":[[[99.9642,8.42923],[99.96421,8.42913],[99.96434,8.42914],[99.96433,8.42924],[99.9642,8.42923]]]}},{"type":"Feature","id":"way/766425660","properties":{"id":"way/766425660","building":"yes","_elevM":10,"_bbox":[99.9643726,8.4291525,99.9644855,8.4292795]},"geometry":{"type":"Polygon","coordinates":[[[99.96437,8.42927],[99.96438,8.42915],[99.96449,8.42916],[99.96448,8.42928],[99.96437,8.42927]]]}},{"type":"Feature","id":"way/766425661","properties":{"id":"way/766425661","building":"yes","_elevM":10,"_bbox":[99.9637901,8.4291121,99.9639399,8.4292107]},"geometry":{"type":"Polygon","coordinates":[[[99.96379,8.4292],[99.9638,8.42911],[99.96394,8.42912],[99.96393,8.42921],[99.96379,8.4292]]]}},{"type":"Feature","id":"way/766425662","properties":{"id":"way/766425662","building":"yes","_elevM":10,"_bbox":[99.9634122,8.4289774,99.9635029,8.4292728]},"geometry":{"type":"Polygon","coordinates":[[[99.96341,8.42927],[99.96344,8.42898],[99.9635,8.42898],[99.96348,8.42927],[99.96341,8.42927]]]}},{"type":"Feature","id":"way/766425664","properties":{"id":"way/766425664","building":"yes","_elevM":10,"_bbox":[99.963324,8.4294585,99.9647315,8.4297432]},"geometry":{"type":"Polygon","coordinates":[[[99.96332,8.42958],[99.96333,8.4295],[99.96344,8.42951],[99.96346,8.42946],[99.96473,8.42955],[99.96472,8.42974],[99.96416,8.4297],[99.96411,8.42964],[99.96332,8.42958]]]}},{"type":"Feature","id":"way/766425665","properties":{"id":"way/766425665","building":"yes","_elevM":10,"_bbox":[99.9633732,8.4297171,99.9639839,8.4299136]},"geometry":{"type":"Polygon","coordinates":[[[99.96337,8.42986],[99.96339,8.42972],[99.96366,8.42974],[99.96398,8.42977],[99.96397,8.42991],[99.96337,8.42986]]]}},{"type":"Feature","id":"way/766425666","properties":{"id":"way/766425666","building":"yes","_elevM":10,"_bbox":[99.9636063,8.4296039,99.9636658,8.4297382]},"geometry":{"type":"Polygon","coordinates":[[[99.96361,8.42974],[99.96361,8.4296],[99.96367,8.42961],[99.96366,8.42974],[99.96361,8.42974]]]}},{"type":"Feature","id":"way/766425667","properties":{"id":"way/766425667","building":"yes","_elevM":10,"_bbox":[99.9640608,8.4297688,99.9642983,8.4302871]},"geometry":{"type":"Polygon","coordinates":[[[99.96406,8.43027],[99.96407,8.43016],[99.9641,8.43016],[99.96413,8.42989],[99.9641,8.42988],[99.96411,8.42977],[99.9643,8.42979],[99.96425,8.43029],[99.96406,8.43027]]]}},{"type":"Feature","id":"way/766425668","properties":{"id":"way/766425668","building":"yes","_elevM":10,"_bbox":[99.9640352,8.4303204,99.964434,8.4304636]},"geometry":{"type":"Polygon","coordinates":[[[99.96404,8.43043],[99.96404,8.43032],[99.96443,8.43035],[99.96443,8.43046],[99.96404,8.43043]]]}},{"type":"Feature","id":"way/766425669","properties":{"id":"way/766425669","building":"yes","_elevM":10,"_bbox":[99.9642935,8.4297807,99.9647003,8.4301643]},"geometry":{"type":"Polygon","coordinates":[[[99.96429,8.43013],[99.96432,8.42978],[99.9647,8.42981],[99.96467,8.43016],[99.96429,8.43013]]]}},{"type":"Feature","id":"way/766425671","properties":{"id":"way/766425671","building":"yes","_elevM":10,"_bbox":[99.9633921,8.4300063,99.9639376,8.4303368]},"geometry":{"type":"Polygon","coordinates":[[[99.96339,8.4303],[99.96341,8.43001],[99.96394,8.43004],[99.96392,8.43034],[99.96339,8.4303]]]}},{"type":"Feature","id":"way/766425672","properties":{"id":"way/766425672","building":"yes","_elevM":10,"_bbox":[99.9639119,8.4303612,99.9639601,8.4304417]},"geometry":{"type":"Polygon","coordinates":[[[99.96391,8.43044],[99.96392,8.43036],[99.96396,8.43037],[99.96395,8.43044],[99.96391,8.43044]]]}},{"type":"Feature","id":"way/766425673","properties":{"id":"way/766425673","building":"yes","_elevM":10,"_bbox":[99.9634597,8.4305704,99.96375,8.4307491]},"geometry":{"type":"Polygon","coordinates":[[[99.96346,8.43071],[99.96348,8.43057],[99.96375,8.43061],[99.96373,8.43075],[99.96346,8.43071]]]}},{"type":"Feature","id":"way/766425674","properties":{"id":"way/766425674","building":"yes","_elevM":10,"_bbox":[99.9633634,8.4305955,99.9634246,8.4306688]},"geometry":{"type":"Polygon","coordinates":[[[99.96336,8.43066],[99.96337,8.4306],[99.96342,8.4306],[99.96342,8.43067],[99.96336,8.43066]]]}},{"type":"Feature","id":"way/766425675","properties":{"id":"way/766425675","building":"yes","_elevM":10,"_bbox":[99.9631273,8.4307354,99.9637148,8.4309483]},"geometry":{"type":"Polygon","coordinates":[[[99.96315,8.43074],[99.96371,8.43081],[99.9637,8.43095],[99.96313,8.43087],[99.96315,8.43074]]]}},{"type":"Feature","id":"way/766425678","properties":{"id":"way/766425678","building":"yes","_elevM":10,"_bbox":[99.9639518,8.4307395,99.964231,8.4308245]},"geometry":{"type":"Polygon","coordinates":[[[99.96395,8.43079],[99.96396,8.43074],[99.96423,8.43078],[99.96422,8.43082],[99.96395,8.43079]]]}},{"type":"Feature","id":"way/766425679","properties":{"id":"way/766425679","building":"yes","_elevM":10,"_bbox":[99.9631753,8.4311034,99.9636521,8.4314496]},"geometry":{"type":"Polygon","coordinates":[[[99.96318,8.43142],[99.9632,8.4311],[99.96365,8.43114],[99.96364,8.43133],[99.96358,8.43133],[99.96357,8.43145],[99.96318,8.43142]]]}},{"type":"Feature","id":"way/766425680","properties":{"id":"way/766425680","building":"yes","_elevM":10,"_bbox":[99.9630131,8.4316339,99.9634825,8.4320148]},"geometry":{"type":"Polygon","coordinates":[[[99.96301,8.43193],[99.96306,8.4317],[99.96322,8.4317],[99.96323,8.43163],[99.96348,8.43164],[99.96343,8.43201],[99.96301,8.43193]]]}},{"type":"Feature","id":"way/766425681","properties":{"id":"way/766425681","building":"yes","_elevM":10,"_bbox":[99.9634554,8.4315111,99.9642669,8.4320746]},"geometry":{"type":"Polygon","coordinates":[[[99.96346,8.43198],[99.96353,8.43161],[99.9635,8.43152],[99.96361,8.43151],[99.96362,8.43161],[99.96368,8.4316],[99.96368,8.43153],[99.96389,8.43155],[99.96389,8.43164],[99.96401,8.43166],[99.96402,8.43158],[99.96416,8.43159],[99.96417,8.43164],[99.96427,8.43165],[99.96412,8.43207],[99.96366,8.43202],[99.96368,8.43184],[99.96357,8.43181],[99.96354,8.432],[99.96346,8.43198]]]}},{"type":"Feature","id":"way/766425689","properties":{"id":"way/766425689","building":"yes","_elevM":10,"_bbox":[99.9606644,8.4288346,99.9612109,8.4291962]},"geometry":{"type":"Polygon","coordinates":[[[99.96073,8.4292],[99.96073,8.42906],[99.96102,8.42906],[99.96101,8.429],[99.96073,8.42898],[99.96073,8.42892],[99.96066,8.42891],[99.96068,8.42883],[99.96121,8.42885],[99.96115,8.42919],[99.96073,8.4292]]]}},{"type":"Feature","id":"way/766425690","properties":{"id":"way/766425690","building":"yes","_elevM":10,"_bbox":[99.9603942,8.428697,99.9606269,8.4289861]},"geometry":{"type":"Polygon","coordinates":[[[99.96039,8.42897],[99.9604,8.42884],[99.96049,8.42884],[99.96051,8.42876],[99.96045,8.42875],[99.96045,8.4287],[99.96063,8.42871],[99.96063,8.42876],[99.96061,8.42879],[99.96057,8.42899],[99.96039,8.42897]]]}},{"type":"Feature","id":"way/766425693","properties":{"id":"way/766425693","building":"yes","_elevM":10,"_bbox":[99.960727,8.4292497,99.9611515,8.4299344]},"geometry":{"type":"Polygon","coordinates":[[[99.96089,8.42991],[99.96086,8.42978],[99.96077,8.42977],[99.96079,8.42964],[99.96075,8.42963],[99.96076,8.42953],[99.96079,8.42954],[99.96079,8.4295],[99.96073,8.4295],[99.96079,8.42925],[99.96115,8.42926],[99.96102,8.42993],[99.96089,8.42991]]]}},{"type":"Feature","id":"way/766425694","properties":{"id":"way/766425694","building":"yes","_elevM":10,"_bbox":[99.960169,8.429232,99.9607527,8.4298546]},"geometry":{"type":"Polygon","coordinates":[[[99.96017,8.42977],[99.9603,8.4293],[99.96038,8.42934],[99.9603,8.42953],[99.96039,8.42957],[99.96042,8.4295],[99.96049,8.42951],[99.96055,8.42924],[99.96075,8.42923],[99.96074,8.42931],[99.96067,8.42932],[99.96067,8.4294],[99.96071,8.42942],[99.9607,8.42949],[99.96062,8.4295],[99.9606,8.42961],[99.96064,8.42962],[99.96061,8.42974],[99.96049,8.42972],[99.96044,8.42985],[99.96037,8.42985],[99.96039,8.42966],[99.96034,8.42965],[99.96032,8.42973],[99.96025,8.42972],[99.96023,8.42977],[99.96017,8.42977]]]}},{"type":"Feature","id":"way/766425696","properties":{"id":"way/766425696","building":"yes","_elevM":10,"_bbox":[99.9590844,8.4290844,99.9601458,8.4299405]},"geometry":{"type":"Polygon","coordinates":[[[99.9591,8.42908],[99.96015,8.42927],[99.96007,8.4297],[99.95999,8.42969],[99.96006,8.42932],[99.95952,8.42923],[99.95951,8.4293],[99.95963,8.42932],[99.95951,8.42994],[99.9594,8.42992],[99.95943,8.42973],[99.9593,8.4297],[99.95937,8.42934],[99.95919,8.4293],[99.9592,8.4292],[99.95908,8.42918],[99.9591,8.42908]]]}},{"type":"Feature","id":"way/766425697","properties":{"id":"way/766425697","building":"yes","_elevM":10,"_bbox":[99.9594105,8.4298427,99.9600316,8.4302495]},"geometry":{"type":"Polygon","coordinates":[[[99.95942,8.43002],[99.95947,8.43002],[99.95947,8.43006],[99.95986,8.43011],[99.95992,8.42984],[99.96003,8.42987],[99.95995,8.43024],[99.9598,8.43021],[99.95979,8.43025],[99.95944,8.43022],[99.95946,8.43011],[99.95941,8.4301],[99.95942,8.43002]]]}},{"type":"Feature","id":"way/766425698","properties":{"id":"way/766425698","building":"yes","_elevM":10,"_bbox":[99.9597875,8.4298611,99.9598862,8.4300421]},"geometry":{"type":"Polygon","coordinates":[[[99.95979,8.43003],[99.95982,8.42986],[99.95989,8.42987],[99.95985,8.43004],[99.95979,8.43003]]]}},{"type":"Feature","id":"way/766425699","properties":{"id":"way/766425699","building":"yes","_elevM":10,"_bbox":[99.960532,8.4299691,99.9610072,8.4301842]},"geometry":{"type":"Polygon","coordinates":[[[99.96053,8.43008],[99.96056,8.42997],[99.96101,8.43004],[99.96097,8.43018],[99.96053,8.43008]]]}},{"type":"Feature","id":"way/766425700","properties":{"id":"way/766425700","building":"yes","_elevM":10,"_bbox":[99.9600957,8.4300102,99.9604849,8.430287]},"geometry":{"type":"Polygon","coordinates":[[[99.96013,8.43001],[99.96025,8.43003],[99.96021,8.43017],[99.96029,8.43019],[99.96037,8.43003],[99.96048,8.43005],[99.96043,8.4302],[99.96031,8.43021],[99.96025,8.43029],[99.96016,8.43027],[99.96017,8.43019],[99.9601,8.43016],[99.96013,8.43001]]]}},{"type":"Feature","id":"way/766425701","properties":{"id":"way/766425701","building":"yes","_elevM":10,"_bbox":[99.9601677,8.4302459,99.9609504,8.4308474]},"geometry":{"type":"Polygon","coordinates":[[[99.96057,8.43025],[99.96095,8.4303],[99.96088,8.43062],[99.9608,8.43064],[99.96081,8.43068],[99.96042,8.4306],[99.9604,8.43064],[99.96033,8.43063],[99.96033,8.43074],[99.96043,8.43078],[99.96041,8.43085],[99.96018,8.4308],[99.96021,8.43075],[99.96017,8.43073],[99.96022,8.43055],[99.9603,8.43053],[99.96034,8.43045],[99.96056,8.43047],[99.96082,8.43054],[99.96083,8.43048],[99.96068,8.43047],[99.96072,8.43034],[99.96057,8.43031],[99.96057,8.43025]]]}},{"type":"Feature","id":"way/766425703","properties":{"id":"way/766425703","building":"yes","_elevM":10,"_bbox":[99.9595816,8.4305144,99.9604722,8.4310378]},"geometry":{"type":"Polygon","coordinates":[[[99.95958,8.43051],[99.95988,8.43056],[99.95987,8.4307],[99.95977,8.43068],[99.95977,8.43072],[99.95991,8.43072],[99.95994,8.43065],[99.96001,8.43068],[99.96002,8.43064],[99.96008,8.43065],[99.96005,8.43074],[99.96002,8.43074],[99.96,8.43081],[99.96003,8.43081],[99.96005,8.43077],[99.96047,8.43091],[99.96045,8.431],[99.96011,8.43098],[99.96009,8.43104],[99.95992,8.43098],[99.95993,8.43094],[99.95987,8.43093],[99.95987,8.43087],[99.95988,8.43081],[99.95977,8.43079],[99.95977,8.43085],[99.9597,8.43086],[99.9597,8.43079],[99.95963,8.43078],[99.95964,8.43072],[99.95966,8.43071],[99.95966,8.43061],[99.95958,8.43059],[99.95958,8.43051]]]}},{"type":"Feature","id":"way/766425704","properties":{"id":"way/766425704","building":"yes","_elevM":10,"_bbox":[99.960564,8.4309274,99.9607532,8.4311108]},"geometry":{"type":"Polygon","coordinates":[[[99.96056,8.43109],[99.9606,8.43095],[99.96065,8.43096],[99.96066,8.43093],[99.96075,8.43095],[99.96073,8.43106],[99.96066,8.43105],[99.96065,8.43111],[99.96056,8.43109]]]}},{"type":"Feature","id":"way/766425707","properties":{"id":"way/766425707","building":"yes","_elevM":10,"_bbox":[99.9599568,8.431053,99.9600834,8.4311611]},"geometry":{"type":"Polygon","coordinates":[[[99.95996,8.43114],[99.95997,8.43105],[99.96008,8.43108],[99.96007,8.43116],[99.95996,8.43114]]]}},{"type":"Feature","id":"way/766425710","properties":{"id":"way/766425710","building":"yes","_elevM":10,"_bbox":[99.9599777,8.431658,99.9606716,8.4324432]},"geometry":{"type":"Polygon","coordinates":[[[99.96016,8.43205],[99.9606,8.43206],[99.96053,8.43244],[99.96002,8.43242],[99.95998,8.43232],[99.96006,8.43227],[99.9601,8.43216],[99.96004,8.43215],[99.96006,8.43194],[99.96006,8.43189],[99.96033,8.43192],[99.96033,8.43185],[99.96015,8.43183],[99.96016,8.43176],[99.95998,8.43174],[99.96001,8.43166],[99.96067,8.43172],[99.96061,8.43198],[99.96018,8.43198],[99.96016,8.43205]]]}},{"type":"Feature","id":"way/768997359","properties":{"id":"way/768997359","building":"yes","_elevM":10,"_bbox":[99.9641019,8.4316797,99.965192,8.4328543]},"geometry":{"type":"Polygon","coordinates":[[[99.96412,8.4326],[99.96434,8.43264],[99.96436,8.4326],[99.96441,8.43261],[99.96462,8.43267],[99.96462,8.43262],[99.96453,8.43259],[99.96455,8.43245],[99.96448,8.43243],[99.96446,8.43252],[99.96442,8.4325],[99.96443,8.43239],[99.96435,8.43238],[99.96432,8.43246],[99.96418,8.43243],[99.96437,8.43168],[99.96518,8.43179],[99.96517,8.43184],[99.96511,8.43184],[99.9651,8.43189],[99.96519,8.43191],[99.96518,8.43199],[99.96515,8.43201],[99.96515,8.43207],[99.96518,8.43209],[99.96517,8.43222],[99.96508,8.43222],[99.96507,8.43215],[99.96505,8.43214],[99.96506,8.43208],[99.9651,8.43207],[99.96509,8.43198],[99.96505,8.43197],[99.96505,8.43192],[99.965,8.43192],[99.96499,8.43197],[99.96503,8.43199],[99.96503,8.43206],[99.96502,8.4321],[99.96483,8.43211],[99.96484,8.43198],[99.96487,8.43195],[99.96488,8.43186],[99.96493,8.43187],[99.96494,8.43184],[99.96477,8.4318],[99.96471,8.43182],[99.9647,8.43195],[99.96462,8.43194],[99.96445,8.43195],[99.96442,8.4321],[99.96451,8.43211],[99.96447,8.43236],[99.96451,8.43237],[99.96454,8.43221],[99.96462,8.43223],[99.96463,8.43218],[99.96488,8.43222],[99.9648,8.43268],[99.96491,8.43271],[99.9649,8.43285],[99.9641,8.43266],[99.96412,8.4326]]]}},{"type":"Feature","id":"way/768997360","properties":{"id":"way/768997360","building":"yes","_elevM":10,"_bbox":[99.9640382,8.4327055,99.9646363,8.4329891]},"geometry":{"type":"Polygon","coordinates":[[[99.96404,8.43292],[99.96408,8.43271],[99.96464,8.43283],[99.96461,8.43299],[99.96457,8.43299],[99.96458,8.43285],[99.96445,8.43283],[99.96443,8.43296],[99.96404,8.43292]]]}},{"type":"Feature","id":"way/768997361","properties":{"id":"way/768997361","building":"yes","_elevM":10,"_bbox":[99.9646932,8.4328549,99.9648599,8.4330117]},"geometry":{"type":"Polygon","coordinates":[[[99.96469,8.433],[99.96472,8.43285],[99.96486,8.43288],[99.96484,8.43301],[99.96469,8.433]]]}},{"type":"Feature","id":"way/768997362","properties":{"id":"way/768997362","building":"yes","_elevM":10,"_bbox":[99.964868,8.4322295,99.9655144,8.433066]},"geometry":{"type":"Polygon","coordinates":[[[99.96487,8.43302],[99.96494,8.43273],[99.96498,8.43272],[99.96502,8.43257],[99.9649,8.43254],[99.96494,8.43247],[99.96502,8.43249],[99.96503,8.43241],[99.96492,8.4324],[99.96496,8.43223],[99.96551,8.4323],[99.96548,8.43246],[99.96534,8.43244],[99.96534,8.43257],[99.96545,8.43258],[99.96542,8.43307],[99.96535,8.43306],[99.96535,8.43295],[99.96527,8.43295],[99.96525,8.43304],[99.9651,8.43301],[99.96512,8.43287],[99.96507,8.43283],[99.96504,8.43285],[99.96501,8.43302],[99.96487,8.43302]]]}},{"type":"Feature","id":"way/768997363","properties":{"id":"way/768997363","building":"yes","_elevM":10,"_bbox":[99.9654372,8.4329232,99.9655815,8.433074]},"geometry":{"type":"Polygon","coordinates":[[[99.96546,8.43292],[99.96558,8.43294],[99.96557,8.43307],[99.96544,8.43306],[99.96546,8.43292]]]}},{"type":"Feature","id":"way/768997364","properties":{"id":"way/768997364","building":"yes","_elevM":10,"_bbox":[99.9654474,8.4327845,99.9655775,8.4329112]},"geometry":{"type":"Polygon","coordinates":[[[99.96545,8.43291],[99.96546,8.43278],[99.96558,8.43279],[99.96557,8.43291],[99.96545,8.43291]]]}},{"type":"Feature","id":"way/768997365","properties":{"id":"way/768997365","building":"yes","_elevM":10,"_bbox":[99.9657685,8.4328126,99.9658946,8.4329956]},"geometry":{"type":"Polygon","coordinates":[[[99.96577,8.43297],[99.96577,8.43281],[99.96588,8.43283],[99.96589,8.433],[99.96577,8.43297]]]}},{"type":"Feature","id":"way/768997366","properties":{"id":"way/768997366","building":"yes","_elevM":10,"_bbox":[99.9655839,8.4330024,99.9657018,8.4330867]},"geometry":{"type":"Polygon","coordinates":[[[99.96558,8.43309],[99.9656,8.43301],[99.9657,8.433],[99.96569,8.43309],[99.96558,8.43309]]]}},{"type":"Feature","id":"way/768997367","properties":{"id":"way/768997367","building":"yes","_elevM":10,"_bbox":[99.9656458,8.4326737,99.9657751,8.4327789]},"geometry":{"type":"Polygon","coordinates":[[[99.96565,8.43274],[99.96567,8.43267],[99.96578,8.43271],[99.96575,8.43278],[99.96565,8.43274]]]}},{"type":"Feature","id":"way/768997368","properties":{"id":"way/768997368","building":"yes","_elevM":10,"_bbox":[99.9652378,8.4321373,99.965518,8.432262]},"geometry":{"type":"Polygon","coordinates":[[[99.96525,8.43214],[99.96552,8.43221],[99.96551,8.43226],[99.96524,8.43222],[99.96525,8.43214]]]}},{"type":"Feature","id":"way/768997369","properties":{"id":"way/768997369","building":"yes","_elevM":10,"_bbox":[99.9652365,8.4317234,99.9654947,8.4320491]},"geometry":{"type":"Polygon","coordinates":[[[99.96525,8.43204],[99.96524,8.43188],[99.9653,8.43189],[99.96531,8.43182],[99.96527,8.4318],[99.96528,8.43172],[99.96535,8.43175],[99.96533,8.43182],[99.96549,8.43187],[99.96547,8.432],[99.96537,8.43198],[99.96539,8.43192],[99.96534,8.43192],[99.96533,8.43205],[99.96525,8.43204]]]}},{"type":"Feature","id":"way/768997370","properties":{"id":"way/768997370","building":"yes","_elevM":10,"_bbox":[99.9655579,8.4323278,99.9656135,8.432462]},"geometry":{"type":"Polygon","coordinates":[[[99.96556,8.43246],[99.96556,8.43233],[99.96561,8.43233],[99.96561,8.43246],[99.96556,8.43246]]]}},{"type":"Feature","id":"way/768997371","properties":{"id":"way/768997371","building":"yes","_elevM":10,"_bbox":[99.9655805,8.4322038,99.9656662,8.4323058]},"geometry":{"type":"Polygon","coordinates":[[[99.96558,8.43229],[99.9656,8.4322],[99.96567,8.43222],[99.96565,8.43231],[99.96558,8.43229]]]}},{"type":"Feature","id":"way/768997372","properties":{"id":"way/768997372","building":"yes","_elevM":10,"_bbox":[99.9657502,8.4321423,99.9659291,8.4322429]},"geometry":{"type":"Polygon","coordinates":[[[99.96576,8.43214],[99.96593,8.43214],[99.96592,8.43224],[99.96575,8.43222],[99.96576,8.43214]]]}},{"type":"Feature","id":"way/768997373","properties":{"id":"way/768997373","building":"yes","_elevM":10,"_bbox":[99.9657212,8.4322663,99.9657938,8.432341]},"geometry":{"type":"Polygon","coordinates":[[[99.96572,8.43233],[99.96573,8.43227],[99.96579,8.43228],[99.96578,8.43234],[99.96572,8.43233]]]}},{"type":"Feature","id":"way/768997374","properties":{"id":"way/768997374","building":"yes","_elevM":10,"_bbox":[99.9655835,8.431708,99.9659982,8.4321162]},"geometry":{"type":"Polygon","coordinates":[[[99.96558,8.43202],[99.9656,8.4319],[99.96573,8.43193],[99.96576,8.43183],[99.96589,8.43182],[99.96591,8.43171],[99.966,8.43173],[99.96595,8.43212],[99.96587,8.43211],[99.9659,8.432],[99.96573,8.43197],[99.9657,8.43204],[99.96558,8.43202]]]}},{"type":"Feature","id":"way/768997375","properties":{"id":"way/768997375","building":"yes","_elevM":10,"_bbox":[99.9643924,8.4311349,99.9651323,8.4315894]},"geometry":{"type":"Polygon","coordinates":[[[99.96439,8.43158],[99.96452,8.43113],[99.96513,8.4313],[99.96509,8.4314],[99.96476,8.43135],[99.96471,8.43149],[99.96454,8.43145],[99.96451,8.43159],[99.96439,8.43158]]]}},{"type":"Feature","id":"way/768997376","properties":{"id":"way/768997376","building":"yes","_elevM":10,"_bbox":[99.9645977,8.4313802,99.9649046,8.4316738]},"geometry":{"type":"Polygon","coordinates":[[[99.9646,8.43162],[99.96461,8.43151],[99.96472,8.43151],[99.96478,8.43138],[99.9649,8.4314],[99.96483,8.43167],[99.9646,8.43162]]]}},{"type":"Feature","id":"way/768997377","properties":{"id":"way/768997377","building":"yes","_elevM":10,"_bbox":[99.9649066,8.4315431,99.965055,8.431706]},"geometry":{"type":"Polygon","coordinates":[[[99.96491,8.43168],[99.96494,8.43154],[99.96506,8.43157],[99.96502,8.43171],[99.96491,8.43168]]]}},{"type":"Feature","id":"way/768997378","properties":{"id":"way/768997378","building":"yes","_elevM":10,"_bbox":[99.9652862,8.4315265,99.9655617,8.4317043]},"geometry":{"type":"Polygon","coordinates":[[[99.96532,8.43153],[99.96556,8.4316],[99.96553,8.4317],[99.96529,8.43165],[99.96532,8.43153]]]}},{"type":"Feature","id":"way/768997379","properties":{"id":"way/768997379","building":"yes","_elevM":10,"_bbox":[99.9653165,8.431381,99.9655103,8.4315542]},"geometry":{"type":"Polygon","coordinates":[[[99.96532,8.4315],[99.96534,8.43138],[99.96551,8.43141],[99.96548,8.43155],[99.96541,8.43152],[99.96532,8.4315]]]}},{"type":"Feature","id":"way/768997380","properties":{"id":"way/768997380","building":"yes","_elevM":10,"_bbox":[99.9656364,8.431411,99.9660824,8.4317459]},"geometry":{"type":"Polygon","coordinates":[[[99.96564,8.43172],[99.9657,8.43147],[99.96583,8.43148],[99.96583,8.43157],[99.96599,8.4316],[99.96602,8.4315],[99.96596,8.43149],[99.96595,8.43153],[99.96591,8.43151],[99.96595,8.43141],[99.96608,8.43144],[99.96602,8.43169],[99.96583,8.43163],[99.96578,8.43166],[99.96571,8.43164],[99.96568,8.43175],[99.96564,8.43172]]]}},{"type":"Feature","id":"way/768997381","properties":{"id":"way/768997381","building":"yes","_elevM":10,"_bbox":[99.9655354,8.431454,99.9655923,8.4315583]},"geometry":{"type":"Polygon","coordinates":[[[99.96554,8.43155],[99.96555,8.43145],[99.96559,8.43146],[99.96558,8.43156],[99.96554,8.43155]]]}},{"type":"Feature","id":"way/768997382","properties":{"id":"way/768997382","building":"yes","_elevM":10,"_bbox":[99.96459,8.4306677,99.9654588,8.4317405]},"geometry":{"type":"Polygon","coordinates":[[[99.9651,8.43171],[99.9652,8.43123],[99.96463,8.43108],[99.96468,8.43097],[99.96475,8.43098],[99.96479,8.43091],[99.96485,8.43093],[99.96484,8.43099],[99.96486,8.43099],[99.9649,8.43085],[99.96479,8.43082],[99.96472,8.43094],[99.96459,8.43092],[99.96468,8.43067],[99.96498,8.43071],[99.9649,8.43105],[99.96504,8.4311],[99.96511,8.43087],[99.96507,8.43086],[99.9651,8.43075],[99.96528,8.43079],[99.96522,8.43103],[99.9653,8.43105],[99.96535,8.43083],[99.96546,8.43085],[99.96539,8.43117],[99.96531,8.43116],[99.96522,8.43174],[99.9651,8.43171]]]}},{"type":"Feature","id":"way/768997384","properties":{"id":"way/768997384","building":"yes","_elevM":10,"_bbox":[99.95994,8.4280115,99.960362,8.4282275]},"geometry":{"type":"Polygon","coordinates":[[[99.95994,8.42801],[99.96036,8.42802],[99.96036,8.42823],[99.95994,8.42822],[99.95994,8.42801]]]}},{"type":"Feature","id":"way/768997385","properties":{"id":"way/768997385","building":"yes","_elevM":10,"_bbox":[99.9594286,8.4275205,99.9601685,8.4278824]},"geometry":{"type":"Polygon","coordinates":[[[99.95943,8.42775],[99.95943,8.42752],[99.95983,8.42756],[99.96017,8.42758],[99.96016,8.42787],[99.96,8.42788],[99.95998,8.42784],[99.95993,8.42781],[99.95992,8.42772],[99.95988,8.42771],[99.95986,8.42778],[99.95943,8.42775]]]}},{"type":"Feature","id":"way/768997386","properties":{"id":"way/768997386","building":"yes","_elevM":10,"_bbox":[99.9590654,8.4275248,99.9593114,8.4276734]},"geometry":{"type":"Polygon","coordinates":[[[99.95907,8.42766],[99.95907,8.42752],[99.95931,8.42753],[99.95931,8.42767],[99.95907,8.42766]]]}},{"type":"Feature","id":"way/768997387","properties":{"id":"way/768997387","building":"yes","_elevM":10,"_bbox":[99.9588619,8.4278426,99.9593329,8.4281059]},"geometry":{"type":"Polygon","coordinates":[[[99.95886,8.42809],[99.95887,8.42784],[99.95933,8.42786],[99.95933,8.42811],[99.95886,8.42809]]]}},{"type":"Feature","id":"way/768997388","properties":{"id":"way/768997388","building":"yes","_elevM":10,"_bbox":[99.9654411,8.4312077,99.9655785,8.431343]},"geometry":{"type":"Polygon","coordinates":[[[99.96547,8.43121],[99.96558,8.43124],[99.96555,8.43134],[99.96544,8.43131],[99.96547,8.43121]]]}},{"type":"Feature","id":"way/768997389","properties":{"id":"way/768997389","building":"yes","_elevM":10,"_bbox":[99.9655923,8.4312572,99.9657232,8.4313711]},"geometry":{"type":"Polygon","coordinates":[[[99.96559,8.43134],[99.96562,8.43126],[99.96572,8.43129],[99.9657,8.43137],[99.96559,8.43134]]]}},{"type":"Feature","id":"way/768997390","properties":{"id":"way/768997390","building":"yes","_elevM":10,"_bbox":[99.9657653,8.4311934,99.9658751,8.4314209]},"geometry":{"type":"Polygon","coordinates":[[[99.96577,8.4314],[99.96579,8.43128],[99.96581,8.43128],[99.96583,8.43119],[99.96588,8.4312],[99.96583,8.43142],[99.96577,8.4314]]]}},{"type":"Feature","id":"way/768997391","properties":{"id":"way/768997391","building":"yes","_elevM":10,"_bbox":[99.9658786,8.431258,99.9661296,8.4314163]},"geometry":{"type":"Polygon","coordinates":[[[99.96588,8.43135],[99.9659,8.43126],[99.96613,8.43131],[99.9661,8.43142],[99.96588,8.43135]]]}},{"type":"Feature","id":"way/768997392","properties":{"id":"way/768997392","building":"yes","_elevM":10,"_bbox":[99.9659089,8.4310224,99.9661693,8.4312627]},"geometry":{"type":"Polygon","coordinates":[[[99.96591,8.43119],[99.96593,8.43106],[99.96602,8.43109],[99.96604,8.43102],[99.96617,8.43107],[99.96613,8.43126],[99.96591,8.43119]]]}},{"type":"Feature","id":"way/768997393","properties":{"id":"way/768997393","building":"yes","_elevM":10,"_bbox":[99.9657887,8.4308815,99.9659976,8.4309739]},"geometry":{"type":"Polygon","coordinates":[[[99.96581,8.43088],[99.966,8.43091],[99.96597,8.43097],[99.96588,8.43095],[99.96586,8.43097],[99.96579,8.43095],[99.96581,8.43088]]]}},{"type":"Feature","id":"way/768997394","properties":{"id":"way/768997394","building":"yes","_elevM":10,"_bbox":[99.9660783,8.4309315,99.9661921,8.4310165]},"geometry":{"type":"Polygon","coordinates":[[[99.96608,8.431],[99.96609,8.43093],[99.96619,8.43095],[99.96618,8.43102],[99.96608,8.431]]]}},{"type":"Feature","id":"way/768997396","properties":{"id":"way/768997396","building":"yes","_elevM":10,"_bbox":[99.9646782,8.4304087,99.9649262,8.4306238]},"geometry":{"type":"Polygon","coordinates":[[[99.96468,8.43057],[99.96471,8.43041],[99.96493,8.43044],[99.96492,8.43062],[99.9648,8.4306],[99.96468,8.43057]]]}},{"type":"Feature","id":"way/768997397","properties":{"id":"way/768997397","building":"yes","_elevM":10,"_bbox":[99.9647893,8.4301633,99.9651068,8.4304127]},"geometry":{"type":"Polygon","coordinates":[[[99.96479,8.43026],[99.96479,8.43016],[99.96496,8.43018],[99.96496,8.43027],[99.96511,8.43029],[99.96508,8.43041],[99.96489,8.43037],[99.96489,8.43028],[99.96479,8.43026]]]}},{"type":"Feature","id":"way/768997398","properties":{"id":"way/768997398","building":"yes","_elevM":10,"_bbox":[99.9651071,8.4302161,99.9652962,8.4306817]},"geometry":{"type":"Polygon","coordinates":[[[99.96511,8.43067],[99.96511,8.43059],[99.96514,8.43047],[99.9652,8.43045],[99.96521,8.43031],[99.96512,8.43028],[99.96513,8.43022],[99.9653,8.43026],[99.96523,8.43068],[99.96511,8.43067]]]}},{"type":"Feature","id":"way/768997400","properties":{"id":"way/768997400","building":"yes","_elevM":10,"_bbox":[99.965311,8.4303355,99.9654196,8.4306764]},"geometry":{"type":"Polygon","coordinates":[[[99.96531,8.43066],[99.96533,8.43044],[99.96536,8.4304],[99.96536,8.43034],[99.96542,8.43035],[99.9654,8.43049],[99.96538,8.43049],[99.96538,8.43068],[99.96531,8.43066]]]}},{"type":"Feature","id":"way/768997401","properties":{"id":"way/768997401","building":"yes","_elevM":10,"_bbox":[99.9653915,8.4305199,99.9654987,8.4307228]},"geometry":{"type":"Polygon","coordinates":[[[99.96539,8.43071],[99.96542,8.43052],[99.9655,8.43053],[99.96547,8.43072],[99.96539,8.43071]]]}},{"type":"Feature","id":"way/768997402","properties":{"id":"way/768997402","building":"yes","_elevM":10,"_bbox":[99.9655792,8.4306114,99.965665,8.4307626]},"geometry":{"type":"Polygon","coordinates":[[[99.96558,8.43074],[99.9656,8.43061],[99.96567,8.43063],[99.96564,8.43076],[99.96558,8.43074]]]}},{"type":"Feature","id":"way/768997403","properties":{"id":"way/768997403","building":"yes","_elevM":10,"_bbox":[99.9655202,8.4304734,99.9656221,8.4305849]},"geometry":{"type":"Polygon","coordinates":[[[99.96552,8.43057],[99.96554,8.43047],[99.96562,8.43049],[99.9656,8.43058],[99.96552,8.43057]]]}},{"type":"Feature","id":"way/768997404","properties":{"id":"way/768997404","building":"yes","_elevM":10,"_bbox":[99.9654427,8.4302608,99.9655294,8.4303562]},"geometry":{"type":"Polygon","coordinates":[[[99.96544,8.43035],[99.96545,8.43026],[99.96553,8.43027],[99.96552,8.43036],[99.96544,8.43035]]]}},{"type":"Feature","id":"way/768997405","properties":{"id":"way/768997405","building":"yes","_elevM":10,"_bbox":[99.965556,8.4302774,99.965617,8.4303737]},"geometry":{"type":"Polygon","coordinates":[[[99.96556,8.43037],[99.96556,8.43028],[99.96562,8.43028],[99.96561,8.43037],[99.96556,8.43037]]]}},{"type":"Feature","id":"way/768997406","properties":{"id":"way/768997406","building":"yes","_elevM":10,"_bbox":[99.9659509,8.4305576,99.9661266,8.4307923]},"geometry":{"type":"Polygon","coordinates":[[[99.96595,8.43076],[99.966,8.43056],[99.96613,8.43058],[99.96607,8.43079],[99.96595,8.43076]]]}},{"type":"Feature","id":"way/768997407","properties":{"id":"way/768997407","building":"yes","_elevM":10,"_bbox":[99.9660233,8.4303092,99.9661943,8.4304814]},"geometry":{"type":"Polygon","coordinates":[[[99.96602,8.43045],[99.96605,8.43031],[99.96619,8.43035],[99.96616,8.43048],[99.96602,8.43045]]]}},{"type":"Feature","id":"way/768997408","properties":{"id":"way/768997408","building":"yes","_elevM":10,"_bbox":[99.9647801,8.4300196,99.9650389,8.4301263]},"geometry":{"type":"Polygon","coordinates":[[[99.96478,8.4301],[99.9648,8.43002],[99.96504,8.43003],[99.96504,8.43013],[99.96478,8.4301]]]}},{"type":"Feature","id":"way/768997409","properties":{"id":"way/768997409","building":"yes","_elevM":10,"_bbox":[99.9648391,8.4296398,99.9650639,8.4300074]},"geometry":{"type":"Polygon","coordinates":[[[99.96484,8.42998],[99.96491,8.42964],[99.96501,8.42965],[99.965,8.42973],[99.96496,8.42973],[99.96494,8.4299],[99.96498,8.4299],[99.96498,8.42984],[99.96496,8.42984],[99.96498,8.42975],[99.96506,8.42976],[99.96502,8.43001],[99.96484,8.42998]]]}},{"type":"Feature","id":"way/768997410","properties":{"id":"way/768997410","building":"yes","_elevM":10,"_bbox":[99.9650444,8.4299076,99.9651824,8.4300407]},"geometry":{"type":"Polygon","coordinates":[[[99.96506,8.43004],[99.96504,8.43001],[99.96506,8.42991],[99.96518,8.42992],[99.96517,8.43001],[99.96506,8.43004]]]}},{"type":"Feature","id":"way/768997411","properties":{"id":"way/768997411","building":"yes","_elevM":10,"_bbox":[99.965063,8.4297772,99.9651886,8.4298875]},"geometry":{"type":"Polygon","coordinates":[[[99.96506,8.42989],[99.96507,8.42981],[99.96512,8.42981],[99.96514,8.42978],[99.96519,8.42979],[99.96518,8.42989],[99.96506,8.42989]]]}},{"type":"Feature","id":"way/768997412","properties":{"id":"way/768997412","building":"yes","_elevM":10,"_bbox":[99.965203,8.4299172,99.9653779,8.4301705]},"geometry":{"type":"Polygon","coordinates":[[[99.96523,8.43012],[99.96522,8.43003],[99.96525,8.42992],[99.96538,8.42994],[99.96536,8.43004],[99.96527,8.43004],[99.96529,8.43008],[99.96534,8.43008],[99.96532,8.43017],[99.9652,8.43016],[99.96523,8.43012]]]}},{"type":"Feature","id":"way/768997413","properties":{"id":"way/768997413","building":"yes","_elevM":10,"_bbox":[99.965338,8.4300449,99.9655219,8.4302168]},"geometry":{"type":"Polygon","coordinates":[[[99.96535,8.43018],[99.96534,8.43005],[99.96541,8.43004],[99.96541,8.43008],[99.96551,8.43009],[99.96552,8.43021],[99.96544,8.43022],[99.9654,8.43019],[99.96535,8.43018]]]}},{"type":"Feature","id":"way/768997414","properties":{"id":"way/768997414","building":"yes","_elevM":10,"_bbox":[99.9651954,8.4296342,99.9656961,8.429811]},"geometry":{"type":"Polygon","coordinates":[[[99.96521,8.42964],[99.96554,8.42966],[99.96554,8.42968],[99.9656,8.42969],[99.9656,8.42963],[99.9657,8.42964],[99.96566,8.4298],[99.96536,8.42978],[99.96536,8.42981],[99.96524,8.42981],[99.96525,8.42976],[99.9652,8.42975],[99.96521,8.42964]]]}},{"type":"Feature","id":"way/768997415","properties":{"id":"way/768997415","building":"yes","_elevM":10,"_bbox":[99.9652665,8.4298003,99.965493,8.4299123]},"geometry":{"type":"Polygon","coordinates":[[[99.96527,8.42991],[99.96527,8.42982],[99.96539,8.42983],[99.9654,8.4298],[99.96549,8.42982],[99.96548,8.42991],[99.96527,8.42991]]]}},{"type":"Feature","id":"way/768997416","properties":{"id":"way/768997416","building":"yes","_elevM":10,"_bbox":[99.9655063,8.429837,99.9655549,8.4299245]},"geometry":{"type":"Polygon","coordinates":[[[99.96551,8.42992],[99.96551,8.42984],[99.96555,8.42984],[99.96555,8.42992],[99.96551,8.42992]]]}},{"type":"Feature","id":"way/768997417","properties":{"id":"way/768997417","building":"yes","_elevM":10,"_bbox":[99.9655419,8.4298121,99.9657792,8.4302324]},"geometry":{"type":"Polygon","coordinates":[[[99.96554,8.43022],[99.96557,8.42981],[99.96567,8.42982],[99.96566,8.42994],[99.9657,8.42994],[99.96569,8.43005],[99.96572,8.43005],[99.96572,8.43001],[99.96578,8.43001],[99.96577,8.43009],[99.96572,8.43009],[99.96571,8.43023],[99.96554,8.43022]]]}},{"type":"Feature","id":"way/768997419","properties":{"id":"way/768997419","building":"yes","_elevM":10,"_bbox":[99.9657912,8.4300207,99.9659263,8.4302348]},"geometry":{"type":"Polygon","coordinates":[[[99.96584,8.43023],[99.96586,8.43015],[99.96579,8.43017],[99.96583,8.43002],[99.96589,8.43002],[99.9659,8.43006],[99.96593,8.43007],[99.96593,8.43023],[99.96584,8.43023]]]}},{"type":"Feature","id":"way/768997420","properties":{"id":"way/768997420","building":"yes","_elevM":10,"_bbox":[99.9656956,8.4296748,99.965844,8.4298347]},"geometry":{"type":"Polygon","coordinates":[[[99.9657,8.42979],[99.96571,8.42971],[99.96575,8.42967],[99.96581,8.42968],[99.96581,8.42972],[99.96584,8.42973],[99.96583,8.42983],[99.9657,8.42979]]]}},{"type":"Feature","id":"way/768997421","properties":{"id":"way/768997421","building":"yes","_elevM":10,"_bbox":[99.965594,8.4294717,99.9659721,8.4296236]},"geometry":{"type":"Polygon","coordinates":[[[99.96559,8.42958],[99.96561,8.42947],[99.96597,8.42952],[99.96595,8.42962],[99.96559,8.42958]]]}},{"type":"Feature","id":"way/768997422","properties":{"id":"way/768997422","building":"yes","_elevM":10,"_bbox":[99.9657231,8.4298468,99.9658206,8.4299362]},"geometry":{"type":"Polygon","coordinates":[[[99.96573,8.42993],[99.96572,8.42985],[99.96582,8.42985],[99.96582,8.42994],[99.96573,8.42993]]]}},{"type":"Feature","id":"way/768997423","properties":{"id":"way/768997423","building":"yes","_elevM":10,"_bbox":[99.9658806,8.4298819,99.9660015,8.4299765]},"geometry":{"type":"Polygon","coordinates":[[[99.96588,8.42998],[99.96589,8.42988],[99.96596,8.42989],[99.96595,8.42992],[99.966,8.42992],[99.96599,8.42998],[99.96588,8.42998]]]}},{"type":"Feature","id":"way/768997424","properties":{"id":"way/768997424","building":"yes","_elevM":10,"_bbox":[99.9658928,8.4297452,99.9659944,8.4298628]},"geometry":{"type":"Polygon","coordinates":[[[99.96589,8.42985],[99.96591,8.42975],[99.96599,8.42976],[99.96599,8.42986],[99.96589,8.42985]]]}},{"type":"Feature","id":"way/768997425","properties":{"id":"way/768997425","building":"yes","_elevM":10,"_bbox":[99.9659985,8.429527,99.96634,8.4296929]},"geometry":{"type":"Polygon","coordinates":[[[99.966,8.42962],[99.96601,8.42953],[99.96628,8.42956],[99.96626,8.42962],[99.96634,8.42964],[99.96632,8.42969],[99.966,8.42964],[99.966,8.42962]]]}},{"type":"Feature","id":"way/768997426","properties":{"id":"way/768997426","building":"yes","_elevM":10,"_bbox":[99.9660066,8.4298809,99.966467,8.4303153]},"geometry":{"type":"Polygon","coordinates":[[[99.96605,8.42988],[99.96616,8.4299],[99.96616,8.42993],[99.96633,8.42993],[99.96647,8.42995],[99.96645,8.43015],[99.96628,8.43013],[99.96622,8.43032],[99.96615,8.4303],[99.96621,8.43012],[99.96612,8.4301],[99.96609,8.4302],[99.96601,8.43019],[99.96605,8.42988]]]}},{"type":"Feature","id":"way/768997427","properties":{"id":"way/768997427","building":"yes","_elevM":10,"_bbox":[99.96603,8.4296789,99.9663308,8.4298769]},"geometry":{"type":"Polygon","coordinates":[[[99.96608,8.42978],[99.96606,8.42984],[99.96603,8.42984],[99.96605,8.42968],[99.96628,8.42971],[99.96632,8.42974],[99.96633,8.42988],[99.96625,8.42987],[99.96625,8.42981],[99.96608,8.42978]]]}},{"type":"Feature","id":"way/768997428","properties":{"id":"way/768997428","building":"yes","_elevM":10,"_bbox":[99.9651835,8.429103,99.9655578,8.4295739]},"geometry":{"type":"Polygon","coordinates":[[[99.96518,8.42956],[99.96525,8.42925],[99.96536,8.42926],[99.96538,8.42928],[99.9654,8.42917],[99.96545,8.42917],[99.96548,8.4291],[99.96556,8.42912],[99.96551,8.42938],[99.96542,8.42939],[99.96539,8.42957],[99.96518,8.42956]]]}},{"type":"Feature","id":"way/768997430","properties":{"id":"way/768997430","building":"yes","_elevM":10,"_bbox":[99.9653044,8.4288719,99.9654418,8.4290307]},"geometry":{"type":"Polygon","coordinates":[[[99.9653,8.42901],[99.96533,8.42887],[99.96544,8.42889],[99.96542,8.42903],[99.9653,8.42901]]]}},{"type":"Feature","id":"way/768997431","properties":{"id":"way/768997431","building":"yes","_elevM":10,"_bbox":[99.9651296,8.4283121,99.9656872,8.4287586]},"geometry":{"type":"Polygon","coordinates":[[[99.96528,8.42875],[99.96531,8.42842],[99.96519,8.4284],[99.96513,8.42838],[99.96514,8.42831],[99.9652,8.42832],[99.96531,8.42832],[99.96554,8.42837],[99.96569,8.42839],[99.96569,8.42848],[99.96557,8.42846],[99.96556,8.42844],[99.96548,8.42844],[99.96547,8.42842],[99.96539,8.42842],[99.96538,8.42852],[99.96551,8.42856],[99.96567,8.42854],[99.96568,8.42858],[99.96565,8.42861],[99.96552,8.42862],[99.9655,8.42869],[99.96542,8.42868],[99.96537,8.42865],[99.96533,8.42865],[99.96531,8.42876],[99.96528,8.42875]]]}},{"type":"Feature","id":"way/768997437","properties":{"id":"way/768997437","building":"yes","_elevM":10,"_bbox":[99.9656133,8.4291073,99.9657903,8.42937]},"geometry":{"type":"Polygon","coordinates":[[[99.96561,8.42934],[99.96567,8.42914],[99.96572,8.42914],[99.96574,8.42911],[99.96579,8.42913],[99.96571,8.42937],[99.96561,8.42934]]]}},{"type":"Feature","id":"way/768997438","properties":{"id":"way/768997438","building":"yes","_elevM":10,"_bbox":[99.9654832,8.4287664,99.9656066,8.4288805]},"geometry":{"type":"Polygon","coordinates":[[[99.96548,8.42886],[99.96549,8.42877],[99.96561,8.42878],[99.96559,8.42888],[99.96548,8.42886]]]}},{"type":"Feature","id":"way/768997439","properties":{"id":"way/768997439","building":"yes","_elevM":10,"_bbox":[99.9652127,8.4279491,99.9653596,8.4281101]},"geometry":{"type":"Polygon","coordinates":[[[99.96521,8.42809],[99.96523,8.42795],[99.96536,8.42796],[99.96534,8.42811],[99.96521,8.42809]]]}},{"type":"Feature","id":"way/768997440","properties":{"id":"way/768997440","building":"yes","_elevM":10,"_bbox":[99.9658505,8.4284233,99.9663404,8.4287048]},"geometry":{"type":"Polygon","coordinates":[[[99.96585,8.42866],[99.96587,8.42851],[99.96602,8.4285],[99.96602,8.42854],[99.96609,8.42856],[99.96616,8.42846],[99.96625,8.42846],[99.96626,8.42842],[99.96634,8.42844],[99.96633,8.42849],[99.96625,8.42847],[99.96617,8.4287],[99.96596,8.42866],[99.96585,8.42866]]]}},{"type":"Feature","id":"way/768997441","properties":{"id":"way/768997441","building":"yes","_elevM":10,"_bbox":[99.965757,8.4284464,99.9658302,8.4285621]},"geometry":{"type":"Polygon","coordinates":[[[99.96576,8.42854],[99.96577,8.42845],[99.96583,8.42845],[99.96582,8.42856],[99.96576,8.42854]]]}},{"type":"Feature","id":"way/768997442","properties":{"id":"way/768997442","building":"yes","_elevM":10,"_bbox":[99.965805,8.4291705,99.9659359,8.4293914]},"geometry":{"type":"Polygon","coordinates":[[[99.96581,8.42936],[99.96585,8.42917],[99.96594,8.4292],[99.96588,8.42939],[99.96581,8.42936]]]}},{"type":"Feature","id":"way/768997444","properties":{"id":"way/768997444","building":"yes","_elevM":10,"_bbox":[99.9659483,8.4292238,99.9665891,8.4295073]},"geometry":{"type":"Polygon","coordinates":[[[99.96595,8.42933],[99.96596,8.42922],[99.96611,8.42927],[99.96609,8.42931],[99.96612,8.42933],[99.96615,8.42928],[99.96622,8.42931],[99.96635,8.42934],[99.96642,8.42939],[99.96647,8.42938],[99.9665,8.4294],[99.9665,8.42936],[99.96659,8.42936],[99.96658,8.4295],[99.9665,8.42951],[99.96646,8.42948],[99.96645,8.42951],[99.96637,8.4295],[99.96637,8.42941],[99.96635,8.4294],[99.96632,8.42947],[99.96627,8.42948],[99.96619,8.42944],[99.96621,8.42936],[99.9662,8.42935],[99.96615,8.42948],[99.96609,8.42947],[99.9661,8.42939],[99.96608,8.42936],[99.96595,8.42933]]]}},{"type":"Feature","id":"way/768997445","properties":{"id":"way/768997445","building":"yes","_elevM":10,"_bbox":[99.9656996,8.4286986,99.9662465,8.4291324]},"geometry":{"type":"Polygon","coordinates":[[[99.9657,8.42906],[99.96572,8.42898],[99.96574,8.42898],[99.96577,8.42889],[99.9658,8.42889],[99.96581,8.42884],[99.96573,8.42882],[99.96576,8.4287],[99.96625,8.42882],[99.96619,8.42903],[99.96613,8.42902],[99.96616,8.42891],[99.96611,8.4289],[99.96607,8.42905],[99.96604,8.42913],[99.96597,8.42912],[99.96598,8.42906],[99.96596,8.42905],[99.96594,8.42912],[99.96585,8.4291],[99.96589,8.4289],[99.96597,8.42892],[99.96602,8.42883],[99.96597,8.42882],[99.96593,8.42887],[99.96587,8.42886],[99.9658,8.42909],[99.9657,8.42906]]]}},{"type":"Feature","id":"way/768997446","properties":{"id":"way/768997446","building":"yes","_elevM":10,"_bbox":[99.9660386,8.4290344,99.9666059,8.4293316]},"geometry":{"type":"Polygon","coordinates":[[[99.96604,8.42923],[99.96606,8.42913],[99.96619,8.42916],[99.96621,8.42906],[99.96628,8.42907],[99.96629,8.42903],[99.96637,8.42905],[99.96637,8.42907],[99.96659,8.42912],[99.96657,8.42917],[99.96661,8.42918],[99.9666,8.42923],[99.96653,8.42921],[99.96654,8.42918],[99.96641,8.42915],[99.96638,8.42933],[99.9663,8.42932],[99.96633,8.42922],[99.96631,8.42922],[99.9663,8.42929],[99.96623,8.42929],[99.96625,8.42922],[99.96616,8.42922],[99.96614,8.42925],[99.96604,8.42923]]]}},{"type":"Feature","id":"way/768997447","properties":{"id":"way/768997447","building":"yes","_elevM":10,"_bbox":[99.966465,8.4292666,99.966575,8.4293501]},"geometry":{"type":"Polygon","coordinates":[[[99.96646,8.42935],[99.96647,8.42928],[99.96654,8.4293],[99.96654,8.42927],[99.96658,8.42928],[99.96655,8.42934],[99.96646,8.42935]]]}},{"type":"Feature","id":"way/768997448","properties":{"id":"way/768997448","building":"yes","_elevM":10,"_bbox":[99.9662277,8.4288434,99.9666032,8.4290994]},"geometry":{"type":"Polygon","coordinates":[[[99.96623,8.42902],[99.96625,8.42894],[99.96629,8.4289],[99.96641,8.42892],[99.96643,8.42884],[99.9666,8.4289],[99.9666,8.4291],[99.96643,8.42905],[99.96632,8.429],[99.96629,8.42903],[99.96623,8.42902]]]}},{"type":"Feature","id":"way/768997449","properties":{"id":"way/768997449","building":"yes","_elevM":10,"_bbox":[99.9662156,8.4285741,99.9663336,8.4287518]},"geometry":{"type":"Polygon","coordinates":[[[99.96622,8.42873],[99.96628,8.42857],[99.96633,8.42859],[99.96628,8.42875],[99.96622,8.42873]]]}},{"type":"Feature","id":"way/768997450","properties":{"id":"way/768997450","building":"yes","_elevM":10,"_bbox":[99.9663578,8.4285475,99.9664758,8.4286829]},"geometry":{"type":"Polygon","coordinates":[[[99.96636,8.42867],[99.96636,8.42855],[99.96648,8.42857],[99.96645,8.42868],[99.96636,8.42867]]]}},{"type":"Feature","id":"way/768997451","properties":{"id":"way/768997451","building":"yes","_elevM":10,"_bbox":[99.9664543,8.4285303,99.9666863,8.4288142]},"geometry":{"type":"Polygon","coordinates":[[[99.96645,8.4288],[99.96647,8.42873],[99.96651,8.42873],[99.96654,8.42861],[99.96655,8.42853],[99.96669,8.42857],[99.96664,8.42877],[99.9666,8.42875],[99.96659,8.42878],[99.96653,8.42878],[99.96652,8.42881],[99.96645,8.4288]]]}},{"type":"Feature","id":"way/768997452","properties":{"id":"way/768997452","building":"yes","_elevM":10,"_bbox":[99.9664785,8.4284255,99.9667386,8.4285409]},"geometry":{"type":"Polygon","coordinates":[[[99.96648,8.42848],[99.96649,8.42843],[99.96662,8.42845],[99.96674,8.42848],[99.96672,8.42854],[99.96648,8.42848]]]}},{"type":"Feature","id":"way/768998133","properties":{"id":"way/768998133","building":"yes","_elevM":10,"_bbox":[99.9653878,8.4276446,99.9658083,8.4281459]},"geometry":{"type":"Polygon","coordinates":[[[99.96539,8.42811],[99.96541,8.42801],[99.96548,8.42798],[99.9654,8.42797],[99.96541,8.42781],[99.96551,8.42781],[99.96554,8.42764],[99.96559,8.42767],[99.96558,8.42775],[99.9656,8.42775],[99.96581,8.42776],[99.9658,8.42785],[99.96563,8.42782],[99.96558,8.42779],[99.96557,8.42803],[99.96553,8.42815],[99.96539,8.42811]]]}},{"type":"Feature","id":"way/768998134","properties":{"id":"way/768998134","building":"yes","_elevM":10,"_bbox":[99.9651892,8.4278028,99.9653156,8.4279291]},"geometry":{"type":"Polygon","coordinates":[[[99.96519,8.42792],[99.9652,8.4278],[99.96532,8.42781],[99.9653,8.42793],[99.96519,8.42792]]]}},{"type":"Feature","id":"way/768998135","properties":{"id":"way/768998135","building":"yes","_elevM":10,"_bbox":[99.9652114,8.4276821,99.965322,8.4277829]},"geometry":{"type":"Polygon","coordinates":[[[99.96521,8.42777],[99.96522,8.42768],[99.96532,8.42769],[99.96531,8.42778],[99.96521,8.42777]]]}},{"type":"Feature","id":"way/768998136","properties":{"id":"way/768998136","building":"yes","_elevM":10,"_bbox":[99.9652476,8.4275303,99.9653431,8.4276263]},"geometry":{"type":"Polygon","coordinates":[[[99.96525,8.42763],[99.96525,8.42753],[99.96534,8.42753],[99.96534,8.42763],[99.96525,8.42763]]]}},{"type":"Feature","id":"way/768998137","properties":{"id":"way/768998137","building":"yes","_elevM":10,"_bbox":[99.9654355,8.4275074,99.9658268,8.4277299]},"geometry":{"type":"Polygon","coordinates":[[[99.96544,8.42762],[99.96544,8.42751],[99.96582,8.42758],[99.96583,8.42773],[99.96574,8.42773],[99.96574,8.42763],[99.96565,8.42766],[99.96558,8.42763],[99.96556,8.42759],[99.96555,8.42762],[99.96544,8.42762]]]}},{"type":"Feature","id":"way/768998138","properties":{"id":"way/768998138","building":"yes","_elevM":10,"_bbox":[99.965889,8.4276011,99.9663327,8.4281185]},"geometry":{"type":"Polygon","coordinates":[[[99.96593,8.42789],[99.9659,8.42783],[99.96595,8.42767],[99.9659,8.42766],[99.96589,8.4276],[99.96607,8.42764],[99.96606,8.4277],[99.96611,8.42769],[99.96612,8.42765],[99.96618,8.42766],[99.96616,8.4278],[99.96613,8.42785],[99.9662,8.42786],[99.96622,8.42778],[99.96633,8.42781],[99.9663,8.42793],[99.9662,8.4279],[99.96619,8.42796],[99.96616,8.42796],[99.96615,8.42805],[99.96606,8.42804],[99.96606,8.42788],[99.9661,8.42787],[99.96611,8.42784],[99.96603,8.42783],[99.96602,8.42812],[99.96593,8.42812],[99.96593,8.42789]]]}},{"type":"Feature","id":"way/768998139","properties":{"id":"way/768998139","building":"yes","_elevM":10,"_bbox":[99.9663505,8.4276702,99.96649,8.4280974]},"geometry":{"type":"Polygon","coordinates":[[[99.96635,8.42808],[99.96645,8.42767],[99.96649,8.42768],[99.96641,8.4281],[99.96635,8.42808]]]}},{"type":"Feature","id":"way/768998140","properties":{"id":"way/768998140","building":"yes","_elevM":10,"_bbox":[99.9652262,8.4269694,99.965443,8.4273883]},"geometry":{"type":"Polygon","coordinates":[[[99.96523,8.42737],[99.96528,8.42697],[99.96544,8.42699],[99.96539,8.42739],[99.96523,8.42737]]]}},{"type":"Feature","id":"way/768998141","properties":{"id":"way/768998141","building":"yes","_elevM":10,"_bbox":[99.9652981,8.42646,99.9654958,8.4267762]},"geometry":{"type":"Polygon","coordinates":[[[99.9653,8.42675],[99.96535,8.42646],[99.9655,8.42649],[99.96544,8.42678],[99.9653,8.42675]]]}},{"type":"Feature","id":"way/768998142","properties":{"id":"way/768998142","building":"yes","_elevM":10,"_bbox":[99.9657333,8.4271038,99.9660772,8.4272964]},"geometry":{"type":"Polygon","coordinates":[[[99.96573,8.42724],[99.96576,8.4271],[99.96596,8.42714],[99.96597,8.42711],[99.96608,8.42713],[99.96605,8.4273],[99.96573,8.42724]]]}},{"type":"Feature","id":"way/768998143","properties":{"id":"way/768998143","building":"yes","_elevM":10,"_bbox":[99.9660465,8.4267085,99.9664754,8.4275484]},"geometry":{"type":"Polygon","coordinates":[[[99.96605,8.4275],[99.96606,8.42736],[99.96635,8.42739],[99.96636,8.42729],[99.96619,8.42727],[99.96621,8.42711],[99.96624,8.42711],[99.96625,8.42705],[99.96633,8.42706],[99.96634,8.42696],[99.96623,8.42694],[99.96623,8.4269],[99.96611,8.42689],[99.96613,8.42671],[99.96644,8.42675],[99.96636,8.42739],[99.96648,8.4274],[99.96646,8.42755],[99.96605,8.4275]]]}},{"type":"Feature","id":"way/768998144","properties":{"id":"way/768998144","building":"yes","_elevM":10,"_bbox":[99.9664928,8.4273077,99.9666028,8.4275583]},"geometry":{"type":"Polygon","coordinates":[[[99.96649,8.42755],[99.96654,8.42737],[99.9665,8.42736],[99.96652,8.42731],[99.9666,8.42733],[99.96655,8.42756],[99.96649,8.42755]]]}},{"type":"Feature","id":"way/768998145","properties":{"id":"way/768998145","building":"yes","_elevM":10,"_bbox":[99.966431,8.4271962,99.9666111,8.4273017]},"geometry":{"type":"Polygon","coordinates":[[[99.96643,8.42726],[99.96645,8.4272],[99.96661,8.42724],[99.96659,8.4273],[99.96643,8.42726]]]}},{"type":"Feature","id":"way/768998146","properties":{"id":"way/768998146","building":"yes","_elevM":10,"_bbox":[99.9664568,8.4264366,99.9668048,8.4271283]},"geometry":{"type":"Polygon","coordinates":[[[99.9665,8.42711],[99.96651,8.42701],[99.96654,8.42698],[99.96646,8.42697],[99.96649,8.42654],[99.96661,8.42655],[99.96659,8.42672],[99.96666,8.42672],[99.96668,8.42644],[99.9668,8.42646],[99.96668,8.42702],[99.96659,8.42701],[99.96659,8.42713],[99.9665,8.42711]]]}},{"type":"Feature","id":"way/768998147","properties":{"id":"way/768998147","building":"yes","_elevM":10,"_bbox":[99.966139,8.4265394,99.9664808,8.4267172]},"geometry":{"type":"Polygon","coordinates":[[[99.96645,8.42672],[99.96614,8.42666],[99.96615,8.42658],[99.96635,8.42662],[99.96636,8.42659],[99.96631,8.42658],[99.96632,8.42654],[99.96648,8.42657],[99.96645,8.42672]]]}},{"type":"Feature","id":"way/768998148","properties":{"id":"way/768998148","building":"yes","_elevM":10,"_bbox":[99.9657972,8.4268881,99.966014,8.4270544]},"geometry":{"type":"Polygon","coordinates":[[[99.9658,8.42701],[99.96583,8.42689],[99.96601,8.42693],[99.96599,8.42705],[99.9658,8.42701]]]}},{"type":"Feature","id":"way/768998150","properties":{"id":"way/768998150","building":"yes","_elevM":10,"_bbox":[99.9653464,8.4258651,99.9661952,8.4264431]},"geometry":{"type":"Polygon","coordinates":[[[99.96535,8.42625],[99.9654,8.42587],[99.9662,8.42595],[99.96613,8.42633],[99.96606,8.42632],[99.96564,8.42628],[99.9656,8.42644],[99.96554,8.42644],[99.96555,8.42629],[99.96535,8.42625]]]}},{"type":"Feature","id":"way/768998151","properties":{"id":"way/768998151","building":"yes","_elevM":10,"_bbox":[99.9653371,8.4262774,99.9655006,8.4263848]},"geometry":{"type":"Polygon","coordinates":[[[99.96534,8.42636],[99.96536,8.42628],[99.9655,8.4263],[99.96549,8.42638],[99.96534,8.42636]]]}},{"type":"Feature","id":"way/768998152","properties":{"id":"way/768998152","building":"yes","_elevM":10,"_bbox":[99.9662104,8.4259609,99.9666409,8.4264133]},"geometry":{"type":"Polygon","coordinates":[[[99.96621,8.42636],[99.96623,8.42622],[99.96632,8.42624],[99.96633,8.42617],[99.96629,8.42616],[99.96631,8.42604],[99.96625,8.426],[99.96627,8.42596],[99.96657,8.426],[99.96656,8.42611],[99.96658,8.4261],[99.96659,8.42602],[99.96664,8.42602],[99.96661,8.42618],[99.9665,8.42641],[99.96645,8.42641],[99.96645,8.42636],[99.96621,8.42636]]]}},{"type":"Feature","id":"way/768998153","properties":{"id":"way/768998153","building":"yes","_elevM":10,"_bbox":[99.9665144,8.426436,99.9666207,8.4265081]},"geometry":{"type":"Polygon","coordinates":[[[99.96651,8.4265],[99.96652,8.42644],[99.96662,8.42645],[99.96661,8.42651],[99.96651,8.4265]]]}},{"type":"Feature","id":"way/768998154","properties":{"id":"way/768998154","building":"yes","_elevM":10,"_bbox":[99.9665812,8.4260658,99.9668801,8.4264392]},"geometry":{"type":"Polygon","coordinates":[[[99.96658,8.42633],[99.9666,8.42623],[99.96663,8.42622],[99.96667,8.42607],[99.96671,8.42607],[99.96675,8.42612],[99.96688,8.42614],[99.96686,8.42628],[99.96676,8.42625],[99.96672,8.42636],[99.96681,8.4264],[99.96681,8.42644],[99.96668,8.42642],[99.96669,8.42638],[99.96658,8.42633]]]}},{"type":"Feature","id":"way/768998155","properties":{"id":"way/768998155","building":"yes","_elevM":10,"_bbox":[99.9666953,8.4259615,99.966824,8.4260607]},"geometry":{"type":"Polygon","coordinates":[[[99.9667,8.42604],[99.96671,8.42596],[99.96682,8.42599],[99.96681,8.42606],[99.9667,8.42604]]]}},{"type":"Feature","id":"way/768998156","properties":{"id":"way/768998156","building":"yes","_elevM":10,"_bbox":[99.9665134,8.4255675,99.9669925,8.4257778]},"geometry":{"type":"Polygon","coordinates":[[[99.96651,8.42573],[99.96654,8.42557],[99.96676,8.42561],[99.96699,8.42568],[99.96696,8.42578],[99.96666,8.42571],[99.96665,8.42574],[99.96651,8.42573]]]}},{"type":"Feature","id":"way/768998157","properties":{"id":"way/768998157","building":"yes","_elevM":10,"_bbox":[99.9662746,8.4255599,99.9665257,8.425918]},"geometry":{"type":"Polygon","coordinates":[[[99.96627,8.42589],[99.96632,8.42563],[99.96633,8.42556],[99.96646,8.42558],[99.96645,8.42563],[99.96638,8.42563],[99.96638,8.42566],[99.96643,8.42567],[99.96643,8.42582],[99.96653,8.42583],[99.9665,8.42592],[99.96627,8.42589]]]}},{"type":"Feature","id":"way/768998158","properties":{"id":"way/768998158","building":"yes","_elevM":10,"_bbox":[99.9666134,8.4257941,99.966756,8.4259292]},"geometry":{"type":"Polygon","coordinates":[[[99.96661,8.42592],[99.96663,8.42579],[99.96676,8.42581],[99.96675,8.42584],[99.96671,8.42583],[99.9667,8.42593],[99.96661,8.42592]]]}},{"type":"Feature","id":"way/768998159","properties":{"id":"way/768998159","building":"yes","_elevM":10,"_bbox":[99.9656584,8.4256848,99.9662346,8.4258768]},"geometry":{"type":"Polygon","coordinates":[[[99.96566,8.4258],[99.96569,8.42568],[99.96623,8.42574],[99.96621,8.42588],[99.96566,8.4258]]]}},{"type":"Feature","id":"way/768998160","properties":{"id":"way/768998160","building":"yes","_elevM":10,"_bbox":[99.9656954,8.4254761,99.9662716,8.4257138]},"geometry":{"type":"Polygon","coordinates":[[[99.9657,8.42566],[99.9657,8.42557],[99.96582,8.42558],[99.96584,8.42548],[99.96609,8.42551],[99.96627,8.42554],[99.96625,8.42571],[99.96611,8.4257],[99.96612,8.42566],[99.96589,8.42563],[99.96587,8.42568],[99.9657,8.42566]]]}},{"type":"Feature","id":"way/768998161","properties":{"id":"way/768998161","building":"yes","_elevM":10,"_bbox":[99.9654197,8.4253039,99.9657031,8.4257778]},"geometry":{"type":"Polygon","coordinates":[[[99.96542,8.42574],[99.96548,8.42538],[99.96552,8.4253],[99.9657,8.42537],[99.96562,8.42578],[99.96542,8.42574]]]}},{"type":"Feature","id":"way/768998162","properties":{"id":"way/768998162","building":"yes","_elevM":10,"_bbox":[99.9655136,8.4251286,99.9657524,8.4253237]},"geometry":{"type":"Polygon","coordinates":[[[99.96551,8.42527],[99.96555,8.42513],[99.96575,8.42517],[99.96572,8.42532],[99.96551,8.42527]]]}},{"type":"Feature","id":"way/768998163","properties":{"id":"way/768998163","building":"yes","_elevM":10,"_bbox":[99.9657402,8.4251592,99.9663083,8.4254813]},"geometry":{"type":"Polygon","coordinates":[[[99.96574,8.4254],[99.96577,8.42531],[99.96587,8.42532],[99.96594,8.42533],[99.96594,8.42527],[99.96601,8.42526],[99.96602,8.42528],[99.96609,8.42528],[99.96612,8.42516],[99.96631,8.42519],[99.96629,8.42531],[99.96622,8.42532],[99.96621,8.42536],[99.96629,8.42537],[99.96628,8.42548],[99.96608,8.42545],[99.96607,8.42544],[99.96574,8.4254]]]}},{"type":"Feature","id":"way/768998164","properties":{"id":"way/768998164","building":"yes","_elevM":10,"_bbox":[99.9657879,8.4250523,99.9660495,8.4252578]},"geometry":{"type":"Polygon","coordinates":[[[99.96579,8.42523],[99.96579,8.42516],[99.96583,8.42505],[99.96591,8.42506],[99.96588,8.42512],[99.96605,8.42514],[99.96602,8.42525],[99.96588,8.42526],[99.96579,8.42523]]]}},{"type":"Feature","id":"way/768998165","properties":{"id":"way/768998165","building":"yes","_elevM":10,"_bbox":[99.9655159,8.424737,99.9658825,8.4251585]},"geometry":{"type":"Polygon","coordinates":[[[99.96552,8.42509],[99.96561,8.42474],[99.96588,8.42479],[99.96587,8.42488],[99.96578,8.42516],[99.96552,8.42509]]]}},{"type":"Feature","id":"way/768998166","properties":{"id":"way/768998166","building":"yes","_elevM":10,"_bbox":[99.9656125,8.4245468,99.9657576,8.4247271]},"geometry":{"type":"Polygon","coordinates":[[[99.96561,8.42471],[99.96565,8.42455],[99.96576,8.42457],[99.96573,8.42473],[99.96561,8.42471]]]}},{"type":"Feature","id":"way/768998167","properties":{"id":"way/768998167","building":"yes","_elevM":10,"_bbox":[99.9659664,8.4249231,99.9662283,8.4250877]},"geometry":{"type":"Polygon","coordinates":[[[99.96597,8.42494],[99.96606,8.42492],[99.96607,8.42496],[99.96615,8.42497],[99.96616,8.42495],[99.96623,8.42495],[99.96621,8.42504],[99.9661,8.42504],[99.9661,8.42509],[99.96597,8.42507],[99.96597,8.42494]]]}},{"type":"Feature","id":"way/768998168","properties":{"id":"way/768998168","building":"yes","_elevM":10,"_bbox":[99.9657879,8.4246737,99.9658801,8.4247488]},"geometry":{"type":"Polygon","coordinates":[[[99.96579,8.42473],[99.96579,8.42467],[99.96588,8.42468],[99.96588,8.42475],[99.96579,8.42473]]]}},{"type":"Feature","id":"way/768998169","properties":{"id":"way/768998169","building":"yes","_elevM":10,"_bbox":[99.9657926,8.4245906,99.9658906,8.424646]},"geometry":{"type":"Polygon","coordinates":[[[99.96579,8.42465],[99.9658,8.42459],[99.96589,8.42459],[99.96589,8.42465],[99.96579,8.42465]]]}},{"type":"Feature","id":"way/768998170","properties":{"id":"way/768998170","building":"yes","_elevM":10,"_bbox":[99.965893,8.424693,99.9661142,8.4248803]},"geometry":{"type":"Polygon","coordinates":[[[99.96589,8.42488],[99.96593,8.42469],[99.96607,8.42469],[99.96607,8.42473],[99.96603,8.42473],[99.96605,8.42479],[99.96611,8.42481],[99.96611,8.42482],[99.96598,8.42483],[99.96595,8.42487],[99.96589,8.42488]]]}},{"type":"Feature","id":"way/768998171","properties":{"id":"way/768998171","building":"yes","_elevM":10,"_bbox":[99.9658903,8.4248955,99.9659545,8.4249602]},"geometry":{"type":"Polygon","coordinates":[[[99.96589,8.42496],[99.9659,8.4249],[99.96595,8.4249],[99.96595,8.42495],[99.96589,8.42496]]]}},{"type":"Feature","id":"way/768998172","properties":{"id":"way/768998172","building":"yes","_elevM":10,"_bbox":[99.9662172,8.4249544,99.9664659,8.4251172]},"geometry":{"type":"Polygon","coordinates":[[[99.96622,8.42511],[99.96622,8.42504],[99.96626,8.42495],[99.96647,8.42498],[99.96645,8.42509],[99.96632,8.42508],[99.96632,8.42512],[99.96622,8.42511]]]}},{"type":"Feature","id":"way/768998173","properties":{"id":"way/768998173","building":"yes","_elevM":10,"_bbox":[99.9662487,8.4247015,99.9664881,8.4249348]},"geometry":{"type":"Polygon","coordinates":[[[99.96625,8.42493],[99.96625,8.42482],[99.96636,8.42482],[99.96638,8.42475],[99.96632,8.42474],[99.96632,8.4247],[99.96649,8.42472],[99.96647,8.42491],[99.9664,8.4249],[99.9664,8.42493],[99.96625,8.42493]]]}},{"type":"Feature","id":"way/768998174","properties":{"id":"way/768998174","building":"yes","_elevM":10,"_bbox":[99.966118,8.4245744,99.9662616,8.4247881]},"geometry":{"type":"Polygon","coordinates":[[[99.96616,8.42478],[99.96617,8.42472],[99.96612,8.42472],[99.96612,8.42458],[99.96619,8.42457],[99.96619,8.4246],[99.96625,8.4246],[99.96626,8.42472],[99.96622,8.42471],[99.9662,8.42479],[99.96616,8.42478]]]}},{"type":"Feature","id":"way/768998175","properties":{"id":"way/768998175","building":"yes","_elevM":10,"_bbox":[99.9662592,8.424482,99.9663258,8.4245779]},"geometry":{"type":"Polygon","coordinates":[[[99.96626,8.42458],[99.96626,8.42449],[99.96631,8.42448],[99.96633,8.42457],[99.96626,8.42458]]]}},{"type":"Feature","id":"way/768998176","properties":{"id":"way/768998176","building":"yes","_elevM":10,"_bbox":[99.9663234,8.4246137,99.9663643,8.4246772]},"geometry":{"type":"Polygon","coordinates":[[[99.96633,8.42468],[99.96632,8.42462],[99.96635,8.42461],[99.96636,8.42468],[99.96633,8.42468]]]}},{"type":"Feature","id":"way/768998177","properties":{"id":"way/768998177","building":"yes","_elevM":10,"_bbox":[99.965686,8.4241968,99.965993,8.4245791]},"geometry":{"type":"Polygon","coordinates":[[[99.96569,8.42452],[99.9657,8.42431],[99.96575,8.42432],[99.96577,8.4242],[99.96594,8.42421],[99.96591,8.42436],[99.96588,8.42436],[99.96588,8.42439],[99.96599,8.42441],[99.96598,8.42458],[99.96577,8.42456],[99.96576,8.42453],[99.96569,8.42452]]]}},{"type":"Feature","id":"way/768998178","properties":{"id":"way/768998178","building":"yes","_elevM":10,"_bbox":[99.9663281,8.4243319,99.9664554,8.4245098]},"geometry":{"type":"Polygon","coordinates":[[[99.96634,8.42451],[99.96633,8.42434],[99.96644,8.42433],[99.96646,8.42444],[99.96642,8.42444],[99.96643,8.42449],[99.96634,8.42451]]]}},{"type":"Feature","id":"way/768998179","properties":{"id":"way/768998179","building":"yes","_elevM":10,"_bbox":[99.9660327,8.4243677,99.9662978,8.4244774]},"geometry":{"type":"Polygon","coordinates":[[[99.96603,8.42448],[99.96603,8.42438],[99.96628,8.42437],[99.9663,8.42445],[99.96603,8.42448]]]}},{"type":"Feature","id":"way/768998180","properties":{"id":"way/768998180","building":"yes","_elevM":10,"_bbox":[99.9661226,8.4242187,99.9664589,8.4243169]},"geometry":{"type":"Polygon","coordinates":[[[99.96612,8.42432],[99.96613,8.42423],[99.96645,8.42422],[99.96646,8.42429],[99.96612,8.42432]]]}},{"type":"Feature","id":"way/768998181","properties":{"id":"way/768998181","building":"yes","_elevM":10,"_bbox":[99.9657039,8.4234832,99.9661989,8.4241899]},"geometry":{"type":"Polygon","coordinates":[[[99.9657,8.42415],[99.96581,8.42348],[99.96609,8.42355],[99.96602,8.42386],[99.9662,8.42391],[99.96613,8.42401],[99.96605,8.42399],[99.96604,8.42419],[99.9659,8.42417],[99.9657,8.42415]]]}},{"type":"Feature","id":"way/768998182","properties":{"id":"way/768998182","building":"yes","_elevM":10,"_bbox":[99.9653543,8.4245049,99.9654313,8.4245811]},"geometry":{"type":"Polygon","coordinates":[[[99.96535,8.42457],[99.96536,8.4245],[99.96543,8.42451],[99.96542,8.42458],[99.96535,8.42457]]]}},{"type":"Feature","id":"way/768998183","properties":{"id":"way/768998183","building":"yes","_elevM":10,"_bbox":[99.9662917,8.4236559,99.9663991,8.424007]},"geometry":{"type":"Polygon","coordinates":[[[99.96629,8.42399],[99.96632,8.42366],[99.9664,8.42367],[99.96638,8.42401],[99.96629,8.42399]]]}},{"type":"Feature","id":"way/768998800","properties":{"id":"way/768998800","building":"yes","_elevM":10,"_bbox":[99.966336,8.4251876,99.9667545,8.4255191]},"geometry":{"type":"Polygon","coordinates":[[[99.96634,8.42547],[99.96636,8.42519],[99.96654,8.42519],[99.96653,8.42524],[99.96675,8.42526],[99.96673,8.42552],[99.96634,8.42547]]]}},{"type":"Feature","id":"way/768998801","properties":{"id":"way/768998801","building":"yes","_elevM":10,"_bbox":[99.9669051,8.4255514,99.9670184,8.4256311]},"geometry":{"type":"Polygon","coordinates":[[[99.96691,8.42561],[99.96693,8.42555],[99.96702,8.42558],[99.967,8.42563],[99.96691,8.42561]]]}},{"type":"Feature","id":"way/768998802","properties":{"id":"way/768998802","building":"yes","_elevM":10,"_bbox":[99.9667499,8.4250375,99.9672075,8.425541]},"geometry":{"type":"Polygon","coordinates":[[[99.96675,8.42554],[99.96677,8.42539],[99.96692,8.42541],[99.96695,8.42534],[99.967,8.42534],[99.96702,8.42528],[99.96694,8.42525],[99.9668,8.42523],[99.9668,8.42518],[99.96694,8.42519],[99.96695,8.42516],[99.96705,8.42518],[99.96708,8.42512],[99.96701,8.4251],[99.96704,8.42504],[99.96721,8.42509],[99.96703,8.42553],[99.96692,8.4255],[99.96692,8.42546],[99.96685,8.42543],[99.96684,8.42554],[99.96675,8.42554]]]}},{"type":"Feature","id":"way/768998803","properties":{"id":"way/768998803","building":"yes","_elevM":10,"_bbox":[99.9667666,8.4252591,99.9668853,8.4253924]},"geometry":{"type":"Polygon","coordinates":[[[99.96677,8.42537],[99.96677,8.42527],[99.9668,8.42526],[99.96681,8.4253],[99.96689,8.42529],[99.96687,8.42539],[99.9668,8.42539],[99.96677,8.42537]]]}},{"type":"Feature","id":"way/768998804","properties":{"id":"way/768998804","building":"yes","_elevM":10,"_bbox":[99.9665253,8.4250539,99.9667042,8.4251162]},"geometry":{"type":"Polygon","coordinates":[[[99.96653,8.42512],[99.96654,8.42505],[99.9667,8.42506],[99.96669,8.42511],[99.96653,8.42512]]]}},{"type":"Feature","id":"way/768998805","properties":{"id":"way/768998805","building":"yes","_elevM":10,"_bbox":[99.9667935,8.4249079,99.9670944,8.4251319]},"geometry":{"type":"Polygon","coordinates":[[[99.96679,8.42504],[99.96679,8.42497],[99.9669,8.42498],[99.96692,8.42491],[99.96709,8.42494],[99.96708,8.42501],[99.96701,8.42501],[99.96698,8.42513],[99.96691,8.42511],[99.9669,8.42506],[99.96679,8.42504]]]}},{"type":"Feature","id":"way/768998806","properties":{"id":"way/768998806","building":"yes","_elevM":10,"_bbox":[99.9665582,8.4249184,99.9667139,8.4250322]},"geometry":{"type":"Polygon","coordinates":[[[99.96656,8.42502],[99.96658,8.42492],[99.96671,8.42493],[99.96669,8.42503],[99.96656,8.42502]]]}},{"type":"Feature","id":"way/768998807","properties":{"id":"way/768998807","building":"yes","_elevM":10,"_bbox":[99.9669144,8.4246518,99.9672229,8.4249277]},"geometry":{"type":"Polygon","coordinates":[[[99.96695,8.42489],[99.96691,8.4248],[99.96702,8.42475],[99.96696,8.42475],[99.96696,8.42467],[99.96708,8.42468],[99.96709,8.42465],[99.96722,8.42469],[99.96719,8.42493],[99.9671,8.42491],[99.96713,8.42479],[99.96706,8.4248],[99.96707,8.42485],[99.96695,8.42489]]]}},{"type":"Feature","id":"way/768998808","properties":{"id":"way/768998808","building":"yes","_elevM":10,"_bbox":[99.9665537,8.4243904,99.9669064,8.4248494]},"geometry":{"type":"Polygon","coordinates":[[[99.96656,8.42485],[99.96655,8.42477],[99.96658,8.42477],[99.96657,8.42448],[99.96668,8.42445],[99.96668,8.42439],[99.96673,8.42439],[99.96676,8.42451],[99.9669,8.42449],[99.96691,8.42455],[99.96688,8.42455],[99.96687,8.42462],[99.9668,8.42464],[99.96681,8.42471],[99.96671,8.42472],[99.9667,8.42476],[99.96678,8.42476],[99.96678,8.42482],[99.96656,8.42485]]]}},{"type":"Feature","id":"way/768998810","properties":{"id":"way/768998810","building":"yes","_elevM":10,"_bbox":[99.9669426,8.4243374,99.9673409,8.4246478]},"geometry":{"type":"Polygon","coordinates":[[[99.96705,8.42458],[99.96707,8.42453],[99.96703,8.42452],[99.96704,8.42448],[99.96707,8.42443],[99.96694,8.42442],[99.96696,8.42434],[99.96719,8.42435],[99.96721,8.42436],[99.96734,8.42438],[99.96731,8.42446],[99.96728,8.42446],[99.96728,8.42454],[99.9673,8.42456],[99.96728,8.42465],[99.9672,8.42464],[99.96721,8.42457],[99.96705,8.42458]]]}},{"type":"Feature","id":"way/768998812","properties":{"id":"way/768998812","building":"yes","_elevM":10,"_bbox":[99.9664708,8.4238138,99.9668021,8.4243457]},"geometry":{"type":"Polygon","coordinates":[[[99.96653,8.42435],[99.96652,8.42429],[99.96655,8.42424],[99.96655,8.42416],[99.96649,8.42416],[99.9665,8.42398],[99.96647,8.42397],[99.96649,8.42389],[99.96658,8.42388],[99.96661,8.42381],[99.96672,8.42383],[99.96673,8.42387],[99.96667,8.42389],[99.96677,8.42389],[99.9668,8.42433],[99.96653,8.42435]]]}},{"type":"Feature","id":"way/768998813","properties":{"id":"way/768998813","building":"yes","_elevM":10,"_bbox":[99.9668651,8.4241839,99.9669939,8.4243219]},"geometry":{"type":"Polygon","coordinates":[[[99.96687,8.42432],[99.96688,8.42418],[99.96699,8.42419],[99.96698,8.42428],[99.96694,8.42428],[99.96693,8.42432],[99.96687,8.42432]]]}},{"type":"Feature","id":"way/768998814","properties":{"id":"way/768998814","building":"yes","_elevM":10,"_bbox":[99.9668463,8.4240353,99.9669442,8.4241494]},"geometry":{"type":"Polygon","coordinates":[[[99.96685,8.42415],[99.96685,8.42404],[99.96692,8.42404],[99.96694,8.42415],[99.96685,8.42415]]]}},{"type":"Feature","id":"way/768998815","properties":{"id":"way/768998815","building":"yes","_elevM":10,"_bbox":[99.9668155,8.4238482,99.966955,8.4239929]},"geometry":{"type":"Polygon","coordinates":[[[99.96684,8.42399],[99.96682,8.42386],[99.96694,8.42385],[99.96695,8.42398],[99.96684,8.42399]]]}},{"type":"Feature","id":"way/768998816","properties":{"id":"way/768998816","building":"yes","_elevM":10,"_bbox":[99.9671874,8.4238683,99.9673692,8.424106]},"geometry":{"type":"Polygon","coordinates":[[[99.96719,8.42406],[99.96721,8.42399],[99.96726,8.42397],[99.96729,8.42387],[99.96733,8.42387],[99.9673,8.424],[99.96737,8.42403],[99.96735,8.42411],[99.96719,8.42406]]]}},{"type":"Feature","id":"way/768998817","properties":{"id":"way/768998817","building":"yes","_elevM":10,"_bbox":[99.9669702,8.4239475,99.9671613,8.4241761]},"geometry":{"type":"Polygon","coordinates":[[[99.96697,8.42415],[99.96702,8.42395],[99.96716,8.42397],[99.96715,8.42403],[99.96705,8.42403],[99.96704,8.42409],[99.96716,8.4241],[99.96714,8.42418],[99.96697,8.42415]]]}},{"type":"Feature","id":"way/768998818","properties":{"id":"way/768998818","building":"yes","_elevM":10,"_bbox":[99.9672615,8.42423,99.9673743,8.4243617]},"geometry":{"type":"Polygon","coordinates":[[[99.96726,8.42435],[99.96727,8.42428],[99.96726,8.42423],[99.96737,8.42424],[99.96736,8.42436],[99.96726,8.42435]]]}},{"type":"Feature","id":"way/768998819","properties":{"id":"way/768998819","building":"yes","_elevM":10,"_bbox":[99.967165,8.424245,99.9672148,8.4243295]},"geometry":{"type":"Polygon","coordinates":[[[99.96716,8.42433],[99.96718,8.42425],[99.96721,8.42425],[99.9672,8.42433],[99.96716,8.42433]]]}},{"type":"Feature","id":"way/768998820","properties":{"id":"way/768998820","building":"yes","_elevM":10,"_bbox":[99.9673205,8.4237272,99.9674008,8.4238469]},"geometry":{"type":"Polygon","coordinates":[[[99.96732,8.42383],[99.96734,8.42373],[99.9674,8.42374],[99.96737,8.42385],[99.96732,8.42383]]]}},{"type":"Feature","id":"way/768998821","properties":{"id":"way/768998821","building":"yes","_elevM":10,"_bbox":[99.9664902,8.4236346,99.9671796,8.4238283]},"geometry":{"type":"Polygon","coordinates":[[[99.96649,8.42374],[99.96649,8.42363],[99.96705,8.42365],[99.96716,8.42366],[99.96718,8.42383],[99.96708,8.42382],[99.96708,8.42379],[99.96699,8.42376],[99.96684,8.42379],[99.96649,8.42374]]]}},{"type":"Feature","id":"way/768998822","properties":{"id":"way/768998822","building":"yes","_elevM":10,"_bbox":[99.9658667,8.4230367,99.9662529,8.4234745]},"geometry":{"type":"Polygon","coordinates":[[[99.9659,8.42341],[99.96591,8.42331],[99.96587,8.4233],[99.96588,8.42323],[99.96593,8.42324],[99.96593,8.42329],[99.96611,8.42331],[99.96614,8.42309],[99.96618,8.42308],[99.96619,8.42304],[99.96625,8.42305],[99.9662,8.42347],[99.9659,8.42341]]]}},{"type":"Feature","id":"way/768998823","properties":{"id":"way/768998823","building":"yes","_elevM":10,"_bbox":[99.9658841,8.4230792,99.9660947,8.4231973]},"geometry":{"type":"Polygon","coordinates":[[[99.96588,8.42318],[99.9659,8.42308],[99.96609,8.42309],[99.96606,8.4232],[99.96588,8.42318]]]}},{"type":"Feature","id":"way/768998824","properties":{"id":"way/768998824","building":"yes","_elevM":10,"_bbox":[99.9659244,8.4227329,99.9662288,8.4229863]},"geometry":{"type":"Polygon","coordinates":[[[99.96592,8.42295],[99.96597,8.42273],[99.96617,8.42276],[99.96616,8.42284],[99.96623,8.42286],[99.96623,8.42299],[99.96592,8.42295]]]}},{"type":"Feature","id":"way/768998825","properties":{"id":"way/768998825","building":"yes","_elevM":10,"_bbox":[99.9662476,8.4234173,99.9663473,8.4234988]},"geometry":{"type":"Polygon","coordinates":[[[99.96625,8.42348],[99.96626,8.42342],[99.96635,8.42344],[99.96633,8.4235],[99.96625,8.42348]]]}},{"type":"Feature","id":"way/768998826","properties":{"id":"way/768998826","building":"yes","_elevM":10,"_bbox":[99.9662628,8.4230898,99.9666235,8.4233462]},"geometry":{"type":"Polygon","coordinates":[[[99.9664,8.42332],[99.96641,8.42323],[99.96635,8.42323],[99.96632,8.42331],[99.96629,8.42331],[99.96631,8.42321],[99.96626,8.42321],[99.96627,8.42309],[99.96662,8.42313],[99.96662,8.42324],[99.96659,8.42335],[99.9664,8.42332]]]}},{"type":"Feature","id":"way/768998827","properties":{"id":"way/768998827","building":"yes","_elevM":10,"_bbox":[99.9664203,8.4229671,99.9666433,8.4230952]},"geometry":{"type":"Polygon","coordinates":[[[99.96642,8.42306],[99.96644,8.42297],[99.96664,8.423],[99.96663,8.4231],[99.96642,8.42306]]]}},{"type":"Feature","id":"way/768998828","properties":{"id":"way/768998828","building":"yes","_elevM":10,"_bbox":[99.9662803,8.4229847,99.9663679,8.4230759]},"geometry":{"type":"Polygon","coordinates":[[[99.96628,8.42306],[99.96629,8.42298],[99.96637,8.423],[99.96636,8.42308],[99.96628,8.42306]]]}},{"type":"Feature","id":"way/768998829","properties":{"id":"way/768998829","building":"yes","_elevM":10,"_bbox":[99.9663607,8.4224007,99.9668314,8.4229484]},"geometry":{"type":"Polygon","coordinates":[[[99.96636,8.42294],[99.96644,8.42257],[99.96646,8.4224],[99.96653,8.4224],[99.96653,8.42247],[99.96683,8.42254],[99.96681,8.42261],[99.96652,8.42259],[99.96643,8.42295],[99.96636,8.42294]]]}},{"type":"Feature","id":"way/768998830","properties":{"id":"way/768998830","building":"yes","_elevM":10,"_bbox":[99.9661478,8.4226646,99.9662686,8.4227543]},"geometry":{"type":"Polygon","coordinates":[[[99.96615,8.42273],[99.96618,8.42266],[99.96627,8.42268],[99.96625,8.42275],[99.96615,8.42273]]]}},{"type":"Feature","id":"way/768998832","properties":{"id":"way/768998832","building":"yes","_elevM":10,"_bbox":[99.966016,8.4219798,99.9664946,8.4226392]},"geometry":{"type":"Polygon","coordinates":[[[99.96602,8.4226],[99.96604,8.42246],[99.96615,8.42249],[99.9662,8.4224],[99.96616,8.42239],[99.96613,8.42243],[99.96605,8.42239],[99.96607,8.42221],[99.96618,8.42221],[99.96621,8.42208],[99.9661,8.42205],[99.96614,8.42198],[99.96649,8.42204],[99.96646,8.42212],[99.96633,8.4221],[99.9663,8.42224],[99.96638,8.42226],[99.96638,8.42238],[99.96631,8.4224],[99.96628,8.42251],[99.96628,8.42262],[99.96614,8.42261],[99.96611,8.42264],[99.96602,8.4226]]]}},{"type":"Feature","id":"way/768998833","properties":{"id":"way/768998833","building":"yes","_elevM":10,"_bbox":[99.9663451,8.4224664,99.9664391,8.4225989]},"geometry":{"type":"Polygon","coordinates":[[[99.96635,8.42258],[99.96637,8.42247],[99.96644,8.42248],[99.96641,8.4226],[99.96635,8.42258]]]}},{"type":"Feature","id":"way/768998834","properties":{"id":"way/768998834","building":"yes","_elevM":10,"_bbox":[99.9664575,8.422104,99.9665491,8.4222574]},"geometry":{"type":"Polygon","coordinates":[[[99.96646,8.42225],[99.96648,8.4221],[99.96655,8.42212],[99.96652,8.42226],[99.96646,8.42225]]]}},{"type":"Feature","id":"way/768998835","properties":{"id":"way/768998835","building":"yes","_elevM":10,"_bbox":[99.966602,8.4221345,99.9667333,8.4223999]},"geometry":{"type":"Polygon","coordinates":[[[99.9666,8.42238],[99.96665,8.42213],[99.96673,8.42215],[99.96669,8.4224],[99.9666,8.42238]]]}},{"type":"Feature","id":"way/768998836","properties":{"id":"way/768998836","building":"yes","_elevM":10,"_bbox":[99.9661601,8.4218472,99.9665678,8.4219958]},"geometry":{"type":"Polygon","coordinates":[[[99.96624,8.42195],[99.96624,8.42192],[99.96616,8.4219],[99.96617,8.42185],[99.96657,8.42193],[99.96654,8.42198],[99.96646,8.42196],[99.96646,8.422],[99.96624,8.42195]]]}},{"type":"Feature","id":"way/768998837","properties":{"id":"way/768998837","building":"yes","_elevM":10,"_bbox":[99.9668682,8.4234844,99.9670238,8.4236317]},"geometry":{"type":"Polygon","coordinates":[[[99.96687,8.42361],[99.9669,8.42348],[99.96702,8.42349],[99.96701,8.42363],[99.96687,8.42361]]]}},{"type":"Feature","id":"way/768998838","properties":{"id":"way/768998838","building":"yes","_elevM":10,"_bbox":[99.966553,8.4233916,99.9667247,8.4235601]},"geometry":{"type":"Polygon","coordinates":[[[99.96656,8.42355],[99.96655,8.42349],[99.96664,8.42339],[99.96672,8.42341],[99.96672,8.42356],[99.96656,8.42355]]]}},{"type":"Feature","id":"way/768998839","properties":{"id":"way/768998839","building":"yes","_elevM":10,"_bbox":[99.9666324,8.4229642,99.9669575,8.4233748]},"geometry":{"type":"Polygon","coordinates":[[[99.96664,8.42337],[99.96663,8.42332],[99.96674,8.42296],[99.96696,8.42296],[99.96696,8.42306],[99.96687,8.42308],[99.96686,8.42316],[99.9668,8.42315],[99.96672,8.42337],[99.96664,8.42337]]]}},{"type":"Feature","id":"way/768998840","properties":{"id":"way/768998840","building":"yes","_elevM":10,"_bbox":[99.9670546,8.4233906,99.9671776,8.4235166]},"geometry":{"type":"Polygon","coordinates":[[[99.96705,8.4235],[99.96707,8.42339],[99.96718,8.4234],[99.96716,8.42352],[99.96705,8.4235]]]}},{"type":"Feature","id":"way/768998841","properties":{"id":"way/768998841","building":"yes","_elevM":10,"_bbox":[99.9668175,8.4233433,99.9669104,8.4234676]},"geometry":{"type":"Polygon","coordinates":[[[99.96682,8.42346],[99.96683,8.42335],[99.96691,8.42334],[99.96689,8.42347],[99.96682,8.42346]]]}},{"type":"Feature","id":"way/768998842","properties":{"id":"way/768998842","building":"yes","_elevM":10,"_bbox":[99.9669449,8.4233643,99.9670086,8.4234755]},"geometry":{"type":"Polygon","coordinates":[[[99.96694,8.42347],[99.96695,8.42337],[99.96701,8.42336],[99.967,8.42348],[99.96694,8.42347]]]}},{"type":"Feature","id":"way/768998843","properties":{"id":"way/768998843","building":"yes","_elevM":10,"_bbox":[99.9668741,8.423226,99.9669555,8.4233188]},"geometry":{"type":"Polygon","coordinates":[[[99.96688,8.42331],[99.96687,8.42323],[99.96696,8.42323],[99.96696,8.42332],[99.96688,8.42331]]]}},{"type":"Feature","id":"way/768998844","properties":{"id":"way/768998844","building":"yes","_elevM":10,"_bbox":[99.9669236,8.4231201,99.9670608,8.4232077]},"geometry":{"type":"Polygon","coordinates":[[[99.96693,8.42321],[99.96692,8.42312],[99.96706,8.42312],[99.96705,8.42321],[99.96693,8.42321]]]}},{"type":"Feature","id":"way/768998845","properties":{"id":"way/768998845","building":"yes","_elevM":10,"_bbox":[99.9669767,8.4229813,99.9672439,8.4230942]},"geometry":{"type":"Polygon","coordinates":[[[99.96698,8.42308],[99.96698,8.42298],[99.96724,8.42299],[99.96723,8.42309],[99.96698,8.42308]]]}},{"type":"Feature","id":"way/768998846","properties":{"id":"way/768998846","building":"yes","_elevM":10,"_bbox":[99.9671997,8.4231525,99.9672961,8.4232462]},"geometry":{"type":"Polygon","coordinates":[[[99.9672,8.42324],[99.96721,8.42315],[99.9673,8.42315],[99.96729,8.42325],[99.9672,8.42324]]]}},{"type":"Feature","id":"way/768998847","properties":{"id":"way/768998847","building":"yes","_elevM":10,"_bbox":[99.967359,8.423009,99.9674448,8.4231551]},"geometry":{"type":"Polygon","coordinates":[[[99.96736,8.42315],[99.96738,8.42301],[99.96744,8.42301],[99.96742,8.42316],[99.96736,8.42315]]]}},{"type":"Feature","id":"way/768998848","properties":{"id":"way/768998848","building":"yes","_elevM":10,"_bbox":[99.9671325,8.4231123,99.9671758,8.4231937]},"geometry":{"type":"Polygon","coordinates":[[[99.96713,8.42319],[99.96714,8.42311],[99.96718,8.42311],[99.96717,8.42319],[99.96713,8.42319]]]}},{"type":"Feature","id":"way/768998849","properties":{"id":"way/768998849","building":"yes","_elevM":10,"_bbox":[99.9670052,8.4226823,99.9671487,8.4228521]},"geometry":{"type":"Polygon","coordinates":[[[99.96701,8.42284],[99.96702,8.42268],[99.96715,8.4227],[99.96712,8.42285],[99.96701,8.42284]]]}},{"type":"Feature","id":"way/768998850","properties":{"id":"way/768998850","building":"yes","_elevM":10,"_bbox":[99.9669652,8.4224719,99.9671136,8.4226449]},"geometry":{"type":"Polygon","coordinates":[[[99.96697,8.42263],[99.96698,8.42254],[99.96701,8.42254],[99.96702,8.42247],[99.96711,8.42249],[99.96709,8.42264],[99.96697,8.42263]]]}},{"type":"Feature","id":"way/768998852","properties":{"id":"way/768998852","building":"yes","_elevM":10,"_bbox":[99.9661539,8.4214151,99.9665308,8.4218055]},"geometry":{"type":"Polygon","coordinates":[[[99.96615,8.42178],[99.96624,8.42142],[99.96651,8.42148],[99.96651,8.42154],[99.96642,8.42155],[99.9664,8.42159],[99.96649,8.42162],[99.96648,8.42167],[99.96653,8.42168],[99.96652,8.42175],[99.96644,8.42173],[99.96645,8.42168],[99.96635,8.42166],[99.96628,8.42181],[99.96615,8.42178]]]}},{"type":"Feature","id":"way/768998854","properties":{"id":"way/768998854","building":"yes","_elevM":10,"_bbox":[99.9667223,8.4215422,99.9668727,8.4218469]},"geometry":{"type":"Polygon","coordinates":[[[99.96672,8.42182],[99.96679,8.42154],[99.96687,8.42157],[99.9668,8.42185],[99.96672,8.42182]]]}},{"type":"Feature","id":"way/768998855","properties":{"id":"way/768998855","building":"yes","_elevM":10,"_bbox":[99.9665657,8.4215342,99.9666765,8.4217162]},"geometry":{"type":"Polygon","coordinates":[[[99.96657,8.4217],[99.96659,8.42153],[99.96668,8.42156],[99.96664,8.42172],[99.96657,8.4217]]]}},{"type":"Feature","id":"way/768998856","properties":{"id":"way/768998856","building":"yes","_elevM":10,"_bbox":[99.9666989,8.4214658,99.9669062,8.4215774]},"geometry":{"type":"Polygon","coordinates":[[[99.9667,8.42156],[99.96673,8.42147],[99.96691,8.42152],[99.9669,8.42157],[99.96678,8.42153],[99.96677,8.42158],[99.9667,8.42156]]]}},{"type":"Feature","id":"way/768998857","properties":{"id":"way/768998857","building":"yes","_elevM":10,"_bbox":[99.9662598,8.4209239,99.9668282,8.4214786]},"geometry":{"type":"Polygon","coordinates":[[[99.96626,8.42137],[99.96629,8.42131],[99.96655,8.42137],[99.96657,8.4213],[99.96652,8.42129],[99.96651,8.42132],[99.9664,8.42128],[99.96642,8.42117],[99.96651,8.42118],[99.96652,8.42115],[99.9664,8.42113],[99.96644,8.42095],[99.96663,8.42099],[99.96663,8.42092],[99.96683,8.42095],[99.96681,8.42117],[99.96673,8.42118],[99.96667,8.42148],[99.96626,8.42137]]]}},{"type":"Feature","id":"way/768998858","properties":{"id":"way/768998858","building":"yes","_elevM":10,"_bbox":[99.9664321,8.4208651,99.9665033,8.4209415]},"geometry":{"type":"Polygon","coordinates":[[[99.96643,8.42092],[99.96644,8.42087],[99.9665,8.42087],[99.96648,8.42094],[99.96643,8.42092]]]}},{"type":"Feature","id":"way/768998859","properties":{"id":"way/768998859","building":"yes","_elevM":10,"_bbox":[99.9667383,8.4208711,99.9676379,8.4218434]},"geometry":{"type":"Polygon","coordinates":[[[99.96679,8.42125],[99.96697,8.42131],[99.96699,8.42124],[99.96708,8.42127],[99.96716,8.42096],[99.96701,8.42092],[99.96702,8.42087],[99.96731,8.42091],[99.96716,8.42137],[99.96764,8.42156],[99.96755,8.42184],[99.96743,8.4218],[99.9675,8.42161],[99.96674,8.42136],[99.96679,8.42125]]]}},{"type":"Feature","id":"way/768998860","properties":{"id":"way/768998860","building":"yes","_elevM":10,"_bbox":[99.9672337,8.420949,99.967622,8.4214417]},"geometry":{"type":"Polygon","coordinates":[[[99.96723,8.42137],[99.96732,8.42095],[99.96762,8.42101],[99.96753,8.42144],[99.96723,8.42137]]]}},{"type":"Feature","id":"way/768998861","properties":{"id":"way/768998861","building":"yes","_elevM":10,"_bbox":[99.9664776,8.4203377,99.9671484,8.4207359]},"geometry":{"type":"Polygon","coordinates":[[[99.96648,8.42065],[99.96652,8.42049],[99.96655,8.42049],[99.9666,8.42034],[99.96715,8.42052],[99.96711,8.42074],[99.96703,8.42072],[99.96706,8.42058],[99.9669,8.42052],[99.96689,8.42056],[99.96677,8.42054],[99.96675,8.42059],[99.96684,8.42063],[99.96683,8.42071],[99.96661,8.42068],[99.96661,8.42061],[99.96653,8.42059],[99.96653,8.42065],[99.96648,8.42065]]]}},{"type":"Feature","id":"way/768998862","properties":{"id":"way/768998862","building":"yes","_elevM":10,"_bbox":[99.9672547,8.4203617,99.9673512,8.4207716]},"geometry":{"type":"Polygon","coordinates":[[[99.96725,8.42076],[99.96729,8.42036],[99.96735,8.42038],[99.96732,8.42077],[99.96725,8.42076]]]}},{"type":"Feature","id":"way/768998863","properties":{"id":"way/768998863","building":"yes","_elevM":10,"_bbox":[99.9666955,8.4202163,99.9668375,8.4203408]},"geometry":{"type":"Polygon","coordinates":[[[99.9667,8.42031],[99.96672,8.42022],[99.96684,8.42025],[99.96681,8.42034],[99.9667,8.42031]]]}},{"type":"Feature","id":"way/768998864","properties":{"id":"way/768998864","building":"yes","_elevM":10,"_bbox":[99.9671134,8.4202848,99.9672283,8.4204155]},"geometry":{"type":"Polygon","coordinates":[[[99.96711,8.4204],[99.96713,8.42028],[99.96723,8.4203],[99.96721,8.42042],[99.96711,8.4204]]]}},{"type":"Feature","id":"way/768998865","properties":{"id":"way/768998865","building":"yes","_elevM":10,"_bbox":[99.9668883,8.4199691,99.9671394,8.4202637]},"geometry":{"type":"Polygon","coordinates":[[[99.96696,8.42025],[99.96698,8.42006],[99.96689,8.42005],[99.9669,8.41997],[99.96714,8.41999],[99.96711,8.42026],[99.96696,8.42025]]]}},{"type":"Feature","id":"way/768998866","properties":{"id":"way/768998866","building":"yes","_elevM":10,"_bbox":[99.9667092,8.4199662,99.966858,8.4200651]},"geometry":{"type":"Polygon","coordinates":[[[99.96671,8.42004],[99.96672,8.41997],[99.96686,8.41999],[99.96684,8.42007],[99.96671,8.42004]]]}},{"type":"Feature","id":"way/768998867","properties":{"id":"way/768998867","building":"yes","_elevM":10,"_bbox":[99.9667316,8.4193349,99.9672144,8.4199796]},"geometry":{"type":"Polygon","coordinates":[[[99.96673,8.41991],[99.9668,8.41933],[99.96721,8.4194],[99.96719,8.41956],[99.96713,8.41956],[99.96712,8.41963],[99.96718,8.41965],[99.96716,8.41972],[99.96703,8.41969],[99.96704,8.41962],[99.96699,8.41962],[99.96697,8.41969],[99.96704,8.41971],[99.96702,8.41982],[99.96697,8.41982],[99.96696,8.41986],[99.96703,8.41989],[99.96709,8.41983],[99.96718,8.41984],[99.96716,8.41998],[99.96693,8.41993],[99.96694,8.41987],[99.9669,8.41986],[99.96688,8.41993],[99.96673,8.41991]]]}},{"type":"Feature","id":"way/768998868","properties":{"id":"way/768998868","building":"yes","_elevM":10,"_bbox":[99.9667813,8.419254,99.9670321,8.4193662]},"geometry":{"type":"Polygon","coordinates":[[[99.96678,8.41931],[99.96681,8.41925],[99.96703,8.41929],[99.96701,8.41937],[99.96678,8.41931]]]}},{"type":"Feature","id":"way/768998869","properties":{"id":"way/768998869","building":"yes","_elevM":10,"_bbox":[99.9668255,8.4190934,99.9672453,8.4193853]},"geometry":{"type":"Polygon","coordinates":[[[99.9671,8.41936],[99.96712,8.41928],[99.96715,8.41928],[99.96715,8.41921],[99.96711,8.41921],[99.96709,8.41928],[99.96701,8.41926],[99.96701,8.41919],[99.96683,8.41917],[99.96688,8.41909],[99.96725,8.41918],[99.96721,8.41939],[99.9671,8.41936]]]}},{"type":"Feature","id":"way/768998870","properties":{"id":"way/768998870","building":"yes","_elevM":10,"_bbox":[99.96764,8.4193027,99.9679565,8.4195414]},"geometry":{"type":"Polygon","coordinates":[[[99.96764,8.41948],[99.96768,8.4193],[99.96796,8.41937],[99.96792,8.41954],[99.96764,8.41948]]]}},{"type":"Feature","id":"way/768998871","properties":{"id":"way/768998871","building":"yes","_elevM":10,"_bbox":[99.9673886,8.4205594,99.9675764,8.4207267]},"geometry":{"type":"Polygon","coordinates":[[[99.96739,8.42067],[99.96742,8.42056],[99.96758,8.4206],[99.96755,8.42071],[99.9675,8.4207],[99.96749,8.42073],[99.96743,8.42071],[99.96743,8.42068],[99.96739,8.42067]]]}},{"type":"Feature","id":"way/768998873","properties":{"id":"way/768998873","building":"yes","_elevM":10,"_bbox":[99.9668595,8.4184627,99.9672763,8.4190541]},"geometry":{"type":"Polygon","coordinates":[[[99.96686,8.41903],[99.96688,8.41885],[99.96698,8.41885],[99.967,8.41874],[99.9669,8.41872],[99.96694,8.41846],[99.96711,8.41849],[99.9671,8.41853],[99.96718,8.41854],[99.96715,8.41871],[99.9671,8.41871],[99.96709,8.41876],[99.96715,8.41877],[99.96714,8.41881],[99.96711,8.41881],[99.9671,8.41887],[99.96715,8.41887],[99.96716,8.41882],[99.96721,8.41883],[99.9672,8.41888],[99.96728,8.41889],[99.96726,8.41895],[99.96723,8.41895],[99.96722,8.41899],[99.96707,8.41899],[99.96706,8.41905],[99.96686,8.41903]]]}},{"type":"Feature","id":"way/770813014","properties":{"id":"way/770813014","building":"yes","_elevM":10,"_bbox":[99.9619396,8.4328416,99.9627572,8.4332903]},"geometry":{"type":"Polygon","coordinates":[[[99.96194,8.43325],[99.96198,8.43284],[99.96276,8.43291],[99.96273,8.4332],[99.96244,8.43318],[99.96242,8.43329],[99.96194,8.43325]]]}},{"type":"Feature","id":"way/770813017","properties":{"id":"way/770813017","building":"yes","_elevM":10,"_bbox":[99.9622404,8.4333447,99.9625996,8.4335162]},"geometry":{"type":"Polygon","coordinates":[[[99.96224,8.43348],[99.96226,8.43334],[99.9626,8.4334],[99.96258,8.43352],[99.96224,8.43348]]]}},{"type":"Feature","id":"way/770813018","properties":{"id":"way/770813018","building":"yes","mnType":"temple","_elevM":28,"_bbox":[99.9620408,8.4333442,99.9626569,8.433684]},"geometry":{"type":"Polygon","coordinates":[[[99.96213,8.43363],[99.96213,8.4335],[99.96204,8.4335],[99.96204,8.43335],[99.96215,8.43334],[99.96215,8.43355],[99.96246,8.43354],[99.96248,8.43352],[99.96265,8.43352],[99.96266,8.43359],[99.96256,8.4336],[99.96257,8.43368],[99.96249,8.43368],[99.96249,8.43362],[99.96213,8.43363]]]}},{"type":"Feature","id":"way/770813020","properties":{"id":"way/770813020","building":"yes","mnType":"temple","_elevM":28,"_bbox":[99.9617345,8.4332702,99.9625749,8.4342783]},"geometry":{"type":"Polygon","coordinates":[[[99.96173,8.43423],[99.96183,8.43327],[99.96199,8.43327],[99.96197,8.43344],[99.96202,8.43344],[99.96201,8.43372],[99.96191,8.43371],[99.96191,8.4338],[99.96204,8.43381],[99.96202,8.43408],[99.96214,8.43409],[99.96213,8.43413],[99.96257,8.43416],[99.96257,8.43428],[99.96173,8.43423]]]}},{"type":"Feature","id":"way/770813021","properties":{"id":"way/770813021","name":"วัดมเหยงคณ","building":"yes","mnType":"temple","_elevM":28,"_bbox":[99.962209,8.4339181,99.9624912,8.4340939]},"geometry":{"type":"Polygon","coordinates":[[[99.96221,8.43406],[99.96223,8.43392],[99.96249,8.43395],[99.96247,8.43409],[99.96221,8.43406]]]}},{"type":"Feature","id":"way/770813022","properties":{"id":"way/770813022","building":"yes","_elevM":10,"_bbox":[99.9613101,8.4342862,99.96262,8.4346673]},"geometry":{"type":"Polygon","coordinates":[[[99.96131,8.43445],[99.96134,8.43434],[99.96178,8.43439],[99.96181,8.43429],[99.96262,8.43436],[99.96257,8.43467],[99.96131,8.43445]]]}},{"type":"Feature","id":"way/770813023","properties":{"id":"way/770813023","building":"yes","_elevM":10,"_bbox":[99.9628862,8.4329488,99.9638985,8.4335419]},"geometry":{"type":"Polygon","coordinates":[[[99.96295,8.43295],[99.96338,8.433],[99.9639,8.43299],[99.96383,8.43326],[99.96379,8.43354],[99.96371,8.4335],[99.96369,8.43339],[99.96348,8.43331],[99.96289,8.43335],[99.96295,8.43295]]]}},{"type":"Feature","id":"way/770813025","properties":{"id":"way/770813025","building":"yes","_elevM":10,"_bbox":[99.9628484,8.4333773,99.9637778,8.4337686]},"geometry":{"type":"Polygon","coordinates":[[[99.96375,8.43377],[99.96354,8.43374],[99.96336,8.43376],[99.96316,8.43373],[99.96285,8.43371],[99.96289,8.43341],[99.96314,8.43339],[99.96334,8.43338],[99.96355,8.43341],[99.96362,8.43343],[99.96366,8.43359],[99.96378,8.43362],[99.96375,8.43377]]]}},{"type":"Feature","id":"way/770813026","properties":{"id":"way/770813026","building":"yes","_elevM":10,"_bbox":[99.9627701,8.4337731,99.9637539,8.4348006]},"geometry":{"type":"Polygon","coordinates":[[[99.96315,8.43473],[99.96315,8.43459],[99.96277,8.43461],[99.9628,8.43416],[99.96292,8.43418],[99.96292,8.43422],[99.96298,8.43424],[99.96301,8.43435],[99.96313,8.43435],[99.96312,8.43426],[99.96321,8.43426],[99.96321,8.43433],[99.96323,8.43432],[99.96324,8.43413],[99.96328,8.43411],[99.96327,8.434],[99.96329,8.434],[99.96332,8.43391],[99.96341,8.4339],[99.96343,8.43378],[99.96352,8.43377],[99.96353,8.43383],[99.96375,8.43383],[99.96364,8.4348],[99.96315,8.43473]]]}},{"type":"Feature","id":"way/770813027","properties":{"id":"way/770813027","building":"yes","_elevM":10,"_bbox":[99.9628311,8.4337349,99.9632742,8.4339541]},"geometry":{"type":"Polygon","coordinates":[[[99.96283,8.43394],[99.96285,8.43373],[99.96327,8.43377],[99.96326,8.43393],[99.96303,8.43395],[99.96283,8.43394]]]}},{"type":"Feature","id":"way/770813028","properties":{"id":"way/770813028","building":"yes","_elevM":10,"_bbox":[99.9628087,8.4339862,99.9632335,8.4342054]},"geometry":{"type":"Polygon","coordinates":[[[99.96281,8.43412],[99.96281,8.43399],[99.96323,8.43399],[99.96321,8.43421],[99.96314,8.43421],[99.96315,8.43414],[99.96281,8.43412]]]}},{"type":"Feature","id":"way/770813030","properties":{"id":"way/770813030","building":"yes","_elevM":10,"_bbox":[99.9638967,8.4333207,99.9645621,8.4338739]},"geometry":{"type":"Polygon","coordinates":[[[99.9639,8.43387],[99.96396,8.43332],[99.96422,8.43339],[99.96425,8.43334],[99.96442,8.43341],[99.96439,8.4335],[99.96456,8.43353],[99.96455,8.43362],[99.96436,8.43363],[99.96424,8.43359],[99.96426,8.43354],[99.96408,8.43348],[99.96406,8.43359],[99.96419,8.43363],[99.96417,8.43369],[99.96426,8.4337],[99.96426,8.43379],[99.96418,8.4338],[99.96419,8.43385],[99.9639,8.43387]]]}},{"type":"Feature","id":"way/770813031","properties":{"id":"way/770813031","building":"yes","_elevM":10,"_bbox":[99.9644612,8.4333995,99.9645639,8.433487]},"geometry":{"type":"Polygon","coordinates":[[[99.96446,8.43348],[99.96447,8.4334],[99.96456,8.43341],[99.96456,8.43349],[99.96446,8.43348]]]}},{"type":"Feature","id":"way/770813032","properties":{"id":"way/770813032","building":"yes","_elevM":10,"_bbox":[99.964848,8.4338807,99.9649315,8.4339741]},"geometry":{"type":"Polygon","coordinates":[[[99.96485,8.43396],[99.96487,8.43388],[99.96493,8.43389],[99.96491,8.43397],[99.96485,8.43396]]]}},{"type":"Feature","id":"way/770813033","properties":{"id":"way/770813033","building":"yes","_elevM":10,"_bbox":[99.9638948,8.4338835,99.9641903,8.4340148]},"geometry":{"type":"Polygon","coordinates":[[[99.96391,8.43399],[99.96389,8.43391],[99.96419,8.43388],[99.96418,8.43398],[99.96409,8.43401],[99.96391,8.43399]]]}},{"type":"Feature","id":"way/770813034","properties":{"id":"way/770813034","building":"yes","_elevM":10,"_bbox":[99.9642647,8.4337837,99.9644133,8.4339903]},"geometry":{"type":"Polygon","coordinates":[[[99.96426,8.43396],[99.96431,8.43378],[99.96441,8.43381],[99.96437,8.43399],[99.96426,8.43396]]]}},{"type":"Feature","id":"way/770813035","properties":{"id":"way/770813035","building":"yes","_elevM":10,"_bbox":[99.9645513,8.4335947,99.9648009,8.43388]},"geometry":{"type":"Polygon","coordinates":[[[99.96455,8.43388],[99.96456,8.43375],[99.9647,8.43371],[99.96471,8.43359],[99.9648,8.43361],[99.96478,8.43375],[99.9647,8.43374],[99.96469,8.4338],[99.96465,8.43381],[99.96464,8.43388],[99.96455,8.43388]]]}},{"type":"Feature","id":"way/770813036","properties":{"id":"way/770813036","building":"yes","_elevM":10,"_bbox":[99.9648823,8.4334529,99.9654096,8.4337522]},"geometry":{"type":"Polygon","coordinates":[[[99.96488,8.43369],[99.96489,8.43358],[99.96503,8.43359],[99.96506,8.43345],[99.96537,8.43348],[99.96533,8.43361],[99.96541,8.43363],[99.96538,8.43374],[99.96525,8.43375],[99.96506,8.43374],[99.96505,8.43371],[99.96488,8.43369]]]}},{"type":"Feature","id":"way/770813037","properties":{"id":"way/770813037","building":"yes","_elevM":10,"_bbox":[99.9657175,8.4334967,99.965875,8.4336525]},"geometry":{"type":"Polygon","coordinates":[[[99.96574,8.43351],[99.96587,8.4335],[99.96585,8.43365],[99.96572,8.43365],[99.96574,8.43351]]]}},{"type":"Feature","id":"way/770813038","properties":{"id":"way/770813038","building":"yes","_elevM":10,"_bbox":[99.9655069,8.4336367,99.9658608,8.4337802]},"geometry":{"type":"Polygon","coordinates":[[[99.96551,8.43371],[99.96552,8.43364],[99.96586,8.43369],[99.96586,8.43376],[99.96581,8.43378],[99.96572,8.43378],[99.96572,8.43375],[99.96551,8.43371]]]}},{"type":"Feature","id":"way/770813040","properties":{"id":"way/770813040","building":"yes","_elevM":10,"_bbox":[99.9648707,8.4337714,99.9658099,8.4343384]},"geometry":{"type":"Polygon","coordinates":[[[99.96525,8.43433],[99.96513,8.43432],[99.96516,8.43419],[99.96512,8.43417],[99.9651,8.43427],[99.96487,8.43422],[99.9649,8.43415],[99.96487,8.43414],[99.96489,8.43407],[99.96504,8.4341],[99.96502,8.43416],[99.96505,8.43416],[99.96509,8.43398],[99.96507,8.43397],[99.96505,8.43404],[99.96497,8.43404],[99.96499,8.43389],[99.96505,8.43387],[99.96499,8.43386],[99.965,8.4338],[99.96504,8.43377],[99.96512,8.43378],[99.96509,8.43388],[99.96514,8.43389],[99.96515,8.43384],[99.96524,8.43386],[99.96523,8.43392],[99.96529,8.43392],[99.96531,8.43385],[99.96523,8.43382],[99.96524,8.43377],[99.96581,8.43388],[99.96578,8.43409],[99.96526,8.43407],[99.96522,8.4342],[99.9654,8.43423],[99.96537,8.43434],[99.96525,8.43433]]]}},{"type":"Feature","id":"way/770813041","properties":{"id":"way/770813041","building":"yes","_elevM":10,"_bbox":[99.9654419,8.4341132,99.9659074,8.4343645]},"geometry":{"type":"Polygon","coordinates":[[[99.96544,8.43436],[99.96544,8.43424],[99.96556,8.43423],[99.96556,8.43419],[99.96566,8.43419],[99.96567,8.43411],[99.96591,8.43414],[99.96591,8.43435],[99.96572,8.43431],[99.96573,8.43422],[99.96567,8.43421],[99.96566,8.43428],[99.96556,8.43429],[99.96556,8.43436],[99.96544,8.43436]]]}},{"type":"Feature","id":"way/770813042","properties":{"id":"way/770813042","building":"yes","_elevM":10,"_bbox":[99.9642662,8.434623,99.9644131,8.4349118]},"geometry":{"type":"Polygon","coordinates":[[[99.96427,8.4349],[99.96429,8.43462],[99.96441,8.43463],[99.96438,8.43491],[99.96427,8.4349]]]}},{"type":"Feature","id":"way/770813043","properties":{"id":"way/770813043","building":"yes","_elevM":10,"_bbox":[99.9644414,8.434777,99.9649882,8.4349923]},"geometry":{"type":"Polygon","coordinates":[[[99.96444,8.43491],[99.96446,8.43478],[99.96499,8.43484],[99.96498,8.43499],[99.96444,8.43491]]]}},{"type":"Feature","id":"way/770813044","properties":{"id":"way/770813044","building":"yes","_elevM":10,"_bbox":[99.9644662,8.4344444,99.9645547,8.434672]},"geometry":{"type":"Polygon","coordinates":[[[99.96447,8.43466],[99.96449,8.43444],[99.96455,8.43445],[99.96453,8.43467],[99.96447,8.43466]]]}},{"type":"Feature","id":"way/770813045","properties":{"id":"way/770813045","building":"yes","_elevM":10,"_bbox":[99.9645723,8.4344672,99.9650873,8.434658]},"geometry":{"type":"Polygon","coordinates":[[[99.96457,8.43459],[99.96459,8.43447],[99.96509,8.43453],[99.96507,8.43466],[99.96457,8.43459]]]}},{"type":"Feature","id":"way/770813046","properties":{"id":"way/770813046","building":"yes","_elevM":10,"_bbox":[99.9647175,8.4344182,99.9653687,8.4345512]},"geometry":{"type":"Polygon","coordinates":[[[99.96472,8.43447],[99.96472,8.43442],[99.96537,8.43449],[99.96536,8.43455],[99.96472,8.43447]]]}},{"type":"Feature","id":"way/770813047","properties":{"id":"way/770813047","building":"yes","_elevM":10,"_bbox":[99.965105,8.4345547,99.9653634,8.4347035]},"geometry":{"type":"Polygon","coordinates":[[[99.9651,8.43468],[99.96513,8.43455],[99.96536,8.43458],[99.96535,8.4347],[99.9651,8.43468]]]}},{"type":"Feature","id":"way/770813048","properties":{"id":"way/770813048","building":"yes","_elevM":10,"_bbox":[99.9650873,8.4347018,99.9653598,8.4349871]},"geometry":{"type":"Polygon","coordinates":[[[99.96509,8.43495],[99.96511,8.4347],[99.96536,8.43473],[99.96535,8.43499],[99.96509,8.43495]]]}},{"type":"Feature","id":"way/770813049","properties":{"id":"way/770813049","building":"yes","_elevM":10,"_bbox":[99.9662435,8.4344292,99.9699771,8.4353048]},"geometry":{"type":"Polygon","coordinates":[[[99.96624,8.43459],[99.96628,8.43443],[99.96833,8.43485],[99.96998,8.4352],[99.96997,8.4353],[99.96749,8.43483],[99.96624,8.43459]]]}},{"type":"Feature","id":"way/770813050","properties":{"id":"way/770813050","building":"yes","_elevM":10,"_bbox":[99.9702469,8.4352643,99.9706412,8.4355458]},"geometry":{"type":"Polygon","coordinates":[[[99.97025,8.43538],[99.97028,8.43526],[99.97064,8.43536],[99.9706,8.43555],[99.97041,8.43551],[99.97041,8.43543],[99.97025,8.43538]]]}},{"type":"Feature","id":"way/770813051","properties":{"id":"way/770813051","building":"yes","_elevM":10,"_bbox":[99.9660839,8.433889,99.9668278,8.4343635]},"geometry":{"type":"Polygon","coordinates":[[[99.96608,8.43406],[99.96612,8.43389],[99.96632,8.43393],[99.96629,8.43405],[99.96642,8.43408],[99.96646,8.43395],[99.96674,8.43404],[99.96671,8.43416],[99.96683,8.43417],[99.96682,8.43435],[99.96666,8.43436],[99.96666,8.43416],[99.9666,8.43415],[99.96658,8.43427],[99.96647,8.43427],[99.96647,8.43432],[99.96625,8.43428],[99.96628,8.43409],[99.96608,8.43406]]]}},{"type":"Feature","id":"way/770813052","properties":{"id":"way/770813052","building":"yes","_elevM":10,"_bbox":[99.9659716,8.4340105,99.9661226,8.434233]},"geometry":{"type":"Polygon","coordinates":[[[99.96602,8.43423],[99.96602,8.43417],[99.96598,8.43416],[99.96597,8.43403],[99.96607,8.43401],[99.96612,8.43423],[99.96602,8.43423]]]}},{"type":"Feature","id":"way/770813053","properties":{"id":"way/770813053","building":"yes","_elevM":10,"_bbox":[99.9659276,8.4337881,99.96611,8.4339579]},"geometry":{"type":"Polygon","coordinates":[[[99.96594,8.43392],[99.96593,8.43379],[99.96611,8.43383],[99.96609,8.43396],[99.96594,8.43392]]]}},{"type":"Feature","id":"way/770813054","properties":{"id":"way/770813054","building":"yes","_elevM":10,"_bbox":[99.9669817,8.434064,99.9673143,8.4344699]},"geometry":{"type":"Polygon","coordinates":[[[99.96701,8.43444],[99.96708,8.43428],[99.96698,8.43427],[99.96701,8.43406],[99.96731,8.43414],[99.96726,8.43432],[99.96721,8.43432],[99.9672,8.43447],[99.96701,8.43444]]]}},{"type":"Feature","id":"way/770813055","properties":{"id":"way/770813055","building":"yes","_elevM":10,"_bbox":[99.9673143,8.4342816,99.9674458,8.4344965]},"geometry":{"type":"Polygon","coordinates":[[[99.96731,8.43448],[99.96736,8.43428],[99.96745,8.43428],[99.96743,8.4345],[99.96731,8.43448]]]}},{"type":"Feature","id":"way/770813056","properties":{"id":"way/770813056","building":"yes","_elevM":10,"_bbox":[99.9675343,8.4343532,99.9676898,8.4345601]},"geometry":{"type":"Polygon","coordinates":[[[99.96753,8.43452],[99.96754,8.43435],[99.96769,8.43437],[99.96767,8.43456],[99.96753,8.43452]]]}},{"type":"Feature","id":"way/770813057","properties":{"id":"way/770813057","building":"yes","_elevM":10,"_bbox":[99.967553,8.4342073,99.9676228,8.434332]},"geometry":{"type":"Polygon","coordinates":[[[99.96755,8.43431],[99.96756,8.43421],[99.96762,8.43422],[99.96762,8.43433],[99.96755,8.43431]]]}},{"type":"Feature","id":"way/770813058","properties":{"id":"way/770813058","building":"yes","_elevM":10,"_bbox":[99.967781,8.4344195,99.9680439,8.4346026]},"geometry":{"type":"Polygon","coordinates":[[[99.96778,8.43455],[99.9678,8.43442],[99.96804,8.43448],[99.96802,8.4346],[99.96778,8.43455]]]}},{"type":"Feature","id":"way/770813059","properties":{"id":"way/770813059","building":"yes","_elevM":10,"_bbox":[99.9680439,8.434324,99.9688915,8.4348095]},"geometry":{"type":"Polygon","coordinates":[[[99.96804,8.43465],[99.96808,8.43432],[99.96819,8.43436],[99.96818,8.43448],[99.96825,8.4345],[99.96827,8.43437],[99.96836,8.43441],[99.96834,8.43456],[99.96889,8.43468],[99.96886,8.43481],[99.96822,8.43468],[99.96821,8.43461],[99.96814,8.4346],[99.96813,8.43464],[99.96804,8.43465]]]}},{"type":"Feature","id":"way/770813060","properties":{"id":"way/770813060","building":"yes","_elevM":10,"_bbox":[99.9689505,8.434592,99.9690283,8.4346822]},"geometry":{"type":"Polygon","coordinates":[[[99.96895,8.43466],[99.96897,8.43459],[99.96903,8.43461],[99.96901,8.43468],[99.96895,8.43466]]]}},{"type":"Feature","id":"way/770813061","properties":{"id":"way/770813061","building":"yes","_elevM":10,"_bbox":[99.969047,8.4346504,99.9696961,8.4349608]},"geometry":{"type":"Polygon","coordinates":[[[99.96905,8.43485],[99.96908,8.43471],[99.96938,8.43475],[99.96941,8.43465],[99.96949,8.43468],[99.96947,8.43479],[99.9697,8.43484],[99.96966,8.43496],[99.96905,8.43485]]]}},{"type":"Feature","id":"way/770813062","properties":{"id":"way/770813062","building":"yes","_elevM":10,"_bbox":[99.9698517,8.4348759,99.9700153,8.4350165]},"geometry":{"type":"Polygon","coordinates":[[[99.96985,8.43502],[99.96986,8.43488],[99.97002,8.43491],[99.97,8.43501],[99.96985,8.43502]]]}},{"type":"Feature","id":"way/770813063","properties":{"id":"way/770813063","building":"yes","_elevM":10,"_bbox":[99.969982,8.4352587,99.9702346,8.4353608]},"geometry":{"type":"Polygon","coordinates":[[[99.96998,8.43532],[99.97,8.43526],[99.97023,8.4353],[99.97022,8.43536],[99.96998,8.43532]]]}},{"type":"Feature","id":"way/770813064","properties":{"id":"way/770813064","building":"yes","_elevM":10,"_bbox":[99.9700036,8.435181,99.9701684,8.4352572]},"geometry":{"type":"Polygon","coordinates":[[[99.97,8.43522],[99.97001,8.43518],[99.97017,8.43521],[99.97016,8.43526],[99.97,8.43522]]]}},{"type":"Feature","id":"way/770813065","properties":{"id":"way/770813065","building":"yes","_elevM":10,"_bbox":[99.9703409,8.4349006,99.9707692,8.4352115]},"geometry":{"type":"Polygon","coordinates":[[[99.97046,8.43515],[99.9705,8.43501],[99.97034,8.43497],[99.97034,8.4349],[99.97077,8.435],[99.97073,8.4352],[99.9707,8.43521],[99.97046,8.43515]]]}},{"type":"Feature","id":"way/770813066","properties":{"id":"way/770813066","building":"yes","_elevM":10,"_bbox":[99.9695386,8.4343086,99.9708532,8.4348675]},"geometry":{"type":"Polygon","coordinates":[[[99.96954,8.43458],[99.9696,8.43438],[99.96982,8.43443],[99.96983,8.43434],[99.97041,8.4345],[99.97043,8.43444],[99.97051,8.43447],[99.97057,8.43431],[99.97085,8.4344],[99.97083,8.43463],[99.97077,8.43487],[99.97059,8.43482],[99.97065,8.43469],[99.97053,8.43464],[99.97046,8.43482],[99.97034,8.43478],[99.97036,8.43473],[99.97028,8.43471],[99.97029,8.43468],[99.97018,8.43465],[99.97016,8.43472],[99.96954,8.43458]]]}},{"type":"Feature","id":"way/770813067","properties":{"id":"way/770813067","building":"yes","_elevM":10,"_bbox":[99.969148,8.4343053,99.9693838,8.4345064]},"geometry":{"type":"Polygon","coordinates":[[[99.96915,8.43442],[99.96918,8.43433],[99.96927,8.43435],[99.96928,8.43431],[99.96938,8.43432],[99.96934,8.43451],[99.96924,8.43448],[99.96924,8.43445],[99.96915,8.43442]]]}},{"type":"Feature","id":"way/770813068","properties":{"id":"way/770813068","building":"yes","_elevM":10,"_bbox":[99.9693086,8.4339394,99.9697049,8.4342671]},"geometry":{"type":"Polygon","coordinates":[[[99.96938,8.4342],[99.96941,8.43408],[99.96931,8.43408],[99.96932,8.43394],[99.9697,8.43406],[99.96964,8.43427],[99.96938,8.4342]]]}},{"type":"Feature","id":"way/770813069","properties":{"id":"way/770813069","building":"yes","_elevM":10,"_bbox":[99.9687882,8.4338147,99.9692537,8.4342772]},"geometry":{"type":"Polygon","coordinates":[[[99.96915,8.43391],[99.96925,8.43395],[99.96914,8.43428],[99.96887,8.43421],[99.96891,8.43407],[99.96886,8.43407],[99.9689,8.43399],[99.96885,8.43397],[99.96887,8.43392],[99.96879,8.43391],[99.96881,8.43381],[99.96909,8.43389],[99.96903,8.43413],[99.96909,8.43415],[99.96915,8.43391]]]}},{"type":"Feature","id":"way/770813070","properties":{"id":"way/770813070","building":"yes","_elevM":10,"_bbox":[99.9678024,8.4335634,99.9687049,8.4343113]},"geometry":{"type":"Polygon","coordinates":[[[99.96844,8.43427],[99.96847,8.43421],[99.96833,8.43419],[99.96834,8.43415],[99.96825,8.43414],[99.96826,8.43405],[99.96811,8.43401],[99.96807,8.43414],[99.96799,8.43412],[99.96803,8.43397],[99.9678,8.43392],[99.96789,8.43356],[99.96815,8.43364],[99.96811,8.43378],[99.96825,8.43382],[99.96829,8.43367],[99.96837,8.43369],[99.96831,8.43387],[99.96833,8.43388],[99.96831,8.43394],[99.96848,8.43399],[99.96852,8.43386],[99.96844,8.43384],[99.96847,8.43372],[99.96864,8.43378],[99.96862,8.43389],[99.9687,8.43391],[99.96868,8.43406],[99.96859,8.43403],[99.96857,8.43412],[99.9686,8.43414],[99.96856,8.43431],[99.96844,8.43427]]]}},{"type":"Feature","id":"way/770813071","properties":{"id":"way/770813071","building":"yes","_elevM":10,"_bbox":[99.9672882,8.4334106,99.9678106,8.4337805]},"geometry":{"type":"Polygon","coordinates":[[[99.96757,8.4335],[99.96781,8.43354],[99.96775,8.43378],[99.96729,8.43368],[99.96736,8.43341],[99.96743,8.43343],[99.96739,8.43359],[99.96757,8.43364],[99.96757,8.4335]]]}},{"type":"Feature","id":"way/770813072","properties":{"id":"way/770813072","building":"yes","_elevM":10,"_bbox":[99.9671926,8.4337162,99.9677638,8.4339354]},"geometry":{"type":"Polygon","coordinates":[[[99.9674,8.43385],[99.96737,8.43394],[99.96725,8.43392],[99.96725,8.4339],[99.96719,8.43388],[99.96722,8.43372],[99.96776,8.43385],[99.96774,8.43393],[99.9674,8.43385]]]}},{"type":"Feature","id":"way/770813073","properties":{"id":"way/770813073","building":"yes","_elevM":10,"_bbox":[99.9669402,8.4335192,99.9671272,8.4339575]},"geometry":{"type":"Polygon","coordinates":[[[99.96695,8.43395],[99.96702,8.43363],[99.96694,8.43362],[99.96696,8.43352],[99.96705,8.43353],[99.96704,8.43358],[99.96713,8.4336],[99.96707,8.43385],[99.96705,8.43384],[99.96702,8.43396],[99.96695,8.43395]]]}},{"type":"Feature","id":"way/770813074","properties":{"id":"way/770813074","building":"yes","_elevM":10,"_bbox":[99.9668227,8.4333121,99.9670626,8.4335051]},"geometry":{"type":"Polygon","coordinates":[[[99.96682,8.43347],[99.96684,8.4334],[99.96686,8.4334],[99.96689,8.43331],[99.96706,8.43335],[99.96702,8.43348],[99.96696,8.43347],[99.96695,8.43351],[99.96682,8.43347]]]}},{"type":"Feature","id":"way/770813075","properties":{"id":"way/770813075","building":"yes","_elevM":10,"_bbox":[99.9659344,8.433487,99.9669264,8.4339132]},"geometry":{"type":"Polygon","coordinates":[[[99.96598,8.43349],[99.96621,8.43354],[99.96677,8.43369],[99.96682,8.43377],[99.96693,8.43378],[99.96689,8.43391],[99.96657,8.43386],[99.9666,8.43377],[99.96653,8.43375],[99.96652,8.43378],[99.96646,8.43377],[99.96644,8.43382],[99.96639,8.43381],[99.96641,8.43378],[99.96615,8.43374],[99.96618,8.43363],[99.96611,8.43363],[99.96606,8.43372],[99.96596,8.4337],[99.96593,8.4336],[99.96598,8.43349]]]}},{"type":"Feature","id":"way/770813076","properties":{"id":"way/770813076","building":"yes","_elevM":10,"_bbox":[99.9659792,8.4328416,99.9664365,8.4330748]},"geometry":{"type":"Polygon","coordinates":[[[99.96598,8.43297],[99.96598,8.43284],[99.96608,8.43284],[99.96607,8.43291],[99.96616,8.43292],[99.96616,8.4329],[99.96631,8.43289],[99.9663,8.43294],[99.96636,8.43294],[99.96637,8.4329],[99.96644,8.4329],[99.96643,8.43299],[99.96637,8.43298],[99.96636,8.43307],[99.96625,8.43307],[99.96626,8.43301],[99.96617,8.433],[99.96617,8.43306],[99.96607,8.43306],[99.96606,8.43298],[99.96598,8.43297]]]}},{"type":"Feature","id":"way/770813077","properties":{"id":"way/770813077","building":"yes","_elevM":10,"_bbox":[99.9665625,8.4329481,99.9667007,8.4330326]},"geometry":{"type":"Polygon","coordinates":[[[99.96656,8.433],[99.96657,8.43295],[99.9667,8.43298],[99.96668,8.43303],[99.96656,8.433]]]}},{"type":"Feature","id":"way/770813078","properties":{"id":"way/770813078","building":"yes","_elevM":10,"_bbox":[99.966719,8.4329823,99.9676256,8.4333382]},"geometry":{"type":"Polygon","coordinates":[[[99.96672,8.43311],[99.96676,8.43298],[99.96686,8.433],[99.96763,8.43323],[99.9676,8.43334],[99.96732,8.43328],[99.96698,8.4332],[99.96701,8.43313],[99.96697,8.43311],[99.96693,8.43319],[99.96672,8.43311]]]}},{"type":"Feature","id":"way/770813079","properties":{"id":"way/770813079","building":"yes","_elevM":10,"_bbox":[99.9676886,8.4332678,99.9677862,8.4334045]},"geometry":{"type":"Polygon","coordinates":[[[99.96769,8.43339],[99.96772,8.43327],[99.96779,8.43328],[99.96776,8.4334],[99.96769,8.43339]]]}},{"type":"Feature","id":"way/770813080","properties":{"id":"way/770813080","building":"yes","_elevM":10,"_bbox":[99.967841,8.433294,99.9679366,8.4334407]},"geometry":{"type":"Polygon","coordinates":[[[99.96784,8.43342],[99.96788,8.43329],[99.96794,8.43331],[99.9679,8.43344],[99.96784,8.43342]]]}},{"type":"Feature","id":"way/770813081","properties":{"id":"way/770813081","building":"yes","_elevM":10,"_bbox":[99.9680768,8.4333603,99.9686297,8.4336539]},"geometry":{"type":"Polygon","coordinates":[[[99.96808,8.43351],[99.96812,8.43336],[99.96863,8.4335],[99.96859,8.43365],[99.96808,8.43351]]]}},{"type":"Feature","id":"way/770813082","properties":{"id":"way/770813082","building":"yes","_elevM":10,"_bbox":[99.96865,8.4335192,99.9687435,8.433688]},"geometry":{"type":"Polygon","coordinates":[[[99.96865,8.43366],[99.96868,8.43352],[99.96874,8.43354],[99.96872,8.43369],[99.96865,8.43366]]]}},{"type":"Feature","id":"way/770813083","properties":{"id":"way/770813083","building":"yes","_elevM":10,"_bbox":[99.9688187,8.4335634,99.9691643,8.4337966]},"geometry":{"type":"Polygon","coordinates":[[[99.96882,8.43372],[99.96885,8.43356],[99.96916,8.43364],[99.96914,8.4338],[99.96882,8.43372]]]}},{"type":"Feature","id":"way/770813084","properties":{"id":"way/770813084","building":"yes","_elevM":10,"_bbox":[99.9693553,8.4337061,99.9696033,8.4339032]},"geometry":{"type":"Polygon","coordinates":[[[99.96936,8.43384],[99.9694,8.43371],[99.9696,8.43376],[99.96956,8.4339],[99.96936,8.43384]]]}},{"type":"Feature","id":"way/770813085","properties":{"id":"way/770813085","building":"yes","_elevM":10,"_bbox":[99.9695993,8.4337745,99.9698147,8.4339655]},"geometry":{"type":"Polygon","coordinates":[[[99.9696,8.43391],[99.96964,8.43377],[99.96981,8.43382],[99.96977,8.43397],[99.9696,8.43391]]]}},{"type":"Feature","id":"way/770813086","properties":{"id":"way/770813086","building":"yes","_elevM":10,"_bbox":[99.9703066,8.4336579,99.9709387,8.4342369]},"geometry":{"type":"Polygon","coordinates":[[[99.97045,8.43388],[99.97031,8.43382],[99.97032,8.43366],[99.97094,8.43383],[99.97084,8.43424],[99.97039,8.4341],[99.97045,8.43388]]]}},{"type":"Feature","id":"way/770813087","properties":{"id":"way/770813087","building":"yes","_elevM":10,"_bbox":[99.9694204,8.4335332,99.9699387,8.4337866]},"geometry":{"type":"Polygon","coordinates":[[[99.96978,8.43363],[99.96994,8.43369],[99.9699,8.43379],[99.96942,8.43364],[99.96942,8.43353],[99.9696,8.43358],[99.96978,8.43363]]]}},{"type":"Feature","id":"way/770813088","properties":{"id":"way/770813088","building":"yes","_elevM":10,"_bbox":[99.9692212,8.4334749,99.9693777,8.4336277]},"geometry":{"type":"Polygon","coordinates":[[[99.96922,8.43358],[99.96926,8.43347],[99.96938,8.43351],[99.96935,8.43363],[99.96922,8.43358]]]}},{"type":"Feature","id":"way/770813089","properties":{"id":"way/770813089","building":"yes","_elevM":10,"_bbox":[99.9676927,8.4328938,99.9691887,8.4335634]},"geometry":{"type":"Polygon","coordinates":[[[99.96769,8.43317],[99.96773,8.43302],[99.96785,8.43305],[99.96789,8.43289],[99.96813,8.43296],[99.96805,8.4331],[99.96822,8.43314],[99.96825,8.43301],[99.96876,8.43316],[99.96872,8.43329],[99.96919,8.43344],[99.96913,8.43356],[99.96769,8.43317]]]}},{"type":"Feature","id":"way/770813090","properties":{"id":"way/770813090","building":"yes","_elevM":10,"_bbox":[99.9673146,8.432741,99.9675301,8.4331009]},"geometry":{"type":"Polygon","coordinates":[[[99.96739,8.43308],[99.96744,8.43291],[99.96731,8.43288],[99.96737,8.43274],[99.96747,8.43277],[99.96745,8.43281],[99.96753,8.43281],[99.96747,8.4331],[99.96739,8.43308]]]}},{"type":"Feature","id":"way/770813091","properties":{"id":"way/770813091","building":"yes","_elevM":10,"_bbox":[99.9659893,8.4323852,99.967217,8.4329883]},"geometry":{"type":"Polygon","coordinates":[[[99.96599,8.43268],[99.96601,8.43252],[99.96605,8.43251],[99.96608,8.43239],[99.96623,8.43241],[99.96623,8.43245],[99.96628,8.43246],[99.96627,8.43256],[99.96634,8.43259],[99.96637,8.43247],[99.9663,8.43245],[99.96631,8.43241],[99.96649,8.43245],[99.96647,8.43253],[99.96662,8.43257],[99.96665,8.4325],[99.96707,8.4326],[99.96722,8.43268],[99.96713,8.43299],[99.96705,8.43298],[99.96708,8.43278],[99.96705,8.43277],[99.96697,8.43296],[99.9669,8.43296],[99.96689,8.43291],[99.96683,8.43287],[99.96685,8.43283],[99.96677,8.43282],[99.96674,8.43288],[99.96668,8.43285],[99.96667,8.43288],[99.96643,8.43282],[99.96643,8.43279],[99.96637,8.43278],[99.96636,8.4327],[99.96633,8.4327],[99.96632,8.43277],[99.96599,8.43268]]]}},{"type":"Feature","id":"way/770813092","properties":{"id":"way/770813092","building":"yes","_elevM":10,"_bbox":[99.9659914,8.4320996,99.9661214,8.4322404]},"geometry":{"type":"Polygon","coordinates":[[[99.96599,8.43221],[99.96602,8.4321],[99.96612,8.43213],[99.9661,8.43224],[99.96599,8.43221]]]}},{"type":"Feature","id":"way/770813093","properties":{"id":"way/770813093","building":"yes","_elevM":10,"_bbox":[99.9668471,8.432351,99.9672597,8.4325963]},"geometry":{"type":"Polygon","coordinates":[[[99.96685,8.43248],[99.96687,8.43235],[99.96726,8.43247],[99.96721,8.4326],[99.96685,8.43248]]]}},{"type":"Feature","id":"way/770813094","properties":{"id":"way/770813094","building":"yes","_elevM":10,"_bbox":[99.967528,8.432552,99.9678817,8.4327953]},"geometry":{"type":"Polygon","coordinates":[[[99.96753,8.43267],[99.96754,8.43255],[99.96788,8.43265],[99.96784,8.4328],[99.96767,8.43276],[99.96766,8.43272],[99.96753,8.43267]]]}},{"type":"Feature","id":"way/770813095","properties":{"id":"way/770813095","building":"yes","_elevM":10,"_bbox":[99.9673626,8.4325186,99.9674431,8.432646]},"geometry":{"type":"Polygon","coordinates":[[[99.96736,8.43263],[99.96739,8.43252],[99.96744,8.43253],[99.96741,8.43265],[99.96736,8.43263]]]}},{"type":"Feature","id":"way/770813096","properties":{"id":"way/770813096","building":"yes","_elevM":10,"_bbox":[99.9680931,8.432733,99.9684793,8.4329702]},"geometry":{"type":"Polygon","coordinates":[[[99.9681,8.43289],[99.96812,8.43284],[99.96809,8.43282],[99.96811,8.43273],[99.96824,8.43276],[99.96823,8.43278],[99.96831,8.43281],[99.96832,8.43279],[99.96841,8.43281],[99.9684,8.43284],[99.96848,8.43286],[99.96844,8.43297],[99.96835,8.43294],[99.96826,8.43293],[99.9681,8.43289]]]}},{"type":"Feature","id":"way/770813097","properties":{"id":"way/770813097","building":"yes","_elevM":10,"_bbox":[99.9686236,8.4328878,99.9687476,8.4330527]},"geometry":{"type":"Polygon","coordinates":[[[99.96862,8.43303],[99.96868,8.43289],[99.96875,8.43291],[99.9687,8.43305],[99.96862,8.43303]]]}},{"type":"Feature","id":"way/770813098","properties":{"id":"way/770813098","building":"yes","_elevM":10,"_bbox":[99.9687618,8.4329341,99.9688777,8.4330889]},"geometry":{"type":"Polygon","coordinates":[[[99.96876,8.43307],[99.9688,8.43293],[99.96888,8.43295],[99.96884,8.43309],[99.96876,8.43307]]]}},{"type":"Feature","id":"way/770813099","properties":{"id":"way/770813099","building":"yes","_elevM":10,"_bbox":[99.9690037,8.4329964,99.9690789,8.4330708]},"geometry":{"type":"Polygon","coordinates":[[[99.969,8.43305],[99.96903,8.433],[99.96908,8.43301],[99.96907,8.43307],[99.969,8.43305]]]}},{"type":"Feature","id":"way/770813100","properties":{"id":"way/770813100","building":"yes","_elevM":10,"_bbox":[99.9691196,8.4330265,99.969209,8.4331894]},"geometry":{"type":"Polygon","coordinates":[[[99.96912,8.43317],[99.96914,8.43303],[99.96921,8.43305],[99.96919,8.43319],[99.96912,8.43317]]]}},{"type":"Feature","id":"way/770813101","properties":{"id":"way/770813101","building":"yes","_elevM":10,"_bbox":[99.9692395,8.4330647,99.9695789,8.433292]},"geometry":{"type":"Polygon","coordinates":[[[99.96924,8.43322],[99.96929,8.43306],[99.96958,8.43316],[99.96953,8.43329],[99.96924,8.43322]]]}},{"type":"Feature","id":"way/770813102","properties":{"id":"way/770813102","building":"yes","_elevM":10,"_bbox":[99.9695769,8.4331693,99.9699915,8.4334166]},"geometry":{"type":"Polygon","coordinates":[[[99.96958,8.43331],[99.96962,8.43317],[99.96993,8.43326],[99.96999,8.43329],[99.96996,8.4334],[99.9699,8.43338],[99.9699,8.43342],[99.96966,8.43334],[99.96969,8.4333],[99.96965,8.43329],[99.96964,8.43333],[99.96958,8.43331]]]}},{"type":"Feature","id":"way/770813103","properties":{"id":"way/770813103","building":"yes","_elevM":10,"_bbox":[99.9700058,8.433296,99.9702151,8.4335272]},"geometry":{"type":"Polygon","coordinates":[[[99.97001,8.43348],[99.97007,8.4333],[99.97022,8.43335],[99.97017,8.43353],[99.97001,8.43348]]]}},{"type":"Feature","id":"way/770813104","properties":{"id":"way/770813104","building":"yes","_elevM":10,"_bbox":[99.9703635,8.4334086,99.970583,8.4336478]},"geometry":{"type":"Polygon","coordinates":[[[99.97036,8.43358],[99.97042,8.43341],[99.97048,8.43342],[99.97047,8.43351],[99.97053,8.43353],[99.97053,8.43357],[99.97058,8.43358],[99.97055,8.43365],[99.97036,8.43358]]]}},{"type":"Feature","id":"way/770813105","properties":{"id":"way/770813105","building":"yes","_elevM":10,"_bbox":[99.9706013,8.4335011,99.9708473,8.4336559]},"geometry":{"type":"Polygon","coordinates":[[[99.9706,8.43357],[99.97062,8.4335],[99.97085,8.43358],[99.97082,8.43366],[99.9706,8.43357]]]}},{"type":"Feature","id":"way/770813106","properties":{"id":"way/770813106","building":"yes","_elevM":10,"_bbox":[99.9681719,8.4323973,99.9710864,8.4335036]},"geometry":{"type":"Polygon","coordinates":[[[99.9702,8.43301],[99.97063,8.43315],[99.97061,8.43321],[99.97068,8.43324],[99.9707,8.43319],[99.97075,8.4332],[99.97073,8.43326],[99.97089,8.43332],[99.97093,8.43325],[99.97109,8.43331],[99.97104,8.4335],[99.96877,8.43279],[99.96882,8.43268],[99.96852,8.43259],[99.9685,8.43268],[99.96839,8.43267],[99.96841,8.43257],[99.96833,8.43254],[99.9683,8.43266],[99.96817,8.43263],[99.9682,8.43253],[99.96825,8.43254],[99.96825,8.4325],[99.96822,8.43249],[99.96826,8.4324],[99.96923,8.4327],[99.96919,8.43281],[99.96935,8.43285],[99.9694,8.43275],[99.9696,8.43282],[99.96958,8.4329],[99.96989,8.43299],[99.96992,8.43292],[99.97003,8.43295],[99.97001,8.43303],[99.97018,8.43306],[99.9702,8.43301]]]}},{"type":"Feature","id":"way/770813107","properties":{"id":"way/770813107","building":"yes","_elevM":10,"_bbox":[99.966043,8.4318823,99.9678238,8.432443]},"geometry":{"type":"Polygon","coordinates":[[[99.96607,8.4319],[99.96649,8.43199],[99.96654,8.43188],[99.96754,8.43215],[99.96782,8.43223],[99.96779,8.43234],[99.96768,8.43231],[99.96763,8.43244],[99.96756,8.43242],[99.96758,8.43234],[99.96754,8.43233],[99.96756,8.43227],[99.96752,8.43227],[99.96748,8.43243],[99.9671,8.43232],[99.96713,8.43215],[99.96709,8.43215],[99.96704,8.4323],[99.96604,8.43201],[99.96607,8.4319]]]}},{"type":"Feature","id":"way/770813108","properties":{"id":"way/770813108","building":"yes","_elevM":10,"_bbox":[99.9676829,8.4323772,99.9678412,8.4325258]},"geometry":{"type":"Polygon","coordinates":[[[99.96768,8.43249],[99.9677,8.43238],[99.96784,8.43242],[99.96781,8.43253],[99.96768,8.43249]]]}},{"type":"Feature","id":"way/770813109","properties":{"id":"way/770813109","building":"yes","_elevM":10,"_bbox":[99.9678653,8.4322525,99.9682193,8.4324409]},"geometry":{"type":"Polygon","coordinates":[[[99.96791,8.43225],[99.96822,8.43235],[99.96817,8.43244],[99.96808,8.43242],[99.9681,8.43237],[99.96802,8.43235],[99.96799,8.4324],[99.96787,8.43237],[99.96791,8.43225]]]}},{"type":"Feature","id":"way/770813110","properties":{"id":"way/770813110","building":"yes","_elevM":10,"_bbox":[99.9679163,8.4324223,99.9680772,8.4325895]},"geometry":{"type":"Polygon","coordinates":[[[99.96792,8.43256],[99.96795,8.43242],[99.96808,8.43244],[99.96805,8.43259],[99.96792,8.43256]]]}},{"type":"Feature","id":"way/770813111","properties":{"id":"way/770813111","building":"yes","_elevM":10,"_bbox":[99.96613,8.4315097,99.9670285,8.4318784]},"geometry":{"type":"Polygon","coordinates":[[[99.96613,8.43168],[99.96614,8.43163],[99.96625,8.43167],[99.96628,8.43153],[99.96633,8.43155],[99.96635,8.43151],[99.96649,8.43154],[99.96644,8.43161],[99.96649,8.43161],[99.96652,8.43155],[99.9667,8.4316],[99.96666,8.43167],[99.96703,8.43176],[99.967,8.43188],[99.96613,8.43168]]]}},{"type":"Feature","id":"way/770813112","properties":{"id":"way/770813112","building":"yes","_elevM":10,"_bbox":[99.9661837,8.4312656,99.9665699,8.4314991]},"geometry":{"type":"Polygon","coordinates":[[[99.96618,8.43141],[99.96622,8.43127],[99.96635,8.43128],[99.96634,8.43133],[99.96643,8.43138],[99.96647,8.43133],[99.96657,8.43137],[99.96651,8.4315],[99.96644,8.43147],[99.96643,8.43149],[99.96632,8.43148],[99.96633,8.43145],[99.96618,8.43141]]]}},{"type":"Feature","id":"way/770813113","properties":{"id":"way/770813113","building":"yes","_elevM":10,"_bbox":[99.9666423,8.4314062,99.9670848,8.4316423]},"geometry":{"type":"Polygon","coordinates":[[[99.96664,8.43156],[99.96666,8.43144],[99.96675,8.43146],[99.96677,8.43141],[99.96686,8.43144],[99.96685,8.43146],[99.96696,8.4315],[99.96697,8.43148],[99.96708,8.43152],[99.96707,8.43164],[99.96687,8.4316],[99.96675,8.43157],[99.96675,8.4316],[99.96664,8.43156]]]}},{"type":"Feature","id":"way/770813114","properties":{"id":"way/770813114","building":"yes","_elevM":10,"_bbox":[99.9670613,8.4317951,99.9671739,8.431919]},"geometry":{"type":"Polygon","coordinates":[[[99.96706,8.4319],[99.96708,8.4318],[99.96717,8.43181],[99.96715,8.43192],[99.96706,8.4319]]]}},{"type":"Feature","id":"way/770813115","properties":{"id":"way/770813115","building":"yes","_elevM":10,"_bbox":[99.9670855,8.4317291,99.9671648,8.4317914]},"geometry":{"type":"Polygon","coordinates":[[[99.96709,8.43178],[99.9671,8.43173],[99.96716,8.43174],[99.96715,8.43179],[99.96709,8.43178]]]}},{"type":"Feature","id":"way/770813116","properties":{"id":"way/770813116","building":"yes","_elevM":10,"_bbox":[99.9671645,8.4315456,99.9673029,8.4317356]},"geometry":{"type":"Polygon","coordinates":[[[99.96716,8.43171],[99.96721,8.43155],[99.9673,8.43157],[99.96726,8.43174],[99.96716,8.43171]]]}},{"type":"Feature","id":"way/770813117","properties":{"id":"way/770813117","building":"yes","_elevM":10,"_bbox":[99.9673782,8.4317854,99.9682888,8.432278]},"geometry":{"type":"Polygon","coordinates":[[[99.96738,8.43199],[99.96738,8.43179],[99.96757,8.43183],[99.96755,8.4319],[99.96771,8.43195],[99.96774,8.43186],[99.96811,8.43195],[99.96807,8.43206],[99.96829,8.43212],[99.96824,8.43228],[99.96809,8.43224],[99.96803,8.4322],[99.96805,8.43214],[99.968,8.43213],[99.96798,8.43219],[99.96794,8.43216],[99.96795,8.43211],[99.96786,8.4321],[99.96787,8.43204],[99.96779,8.43201],[99.96776,8.43208],[99.9677,8.43207],[99.9677,8.43209],[99.96761,8.43206],[99.96763,8.43198],[99.96747,8.43194],[99.96745,8.432],[99.96738,8.43199]]]}},{"type":"Feature","id":"way/770813118","properties":{"id":"way/770813118","building":"yes","_elevM":10,"_bbox":[99.9674819,8.4316346,99.9678112,8.4318336]},"geometry":{"type":"Polygon","coordinates":[[[99.96748,8.43178],[99.96752,8.43163],[99.96781,8.43172],[99.9678,8.43183],[99.96772,8.43182],[99.96772,8.43177],[99.9676,8.43176],[99.96759,8.43181],[99.96748,8.43178]]]}},{"type":"Feature","id":"way/770813119","properties":{"id":"way/770813119","building":"yes","_elevM":10,"_bbox":[99.9682055,8.4318497,99.9686385,8.4323202]},"geometry":{"type":"Polygon","coordinates":[[[99.96821,8.43202],[99.96824,8.43185],[99.96835,8.43188],[99.96836,8.43193],[99.96864,8.43198],[99.96855,8.43232],[99.96839,8.43228],[99.96842,8.43207],[99.96821,8.43202]]]}},{"type":"Feature","id":"way/770813120","properties":{"id":"way/770813120","building":"yes","_elevM":10,"_bbox":[99.96886,8.4320407,99.9692604,8.4324389]},"geometry":{"type":"Polygon","coordinates":[[[99.96886,8.4324],[99.9689,8.43221],[99.96895,8.43222],[99.96898,8.43204],[99.96926,8.43213],[99.96922,8.4323],[99.96903,8.43225],[99.96898,8.43244],[99.96886,8.4324]]]}},{"type":"Feature","id":"way/770813121","properties":{"id":"way/770813121","building":"yes","_elevM":10,"_bbox":[99.969358,8.4322458,99.9694698,8.4323665]},"geometry":{"type":"Polygon","coordinates":[[[99.96936,8.43234],[99.96938,8.43225],[99.96947,8.43227],[99.96943,8.43237],[99.96936,8.43234]]]}},{"type":"Feature","id":"way/770813122","properties":{"id":"way/770813122","building":"yes","_elevM":10,"_bbox":[99.9695694,8.4322579,99.9703784,8.4328731]},"geometry":{"type":"Polygon","coordinates":[[[99.96957,8.43242],[99.9696,8.43228],[99.96967,8.43229],[99.96969,8.43226],[99.96976,8.4323],[99.96973,8.43238],[99.96975,8.43239],[99.96982,8.43231],[99.96991,8.43235],[99.96988,8.43247],[99.96992,8.43248],[99.96995,8.43236],[99.96999,8.43238],[99.96998,8.43255],[99.97008,8.43257],[99.97012,8.43242],[99.97038,8.43251],[99.97036,8.43271],[99.97019,8.43263],[99.97015,8.43287],[99.96994,8.4328],[99.96997,8.43268],[99.96983,8.43263],[99.96987,8.43255],[99.96982,8.43253],[99.96978,8.43268],[99.96969,8.43263],[99.96968,8.43271],[99.96959,8.43267],[99.96966,8.43245],[99.96957,8.43242]]]}},{"type":"Feature","id":"way/770813123","properties":{"id":"way/770813123","building":"yes","_elevM":10,"_bbox":[99.9710146,8.4327847,99.9711508,8.4329516]},"geometry":{"type":"Polygon","coordinates":[[[99.97101,8.43292],[99.97105,8.43278],[99.97115,8.43281],[99.97113,8.43295],[99.97101,8.43292]]]}},{"type":"Feature","id":"way/770813124","properties":{"id":"way/770813124","building":"yes","_elevM":10,"_bbox":[99.9705938,8.4326379,99.9707178,8.4327947]},"geometry":{"type":"Polygon","coordinates":[[[99.97059,8.43277],[99.97063,8.43264],[99.97072,8.43266],[99.97068,8.43279],[99.97059,8.43277]]]}},{"type":"Feature","id":"way/770813125","properties":{"id":"way/770813125","building":"yes","_elevM":10,"_bbox":[99.9691106,8.4317398,99.9712052,8.4326923]},"geometry":{"type":"Polygon","coordinates":[[[99.96981,8.4322],[99.96985,8.4321],[99.96969,8.43205],[99.96967,8.43212],[99.96956,8.43208],[99.9696,8.432],[99.9695,8.43198],[99.96948,8.43207],[99.96911,8.43198],[99.9692,8.43174],[99.96993,8.43197],[99.97084,8.43232],[99.97081,8.43241],[99.97094,8.43245],[99.97097,8.4324],[99.97119,8.43251],[99.97115,8.43261],[99.97121,8.43263],[99.97117,8.43269],[99.97111,8.43267],[99.97113,8.43265],[99.97097,8.4326],[99.97095,8.43263],[99.97076,8.43255],[99.9703,8.43238],[99.96981,8.4322]]]}},{"type":"Feature","id":"way/770813126","properties":{"id":"way/770813126","building":"yes","_elevM":10,"_bbox":[99.9689353,8.4316758,99.9691632,8.4318556]},"geometry":{"type":"Polygon","coordinates":[[[99.96894,8.4318],[99.96897,8.43168],[99.96908,8.4317],[99.96908,8.43174],[99.96916,8.43177],[99.96913,8.43186],[99.96904,8.43181],[99.96894,8.4318]]]}},{"type":"Feature","id":"way/770813127","properties":{"id":"way/770813127","building":"yes","_elevM":10,"_bbox":[99.9676629,8.4313787,99.9689383,8.4319242]},"geometry":{"type":"Polygon","coordinates":[[[99.96766,8.43158],[99.96769,8.43146],[99.968,8.43154],[99.96804,8.43138],[99.96816,8.43141],[99.96816,8.43147],[99.96825,8.43149],[99.96824,8.43153],[99.96833,8.43155],[99.96835,8.4315],[99.96878,8.43161],[99.96874,8.43172],[99.96878,8.43174],[99.96881,8.43163],[99.96888,8.43164],[99.96882,8.43178],[99.96894,8.43183],[99.96892,8.43192],[99.96849,8.43182],[99.9685,8.4317],[99.96843,8.43168],[99.96841,8.43176],[99.96836,8.43175],[99.96839,8.43167],[99.96836,8.43166],[99.96834,8.43175],[99.96822,8.43172],[99.96817,8.4317],[99.96819,8.43166],[99.96823,8.43167],[99.96825,8.43163],[99.96816,8.43161],[99.96814,8.4317],[99.96766,8.43158]]]}},{"type":"Feature","id":"way/770813128","properties":{"id":"way/770813128","building":"yes","_elevM":10,"_bbox":[99.9665459,8.4311637,99.9670114,8.4313768]},"geometry":{"type":"Polygon","coordinates":[[[99.96655,8.43124],[99.96655,8.43116],[99.9667,8.43119],[99.96682,8.43122],[99.96681,8.43128],[99.96683,8.43129],[99.96686,8.43121],[99.96692,8.43123],[99.96691,8.43125],[99.96701,8.43127],[99.96698,8.43138],[99.96655,8.43124]]]}},{"type":"Feature","id":"way/770813129","properties":{"id":"way/770813129","building":"yes","_elevM":10,"_bbox":[99.9670897,8.4313171,99.9676462,8.4315453]},"geometry":{"type":"Polygon","coordinates":[[[99.96709,8.43141],[99.96714,8.43132],[99.96751,8.4314],[99.96765,8.43148],[99.9676,8.43155],[99.96754,8.43154],[99.96747,8.43151],[99.96747,8.43148],[99.96737,8.43147],[99.96709,8.43141]]]}},{"type":"Feature","id":"way/770813130","properties":{"id":"way/770813130","building":"yes","_elevM":10,"_bbox":[99.9672747,8.4311911,99.9674075,8.4313251]},"geometry":{"type":"Polygon","coordinates":[[[99.96727,8.43129],[99.9673,8.43119],[99.96741,8.43122],[99.96738,8.43133],[99.96727,8.43129]]]}},{"type":"Feature","id":"way/770813131","properties":{"id":"way/770813131","building":"yes","_elevM":10,"_bbox":[99.9674222,8.4312388,99.9675134,8.4313715]},"geometry":{"type":"Polygon","coordinates":[[[99.96742,8.43135],[99.96746,8.43124],[99.96751,8.43125],[99.96747,8.43137],[99.96742,8.43135]]]}},{"type":"Feature","id":"way/770813132","properties":{"id":"way/770813132","building":"yes","_elevM":10,"_bbox":[99.9665385,8.4310093,99.9671996,8.4312786]},"geometry":{"type":"Polygon","coordinates":[[[99.96654,8.43112],[99.96655,8.43101],[99.96673,8.43105],[99.96674,8.43102],[99.96699,8.4311],[99.96698,8.43112],[99.96709,8.43115],[99.9671,8.43114],[99.9672,8.43116],[99.96716,8.43128],[99.96654,8.43112]]]}},{"type":"Feature","id":"way/770813133","properties":{"id":"way/770813133","building":"yes","_elevM":10,"_bbox":[99.9662542,8.4309483,99.9665264,8.4311871]},"geometry":{"type":"Polygon","coordinates":[[[99.96625,8.43115],[99.9663,8.43095],[99.96653,8.43101],[99.96646,8.43119],[99.96625,8.43115]]]}},{"type":"Feature","id":"way/770818305","properties":{"id":"way/770818305","building":"yes","_elevM":10,"_bbox":[99.9663336,8.4305617,99.9673337,8.4310865]},"geometry":{"type":"Polygon","coordinates":[[[99.96633,8.43084],[99.96635,8.43074],[99.96649,8.43076],[99.96651,8.43069],[99.96637,8.43064],[99.96639,8.43056],[99.96713,8.43082],[99.96714,8.43078],[99.96733,8.43083],[99.96726,8.43109],[99.96718,8.43105],[99.9672,8.43097],[99.96714,8.43096],[99.96712,8.43104],[99.96703,8.43101],[99.96633,8.43084]]]}},{"type":"Feature","id":"way/770818306","properties":{"id":"way/770818306","building":"yes","_elevM":10,"_bbox":[99.9673499,8.4309277,99.967913,8.4312574]},"geometry":{"type":"Polygon","coordinates":[[[99.96735,8.4311],[99.96737,8.43103],[99.96746,8.43105],[99.96748,8.43093],[99.96772,8.431],[99.96773,8.43095],[99.96782,8.43097],[99.96779,8.43104],[99.96787,8.43106],[99.96785,8.43115],[99.96791,8.43115],[99.96786,8.43126],[99.96735,8.4311]]]}},{"type":"Feature","id":"way/770818307","properties":{"id":"way/770818307","building":"yes","_elevM":10,"_bbox":[99.9679048,8.4310523,99.9686142,8.431372]},"geometry":{"type":"Polygon","coordinates":[[[99.9679,8.43125],[99.96792,8.43117],[99.96799,8.43119],[99.96804,8.43105],[99.96836,8.43116],[99.96834,8.43121],[99.96841,8.43124],[99.96843,8.43118],[99.96861,8.43124],[99.96858,8.43137],[99.96835,8.4313],[99.96832,8.43137],[99.9679,8.43125]]]}},{"type":"Feature","id":"way/770818308","properties":{"id":"way/770818308","building":"yes","_elevM":10,"_bbox":[99.9686,8.4312816,99.9692382,8.4316173]},"geometry":{"type":"Polygon","coordinates":[[[99.9686,8.43146],[99.96862,8.4314],[99.96869,8.43141],[99.96872,8.43128],[99.96879,8.4313],[99.96878,8.43141],[99.96887,8.43141],[99.96886,8.43145],[99.96897,8.4315],[99.96898,8.43144],[99.96904,8.43146],[99.96905,8.43139],[99.96924,8.43148],[99.9692,8.43159],[99.9691,8.43154],[99.96906,8.43162],[99.9686,8.43146]]]}},{"type":"Feature","id":"way/770818309","properties":{"id":"way/770818309","building":"yes","_elevM":10,"_bbox":[99.9691833,8.4315791,99.969476,8.4317319]},"geometry":{"type":"Polygon","coordinates":[[[99.96918,8.43165],[99.96922,8.43158],[99.96948,8.43167],[99.96945,8.43173],[99.96918,8.43165]]]}},{"type":"Feature","id":"way/770818310","properties":{"id":"way/770818310","building":"yes","_elevM":10,"_bbox":[99.9694964,8.431563,99.9696671,8.4317138]},"geometry":{"type":"Polygon","coordinates":[[[99.9695,8.43167],[99.96951,8.43156],[99.96967,8.43162],[99.96964,8.43171],[99.9695,8.43167]]]}},{"type":"Feature","id":"way/770818311","properties":{"id":"way/770818311","building":"yes","_elevM":10,"_bbox":[99.9696346,8.4316354,99.9701956,8.4319511]},"geometry":{"type":"Polygon","coordinates":[[[99.96963,8.43178],[99.96966,8.43176],[99.9697,8.43164],[99.96983,8.43168],[99.96981,8.43179],[99.96985,8.43181],[99.9699,8.43167],[99.96999,8.4317],[99.96998,8.43173],[99.97006,8.43175],[99.97007,8.43173],[99.9702,8.4318],[99.97016,8.43195],[99.96963,8.43178]]]}},{"type":"Feature","id":"way/770818312","properties":{"id":"way/770818312","building":"yes","_elevM":10,"_bbox":[99.9701875,8.4317822,99.9704863,8.4320255]},"geometry":{"type":"Polygon","coordinates":[[[99.97022,8.43199],[99.97025,8.43192],[99.97019,8.43191],[99.97022,8.43178],[99.97037,8.43181],[99.97037,8.43185],[99.97049,8.4319],[99.97046,8.432],[99.97033,8.43196],[99.9703,8.43203],[99.97022,8.43199]]]}},{"type":"Feature","id":"way/770818313","properties":{"id":"way/770818313","building":"yes","_elevM":10,"_bbox":[99.9705615,8.431925,99.9713034,8.4323532]},"geometry":{"type":"Polygon","coordinates":[[[99.97062,8.43207],[99.97056,8.43205],[99.97058,8.43201],[99.97063,8.43202],[99.97066,8.43192],[99.97076,8.43196],[99.97075,8.432],[99.97084,8.43202],[99.97084,8.43205],[99.97089,8.43207],[99.97092,8.43202],[99.97106,8.43207],[99.97102,8.43215],[99.9711,8.43217],[99.97114,8.43207],[99.9713,8.43211],[99.97128,8.43223],[99.97124,8.43235],[99.97093,8.43228],[99.97095,8.4322],[99.97062,8.43207]]]}},{"type":"Feature","id":"way/770818314","properties":{"id":"way/770818314","building":"yes","_elevM":10,"_bbox":[99.9711489,8.4319069,99.9713481,8.4320396]},"geometry":{"type":"Polygon","coordinates":[[[99.97115,8.43202],[99.97115,8.43194],[99.97119,8.43191],[99.97135,8.43194],[99.97133,8.43203],[99.97124,8.43202],[99.97124,8.43204],[99.97115,8.43202]]]}},{"type":"Feature","id":"way/770818315","properties":{"id":"way/770818315","building":"yes","_elevM":10,"_bbox":[99.9708176,8.431551,99.9713989,8.4319612]},"geometry":{"type":"Polygon","coordinates":[[[99.97097,8.43191],[99.97099,8.43184],[99.97108,8.43186],[99.9711,8.43182],[99.97082,8.43173],[99.97087,8.43161],[99.97109,8.43168],[99.97112,8.43155],[99.9714,8.43165],[99.97133,8.43191],[99.97116,8.43187],[99.97112,8.43196],[99.97097,8.43191]]]}},{"type":"Feature","id":"way/770818316","properties":{"id":"way/770818316","building":"yes","_elevM":10,"_bbox":[99.9703602,8.4315992,99.9704883,8.431752]},"geometry":{"type":"Polygon","coordinates":[[[99.97036,8.43172],[99.9704,8.4316],[99.97049,8.43163],[99.97044,8.43175],[99.97036,8.43172]]]}},{"type":"Feature","id":"way/770818317","properties":{"id":"way/770818317","building":"yes","_elevM":10,"_bbox":[99.9699659,8.4314887,99.97022,8.4316676]},"geometry":{"type":"Polygon","coordinates":[[[99.96997,8.43161],[99.97002,8.43149],[99.97022,8.43155],[99.97019,8.43163],[99.97017,8.43162],[99.97014,8.43167],[99.96997,8.43161]]]}},{"type":"Feature","id":"way/770818318","properties":{"id":"way/770818318","building":"yes","_elevM":10,"_bbox":[99.9697504,8.4314042,99.9699313,8.4315912]},"geometry":{"type":"Polygon","coordinates":[[[99.96975,8.43153],[99.96981,8.4314],[99.96993,8.43144],[99.96985,8.43159],[99.96975,8.43153]]]}},{"type":"Feature","id":"way/770818319","properties":{"id":"way/770818319","building":"yes","_elevM":10,"_bbox":[99.9695431,8.4313539,99.9696935,8.4315128]},"geometry":{"type":"Polygon","coordinates":[[[99.96954,8.43148],[99.96957,8.43135],[99.96969,8.43141],[99.96965,8.43151],[99.96954,8.43148]]]}},{"type":"Feature","id":"way/770818320","properties":{"id":"way/770818320","building":"yes","_elevM":10,"_bbox":[99.9691793,8.4312253,99.9695065,8.4314384]},"geometry":{"type":"Polygon","coordinates":[[[99.96918,8.43136],[99.96924,8.43123],[99.96934,8.43124],[99.96932,8.43129],[99.96939,8.43132],[99.96944,8.43123],[99.96951,8.43125],[99.96944,8.43144],[99.96918,8.43136]]]}},{"type":"Feature","id":"way/770818321","properties":{"id":"way/770818321","building":"yes","_elevM":10,"_bbox":[99.9690675,8.4311911,99.9691691,8.4313399]},"geometry":{"type":"Polygon","coordinates":[[[99.96907,8.43132],[99.96912,8.43119],[99.96917,8.4312],[99.96913,8.43134],[99.96907,8.43132]]]}},{"type":"Feature","id":"way/770818322","properties":{"id":"way/770818322","building":"yes","_elevM":10,"_bbox":[99.9688134,8.4310986,99.969037,8.4312795]},"geometry":{"type":"Polygon","coordinates":[[[99.96887,8.43124],[99.96889,8.43117],[99.96881,8.43115],[99.96884,8.4311],[99.96904,8.43117],[99.969,8.43128],[99.96887,8.43124]]]}},{"type":"Feature","id":"way/770818323","properties":{"id":"way/770818323","building":"yes","_elevM":10,"_bbox":[99.969411,8.4309759,99.9696387,8.4311368]},"geometry":{"type":"Polygon","coordinates":[[[99.96941,8.43107],[99.96946,8.43098],[99.96964,8.43103],[99.96959,8.43114],[99.96941,8.43107]]]}},{"type":"Feature","id":"way/770818324","properties":{"id":"way/770818324","building":"yes","_elevM":10,"_bbox":[99.9684679,8.4309699,99.9687402,8.4311871]},"geometry":{"type":"Polygon","coordinates":[[[99.96847,8.43112],[99.96851,8.43097],[99.96874,8.43104],[99.96871,8.43119],[99.96847,8.43112]]]}},{"type":"Feature","id":"way/770818325","properties":{"id":"way/770818325","building":"yes","_elevM":10,"_bbox":[99.9676589,8.4307125,99.9681853,8.4310081]},"geometry":{"type":"Polygon","coordinates":[[[99.96766,8.43086],[99.9677,8.43071],[99.96819,8.43084],[99.96813,8.43101],[99.96766,8.43086]]]}},{"type":"Feature","id":"way/770818326","properties":{"id":"way/770818326","building":"yes","_elevM":10,"_bbox":[99.9682118,8.4308975,99.9683866,8.4310825]},"geometry":{"type":"Polygon","coordinates":[[[99.96821,8.43104],[99.96826,8.4309],[99.96839,8.43094],[99.96834,8.43108],[99.96821,8.43104]]]}},{"type":"Feature","id":"way/770818327","properties":{"id":"way/770818327","building":"yes","_elevM":10,"_bbox":[99.9665857,8.4303949,99.967295,8.4307306]},"geometry":{"type":"Polygon","coordinates":[[[99.96661,8.43039],[99.9668,8.43044],[99.9668,8.43047],[99.9669,8.43053],[99.96703,8.43051],[99.96729,8.43061],[99.96727,8.43073],[99.96659,8.43051],[99.96661,8.43039]]]}},{"type":"Feature","id":"way/770818328","properties":{"id":"way/770818328","building":"yes","_elevM":10,"_bbox":[99.9673398,8.4306321,99.9676304,8.4308432]},"geometry":{"type":"Polygon","coordinates":[[[99.96734,8.43074],[99.96736,8.43063],[99.96759,8.43071],[99.96758,8.43073],[99.96763,8.43075],[99.9676,8.43084],[99.96734,8.43074]]]}},{"type":"Feature","id":"way/770818329","properties":{"id":"way/770818329","building":"yes","_elevM":10,"_bbox":[99.9665166,8.4300651,99.9679922,8.4305939]},"geometry":{"type":"Polygon","coordinates":[[[99.96664,8.43018],[99.9666,8.43026],[99.96652,8.43023],[99.96656,8.43007],[99.96676,8.43012],[99.96679,8.43007],[99.96685,8.43007],[99.96799,8.43046],[99.96792,8.43059],[99.96776,8.43055],[99.96664,8.43018]]]}},{"type":"Feature","id":"way/770818330","properties":{"id":"way/770818330","building":"yes","_elevM":10,"_bbox":[99.9668255,8.4297132,99.9670105,8.429854]},"geometry":{"type":"Polygon","coordinates":[[[99.96683,8.4298],[99.96685,8.42971],[99.96701,8.42977],[99.96699,8.42985],[99.96683,8.4298]]]}},{"type":"Feature","id":"way/770818331","properties":{"id":"way/770818331","building":"yes","_elevM":10,"_bbox":[99.9672137,8.4297856,99.9675837,8.4300108]},"geometry":{"type":"Polygon","coordinates":[[[99.96721,8.42994],[99.96724,8.42983],[99.96727,8.42984],[99.96729,8.42979],[99.96738,8.42981],[99.96736,8.42986],[99.96744,8.42989],[99.96745,8.42983],[99.96758,8.42989],[99.96757,8.42995],[99.96747,8.42994],[99.96745,8.43],[99.96742,8.43001],[99.96721,8.42994]]]}},{"type":"Feature","id":"way/770818332","properties":{"id":"way/770818332","building":"yes","_elevM":10,"_bbox":[99.967476,8.4299203,99.9677625,8.4300973]},"geometry":{"type":"Polygon","coordinates":[[[99.96748,8.43003],[99.9675,8.42996],[99.96758,8.42997],[99.96761,8.42992],[99.96767,8.42993],[99.96765,8.42998],[99.96769,8.42999],[99.96769,8.42995],[99.96776,8.42996],[99.96772,8.4301],[99.96748,8.43003]]]}},{"type":"Feature","id":"way/770818333","properties":{"id":"way/770818333","building":"yes","_elevM":10,"_bbox":[99.9677504,8.4299666,99.9681305,8.4302139]},"geometry":{"type":"Polygon","coordinates":[[[99.96775,8.43011],[99.96779,8.42997],[99.96813,8.43009],[99.96808,8.43021],[99.96775,8.43011]]]}},{"type":"Feature","id":"way/770818334","properties":{"id":"way/770818334","building":"yes","_elevM":10,"_bbox":[99.9681081,8.4301134,99.9682077,8.430238]},"geometry":{"type":"Polygon","coordinates":[[[99.96811,8.43022],[99.96814,8.43011],[99.96821,8.43014],[99.96817,8.43024],[99.96811,8.43022]]]}},{"type":"Feature","id":"way/770818335","properties":{"id":"way/770818335","building":"yes","_elevM":10,"_bbox":[99.9692992,8.4306583,99.9695086,8.4308151]},"geometry":{"type":"Polygon","coordinates":[[[99.9693,8.43071],[99.96932,8.43066],[99.96941,8.43068],[99.96942,8.43066],[99.96951,8.43071],[99.96946,8.43082],[99.96938,8.43078],[99.96939,8.43075],[99.9693,8.43071]]]}},{"type":"Feature","id":"way/770818336","properties":{"id":"way/770818336","building":"yes","_elevM":10,"_bbox":[99.9708481,8.4310765,99.9714375,8.4314122]},"geometry":{"type":"Polygon","coordinates":[[[99.97093,8.43131],[99.97093,8.43123],[99.97085,8.43119],[99.9709,8.43108],[99.9713,8.43121],[99.97128,8.43128],[99.97144,8.43134],[99.97141,8.43141],[99.97124,8.43135],[99.9712,8.43141],[99.97111,8.43136],[99.97108,8.43131],[99.97105,8.43136],[99.97093,8.43131]]]}},{"type":"Feature","id":"way/770818337","properties":{"id":"way/770818337","building":"yes","_elevM":10,"_bbox":[99.9666263,8.4292713,99.9669929,8.4295693]},"geometry":{"type":"Polygon","coordinates":[[[99.96663,8.4295],[99.96668,8.42933],[99.96681,8.42935],[99.96683,8.42927],[99.96699,8.42931],[99.96694,8.42957],[99.96663,8.4295]]]}},{"type":"Feature","id":"way/770818338","properties":{"id":"way/770818338","building":"yes","_elevM":10,"_bbox":[99.9669929,8.4293152,99.9679105,8.429828]},"geometry":{"type":"Polygon","coordinates":[[[99.96699,8.42955],[99.96701,8.42944],[99.9672,8.4295],[99.96723,8.42942],[99.96708,8.4294],[99.9671,8.42932],[99.96737,8.42937],[99.96733,8.42951],[99.96743,8.42954],[99.96746,8.42938],[99.96752,8.42939],[99.96756,8.42932],[99.9677,8.42936],[99.96772,8.42932],[99.96791,8.42941],[99.96789,8.42949],[99.96787,8.42948],[99.96785,8.42958],[99.96781,8.4296],[99.96772,8.42983],[99.96748,8.42976],[99.9675,8.42968],[99.96746,8.42966],[99.96741,8.42973],[99.96708,8.42962],[99.9671,8.42958],[99.96699,8.42955]]]}},{"type":"Feature","id":"way/770818339","properties":{"id":"way/770818339","building":"yes","_elevM":10,"_bbox":[99.9666832,8.429016,99.9668558,8.4291577]},"geometry":{"type":"Polygon","coordinates":[[[99.96668,8.42913],[99.9667,8.42902],[99.96686,8.42906],[99.96684,8.42913],[99.96677,8.42911],[99.96676,8.42916],[99.96668,8.42913]]]}},{"type":"Feature","id":"way/770818340","properties":{"id":"way/770818340","building":"yes","_elevM":10,"_bbox":[99.9670672,8.4291257,99.9672212,8.4292719]},"geometry":{"type":"Polygon","coordinates":[[[99.96707,8.42923],[99.96711,8.42913],[99.96722,8.42916],[99.96718,8.42927],[99.96707,8.42923]]]}},{"type":"Feature","id":"way/770818341","properties":{"id":"way/770818341","building":"yes","_elevM":10,"_bbox":[99.9672195,8.4291727,99.9673289,8.4293037]},"geometry":{"type":"Polygon","coordinates":[[[99.96722,8.42927],[99.96728,8.42917],[99.96733,8.42919],[99.96729,8.4293],[99.96722,8.42927]]]}},{"type":"Feature","id":"way/770818342","properties":{"id":"way/770818342","building":"yes","_elevM":10,"_bbox":[99.9674103,8.4287813,99.9678386,8.4293222]},"geometry":{"type":"Polygon","coordinates":[[[99.96741,8.42916],[99.96755,8.42878],[99.96767,8.42881],[99.96759,8.429],[99.96784,8.4291],[99.9678,8.42928],[99.96772,8.42928],[99.96772,8.42932],[99.96758,8.42929],[99.96759,8.42923],[99.96741,8.42916]]]}},{"type":"Feature","id":"way/770818343","properties":{"id":"way/770818343","building":"yes","_elevM":10,"_bbox":[99.9666956,8.4286289,99.9668049,8.4288194]},"geometry":{"type":"Polygon","coordinates":[[[99.9667,8.42881],[99.96673,8.42863],[99.9668,8.42864],[99.96676,8.42882],[99.9667,8.42881]]]}},{"type":"Feature","id":"way/770818344","properties":{"id":"way/770818344","building":"yes","_elevM":10,"_bbox":[99.9668333,8.4285813,99.9670894,8.4287779]},"geometry":{"type":"Polygon","coordinates":[[[99.96684,8.42869],[99.96686,8.42858],[99.96709,8.42863],[99.96707,8.42874],[99.96693,8.42871],[99.96692,8.42878],[99.96683,8.42876],[99.96684,8.42869]]]}},{"type":"Feature","id":"way/770818345","properties":{"id":"way/770818345","building":"yes","_elevM":10,"_bbox":[99.9672185,8.4286302,99.9674205,8.4287533]},"geometry":{"type":"Polygon","coordinates":[[[99.96722,8.42871],[99.96724,8.42863],[99.96742,8.42868],[99.9674,8.42875],[99.96722,8.42871]]]}},{"type":"Feature","id":"way/770818346","properties":{"id":"way/770818346","building":"yes","_elevM":10,"_bbox":[99.9672763,8.4288179,99.9674319,8.4290983]},"geometry":{"type":"Polygon","coordinates":[[[99.96728,8.42907],[99.96734,8.42882],[99.96743,8.42885],[99.96735,8.4291],[99.96728,8.42907]]]}},{"type":"Feature","id":"way/770818347","properties":{"id":"way/770818347","building":"yes","_elevM":10,"_bbox":[99.9674429,8.4285868,99.9675819,8.4286881]},"geometry":{"type":"Polygon","coordinates":[[[99.96744,8.42865],[99.96746,8.42859],[99.96758,8.42862],[99.96756,8.42869],[99.96744,8.42865]]]}},{"type":"Feature","id":"way/770818348","properties":{"id":"way/770818348","building":"yes","_elevM":10,"_bbox":[99.9676784,8.4288148,99.9680325,8.4290907]},"geometry":{"type":"Polygon","coordinates":[[[99.96776,8.42903],[99.96768,8.42896],[99.96772,8.42889],[99.96773,8.42881],[99.96783,8.42883],[99.96781,8.4289],[99.96788,8.42893],[99.96789,8.42885],[99.96803,8.42887],[99.96801,8.42909],[99.96787,8.42902],[99.96784,8.42906],[99.96776,8.42903]]]}},{"type":"Feature","id":"way/770818349","properties":{"id":"way/770818349","building":"yes","_elevM":10,"_bbox":[99.9678218,8.4296798,99.968582,8.430094]},"geometry":{"type":"Polygon","coordinates":[[[99.96782,8.42986],[99.96792,8.42968],[99.96858,8.42992],[99.96857,8.42999],[99.96848,8.42996],[99.96845,8.43009],[99.96782,8.42986]]]}},{"type":"Feature","id":"way/770818350","properties":{"id":"way/770818350","building":"yes","_elevM":10,"_bbox":[99.9686348,8.4299613,99.9693056,8.4303554]},"geometry":{"type":"Polygon","coordinates":[[[99.96863,8.43016],[99.96866,8.42996],[99.96884,8.43001],[99.96881,8.43006],[99.96892,8.43011],[99.96895,8.43004],[99.96931,8.43016],[99.96924,8.43036],[99.96863,8.43016]]]}},{"type":"Feature","id":"way/770818351","properties":{"id":"way/770818351","building":"yes","_elevM":10,"_bbox":[99.9693869,8.4301945,99.9715219,8.4311315]},"geometry":{"type":"Polygon","coordinates":[[[99.9694,8.43041],[99.96943,8.43026],[99.96939,8.43025],[99.9694,8.43019],[99.96965,8.43026],[99.96963,8.43034],[99.96953,8.43033],[99.9695,8.43037],[99.96962,8.43041],[99.96973,8.43029],[99.96998,8.43037],[99.96996,8.43047],[99.97007,8.43051],[99.9701,8.43045],[99.97062,8.43065],[99.97061,8.43069],[99.97075,8.43076],[99.97081,8.43067],[99.97152,8.43091],[99.97143,8.43113],[99.97127,8.43107],[99.97127,8.43103],[99.97122,8.43102],[99.97118,8.43107],[99.97094,8.43097],[99.97099,8.43091],[99.97088,8.43087],[99.97085,8.43093],[99.97055,8.43083],[99.97061,8.43073],[99.97037,8.43065],[99.97031,8.43075],[99.9694,8.43041]]]}},{"type":"Feature","id":"way/770818352","properties":{"id":"way/770818352","building":"yes","_elevM":10,"_bbox":[99.9701059,8.4300206,99.9710531,8.4306419]},"geometry":{"type":"Polygon","coordinates":[[[99.97011,8.43032],[99.97022,8.43002],[99.97075,8.43014],[99.97075,8.43019],[99.9707,8.43019],[99.97068,8.4303],[99.97075,8.43032],[99.97072,8.43045],[99.97105,8.43057],[99.97102,8.43064],[99.97038,8.43039],[99.9704,8.43034],[99.97025,8.43028],[99.97021,8.43035],[99.97011,8.43032]]]}},{"type":"Feature","id":"way/770818353","properties":{"id":"way/770818353","building":"yes","_elevM":10,"_bbox":[99.9710917,8.4303725,99.9716161,8.4307464]},"geometry":{"type":"Polygon","coordinates":[[[99.97109,8.43068],[99.97118,8.43037],[99.97162,8.43054],[99.97157,8.43075],[99.97124,8.43064],[99.9712,8.43071],[99.97109,8.43068]]]}},{"type":"Feature","id":"way/770818354","properties":{"id":"way/770818354","building":"yes","_elevM":10,"_bbox":[99.970604,8.4298599,99.9714272,8.4302439]},"geometry":{"type":"Polygon","coordinates":[[[99.97121,8.43016],[99.97126,8.43003],[99.97143,8.43008],[99.97136,8.4302],[99.97129,8.43017],[99.97126,8.43024],[99.9706,8.43005],[99.97064,8.42995],[99.97076,8.42998],[99.97082,8.42986],[99.97095,8.4299],[99.97089,8.43005],[99.97121,8.43016]]]}},{"type":"Feature","id":"way/770818355","properties":{"id":"way/770818355","building":"yes","_elevM":10,"_bbox":[99.971474,8.4301454,99.9716589,8.4303062]},"geometry":{"type":"Polygon","coordinates":[[[99.97147,8.43025],[99.97153,8.43015],[99.97166,8.43023],[99.97164,8.43031],[99.97147,8.43025]]]}},{"type":"Feature","id":"way/770818356","properties":{"id":"way/770818356","building":"yes","_elevM":10,"_bbox":[99.9696649,8.4294638,99.9707199,8.4299443]},"geometry":{"type":"Polygon","coordinates":[[[99.96966,8.42961],[99.96971,8.42946],[99.97019,8.42963],[99.97072,8.42982],[99.97068,8.42994],[99.9706,8.42993],[99.96966,8.42961]]]}},{"type":"Feature","id":"way/770818357","properties":{"id":"way/770818357","building":"yes","_elevM":10,"_bbox":[99.9697788,8.4300328,99.9701223,8.4302761]},"geometry":{"type":"Polygon","coordinates":[[[99.96985,8.43003],[99.97012,8.43012],[99.97006,8.43028],[99.96978,8.43018],[99.96985,8.43003]]]}},{"type":"Feature","id":"way/770818358","properties":{"id":"way/770818358","building":"yes","_elevM":10,"_bbox":[99.9694251,8.429888,99.9697523,8.4301534]},"geometry":{"type":"Polygon","coordinates":[[[99.96943,8.43007],[99.96951,8.42989],[99.96975,8.43001],[99.96969,8.43015],[99.96961,8.43011],[99.96962,8.43006],[99.96953,8.43002],[99.96951,8.43009],[99.96943,8.43007]]]}},{"type":"Feature","id":"way/770818359","properties":{"id":"way/770818359","building":"yes","_elevM":10,"_bbox":[99.9679535,8.4292104,99.9683946,8.4296528]},"geometry":{"type":"Polygon","coordinates":[[[99.96795,8.42954],[99.96804,8.42937],[99.96798,8.42935],[99.96803,8.42929],[99.96805,8.42928],[99.96806,8.42921],[99.96831,8.42934],[99.96827,8.42947],[99.96839,8.4295],[99.96834,8.42965],[99.96812,8.42956],[99.96816,8.42942],[99.96808,8.4294],[99.96803,8.42955],[99.96795,8.42954]]]}},{"type":"Feature","id":"way/770818360","properties":{"id":"way/770818360","building":"yes","_elevM":10,"_bbox":[99.9680328,8.4288927,99.9685938,8.429319]},"geometry":{"type":"Polygon","coordinates":[[[99.96812,8.42918],[99.96805,8.42914],[99.96807,8.42908],[99.96803,8.42907],[99.96804,8.42899],[99.9682,8.42903],[99.96821,8.429],[99.96807,8.42896],[99.96808,8.42889],[99.96838,8.42898],[99.96832,8.42909],[99.96837,8.42911],[99.9684,8.42901],[99.96859,8.42909],[99.96856,8.42918],[99.9685,8.42916],[99.96846,8.42932],[99.96812,8.42918]]]}},{"type":"Feature","id":"way/770818361","properties":{"id":"way/770818361","building":"yes","_elevM":10,"_bbox":[99.968419,8.4294979,99.9694048,8.4300227]},"geometry":{"type":"Polygon","coordinates":[[[99.96847,8.42954],[99.96851,8.42956],[99.96852,8.4295],[99.96862,8.42952],[99.9686,8.42959],[99.96879,8.42966],[99.96884,8.42953],[99.96891,8.42955],[99.96889,8.42965],[99.9689,8.42965],[99.96894,8.42953],[99.96912,8.42956],[99.96904,8.42974],[99.96933,8.42983],[99.96931,8.42985],[99.9694,8.42988],[99.96938,8.43002],[99.96928,8.43],[99.96928,8.42998],[99.96919,8.42995],[99.96919,8.42993],[99.96911,8.42991],[99.96911,8.42989],[99.96895,8.42983],[99.96895,8.42979],[99.96884,8.42977],[99.96882,8.42981],[99.96877,8.4298],[99.96877,8.42982],[99.96842,8.42971],[99.96847,8.42954]]]}},{"type":"Feature","id":"way/770818362","properties":{"id":"way/770818362","building":"yes","_elevM":10,"_bbox":[99.9691161,8.4295764,99.9691934,8.4296709]},"geometry":{"type":"Polygon","coordinates":[[[99.96912,8.42965],[99.96915,8.42958],[99.96919,8.42959],[99.96917,8.42967],[99.96912,8.42965]]]}},{"type":"Feature","id":"way/770818363","properties":{"id":"way/770818363","building":"yes","_elevM":10,"_bbox":[99.9685084,8.4291963,99.968669,8.4293693]},"geometry":{"type":"Polygon","coordinates":[[[99.96851,8.42934],[99.96856,8.4292],[99.96867,8.42922],[99.96863,8.42937],[99.96851,8.42934]]]}},{"type":"Feature","id":"way/770818364","properties":{"id":"way/770818364","building":"yes","_elevM":10,"_bbox":[99.9691304,8.4292567,99.9695613,8.4295723]},"geometry":{"type":"Polygon","coordinates":[[[99.96913,8.42955],[99.9692,8.42936],[99.96913,8.42933],[99.96915,8.42926],[99.96956,8.42941],[99.96952,8.42953],[99.96925,8.42944],[99.96921,8.42957],[99.96913,8.42955]]]}},{"type":"Feature","id":"way/770818365","properties":{"id":"way/770818365","building":"yes","_elevM":10,"_bbox":[99.9689413,8.4292064,99.969045,8.4293371]},"geometry":{"type":"Polygon","coordinates":[[[99.96894,8.4293],[99.96898,8.42921],[99.96904,8.42923],[99.96901,8.42934],[99.96894,8.4293]]]}},{"type":"Feature","id":"way/770818366","properties":{"id":"way/770818366","building":"yes","_elevM":10,"_bbox":[99.9687462,8.4291461,99.9688499,8.4292687]},"geometry":{"type":"Polygon","coordinates":[[[99.96875,8.42924],[99.96878,8.42915],[99.96885,8.42917],[99.96882,8.42927],[99.96875,8.42924]]]}},{"type":"Feature","id":"way/770818367","properties":{"id":"way/770818367","building":"yes","_elevM":10,"_bbox":[99.9688499,8.4291782,99.9689535,8.4293009]},"geometry":{"type":"Polygon","coordinates":[[[99.96885,8.42927],[99.96888,8.42918],[99.96895,8.42919],[99.96891,8.4293],[99.96885,8.42927]]]}},{"type":"Feature","id":"way/770818368","properties":{"id":"way/770818368","building":"yes","_elevM":10,"_bbox":[99.9686401,8.4290871,99.968748,8.4292075]},"geometry":{"type":"Polygon","coordinates":[[[99.96864,8.42919],[99.96865,8.42909],[99.96875,8.42911],[99.96873,8.42921],[99.96864,8.42919]]]}},{"type":"Feature","id":"way/770818369","properties":{"id":"way/770818369","building":"yes","_elevM":10,"_bbox":[99.9679146,8.4287016,99.9687095,8.4290094]},"geometry":{"type":"Polygon","coordinates":[[[99.96791,8.42877],[99.96794,8.4287],[99.96871,8.42893],[99.96866,8.42901],[99.96825,8.42886],[99.96791,8.42877]]]}},{"type":"Feature","id":"way/770818370","properties":{"id":"way/770818370","building":"yes","_elevM":10,"_bbox":[99.9693382,8.4291156,99.9694783,8.4292796]},"geometry":{"type":"Polygon","coordinates":[[[99.96934,8.42926],[99.96938,8.42912],[99.96944,8.42913],[99.96943,8.42916],[99.96948,8.42918],[99.96947,8.42924],[99.96943,8.42922],[99.96942,8.42928],[99.96934,8.42926]]]}},{"type":"Feature","id":"way/770818371","properties":{"id":"way/770818371","building":"yes","_elevM":10,"_bbox":[99.9692028,8.4290948,99.9693312,8.4292195]},"geometry":{"type":"Polygon","coordinates":[[[99.9692,8.4292],[99.96923,8.42909],[99.96927,8.42911],[99.96928,8.42913],[99.96933,8.42914],[99.96931,8.42918],[99.96927,8.42917],[99.96926,8.42922],[99.9692,8.4292]]]}},{"type":"Feature","id":"way/770818372","properties":{"id":"way/770818372","building":"yes","_elevM":10,"_bbox":[99.9696091,8.4291849,99.9697468,8.4293489]},"geometry":{"type":"Polygon","coordinates":[[[99.96967,8.42918],[99.96975,8.4292],[99.96967,8.42935],[99.96961,8.42933],[99.96967,8.42918]]]}},{"type":"Feature","id":"way/770818373","properties":{"id":"way/770818373","building":"yes","_elevM":10,"_bbox":[99.97009,8.4293165,99.9709773,8.4297808]},"geometry":{"type":"Polygon","coordinates":[[[99.97023,8.42956],[99.97024,8.42947],[99.97009,8.4294],[99.97012,8.42932],[99.97078,8.4295],[99.97071,8.42961],[99.97076,8.42963],[99.97085,8.42952],[99.97098,8.42958],[99.97088,8.42978],[99.97023,8.42956]]]}},{"type":"Feature","id":"way/770818374","properties":{"id":"way/770818374","building":"yes","_elevM":10,"_bbox":[99.9709843,8.4297484,99.9717361,8.430051]},"geometry":{"type":"Polygon","coordinates":[[[99.97098,8.42982],[99.97103,8.42975],[99.97156,8.42987],[99.9716,8.42977],[99.97174,8.4298],[99.97166,8.43005],[99.97098,8.42982]]]}},{"type":"Feature","id":"way/770818375","properties":{"id":"way/770818375","building":"yes","_elevM":10,"_bbox":[99.9709913,8.4295798,99.9711758,8.4297323]},"geometry":{"type":"Polygon","coordinates":[[[99.97099,8.42968],[99.97102,8.42958],[99.97118,8.42963],[99.97114,8.42973],[99.97099,8.42968]]]}},{"type":"Feature","id":"way/770818377","properties":{"id":"way/770818377","building":"yes","_elevM":10,"_bbox":[99.9603514,8.4332946,99.961113,8.4335922]},"geometry":{"type":"Polygon","coordinates":[[[99.96109,8.43359],[99.96035,8.43344],[99.96038,8.43329],[99.96082,8.43339],[99.96084,8.43332],[99.96108,8.43337],[99.96106,8.43347],[99.96111,8.43349],[99.96109,8.43359]]]}},{"type":"Feature","id":"way/770818378","properties":{"id":"way/770818378","building":"yes","_elevM":10,"_bbox":[99.9605062,8.4336339,99.9612698,8.4340396]},"geometry":{"type":"Polygon","coordinates":[[[99.9607,8.43391],[99.96072,8.43385],[99.96057,8.43382],[99.96059,8.43375],[99.96051,8.43373],[99.96053,8.43363],[99.96127,8.43382],[99.96121,8.43404],[99.9607,8.43391]]]}},{"type":"Feature","id":"way/770818380","properties":{"id":"way/770818380","building":"yes","_elevM":10,"_bbox":[99.9604707,8.4338858,99.9611831,8.4348853]},"geometry":{"type":"Polygon","coordinates":[[[99.96047,8.43389],[99.96059,8.4339],[99.96057,8.43403],[99.96065,8.43404],[99.96063,8.43418],[99.96068,8.4342],[99.9607,8.43415],[99.96068,8.43412],[99.9607,8.434],[99.96096,8.43404],[99.96095,8.4341],[99.96077,8.43407],[99.96078,8.43414],[99.96104,8.43416],[99.96106,8.43405],[99.96118,8.43406],[99.96112,8.4347],[99.96099,8.43469],[99.96097,8.43489],[99.96087,8.43488],[99.96088,8.43479],[99.96085,8.43478],[99.96084,8.43486],[99.96069,8.43485],[99.9607,8.43473],[99.9606,8.43472],[99.96059,8.43479],[99.96052,8.43479],[99.96054,8.43455],[99.96068,8.43457],[99.96069,8.43449],[99.96074,8.43449],[99.96073,8.43457],[99.96082,8.43457],[99.96082,8.43451],[99.9609,8.43452],[99.96091,8.43443],[99.96079,8.43442],[99.96085,8.43431],[99.96078,8.4343],[99.96073,8.43437],[99.96064,8.43437],[99.96063,8.43448],[99.96051,8.43447],[99.96053,8.43416],[99.96047,8.43389]]]}},{"type":"Feature","id":"way/770818381","properties":{"id":"way/770818381","building":"yes","_elevM":10,"_bbox":[99.9691492,8.4084771,99.9709824,8.4101577]},"geometry":{"type":"Polygon","coordinates":[[[99.96929,8.40848],[99.96959,8.40854],[99.96958,8.40871],[99.96958,8.40881],[99.97012,8.40885],[99.97024,8.40884],[99.97074,8.40891],[99.97071,8.40905],[99.97008,8.40895],[99.97003,8.40902],[99.96953,8.40898],[99.96957,8.40977],[99.97098,8.41],[99.97094,8.41016],[99.96952,8.41001],[99.9695,8.4101],[99.96915,8.41007],[99.96929,8.40848]]]}},{"type":"Feature","id":"way/770818382","properties":{"id":"way/770818382","building":"yes","_elevM":10,"_bbox":[99.9690834,8.4105632,99.970293,8.4110222]},"geometry":{"type":"Polygon","coordinates":[[[99.96908,8.41083],[99.96911,8.41056],[99.96951,8.41061],[99.96951,8.41075],[99.97029,8.41082],[99.97029,8.41102],[99.96967,8.41096],[99.96959,8.41088],[99.96908,8.41083]]]}},{"type":"Feature","id":"way/770818383","properties":{"id":"way/770818383","building":"yes","_elevM":10,"_bbox":[99.9691021,8.4101891,99.9696144,8.4105022]},"geometry":{"type":"Polygon","coordinates":[[[99.9691,8.41045],[99.96913,8.41028],[99.96928,8.41029],[99.96927,8.41019],[99.96949,8.41025],[99.9695,8.41022],[99.96961,8.41026],[99.9696,8.41033],[99.9695,8.41034],[99.96948,8.4105],[99.9691,8.41045]]]}},{"type":"Feature","id":"way/770818384","properties":{"id":"way/770818384","building":"yes","_elevM":10,"_bbox":[99.9695813,8.4102051,99.9706792,8.4106296]},"geometry":{"type":"Polygon","coordinates":[[[99.96958,8.4105],[99.96961,8.41038],[99.97005,8.41039],[99.97008,8.41021],[99.97019,8.41022],[99.97017,8.41041],[99.97038,8.41045],[99.97039,8.41037],[99.97058,8.4104],[99.9706,8.41029],[99.97068,8.41031],[99.97065,8.41045],[99.9706,8.41043],[99.97061,8.41063],[99.96958,8.4105]]]}},{"type":"Feature","id":"way/770818385","properties":{"id":"way/770818385","building":"yes","_elevM":10,"_bbox":[99.9705612,8.4107357,99.970757,8.4108392]},"geometry":{"type":"Polygon","coordinates":[[[99.97056,8.41082],[99.97057,8.41074],[99.97076,8.41075],[99.97074,8.41084],[99.97056,8.41082]]]}},{"type":"Feature","id":"way/770818386","properties":{"id":"way/770818386","building":"yes","_elevM":10,"_bbox":[99.9706926,8.4103457,99.9707999,8.4106243]},"geometry":{"type":"Polygon","coordinates":[[[99.97069,8.41061],[99.97072,8.41035],[99.9708,8.41036],[99.97077,8.41062],[99.97069,8.41061]]]}},{"type":"Feature","id":"way/770818387","properties":{"id":"way/770818387","building":"yes","_elevM":10,"_bbox":[99.9689627,8.4109586,99.9695849,8.4116935]},"geometry":{"type":"Polygon","coordinates":[[[99.96896,8.41167],[99.969,8.41144],[99.96903,8.41125],[99.96916,8.41125],[99.96915,8.41119],[99.96928,8.41121],[99.96928,8.41112],[99.96936,8.41111],[99.96936,8.41106],[99.96929,8.41105],[99.96927,8.41108],[99.96916,8.41108],[99.96917,8.41104],[99.96922,8.41104],[99.96926,8.41096],[99.9695,8.41099],[99.96958,8.41102],[99.96958,8.41108],[99.96956,8.41128],[99.96939,8.41126],[99.96941,8.41137],[99.96938,8.41137],[99.96937,8.41143],[99.96955,8.41145],[99.96955,8.41161],[99.96942,8.4116],[99.96945,8.41152],[99.96933,8.41149],[99.96932,8.41156],[99.96926,8.41155],[99.96924,8.41161],[99.96911,8.41161],[99.96908,8.41169],[99.96896,8.41167]]]}},{"type":"Feature","id":"way/770818388","properties":{"id":"way/770818388","building":"yes","_elevM":10,"_bbox":[99.9688876,8.411667,99.9696868,8.4120013]},"geometry":{"type":"Polygon","coordinates":[[[99.96889,8.41186],[99.96892,8.41174],[99.96907,8.41177],[99.96908,8.41174],[99.96913,8.41175],[99.96913,8.41172],[99.96922,8.41173],[99.96923,8.4117],[99.9693,8.41171],[99.96931,8.41167],[99.96938,8.41167],[99.96969,8.41167],[99.96968,8.41174],[99.9694,8.41174],[99.96934,8.412],[99.96889,8.41186]]]}},{"type":"Feature","id":"way/770818389","properties":{"id":"way/770818389","building":"yes","_elevM":10,"_bbox":[99.9696412,8.4110965,99.9704485,8.4114017]},"geometry":{"type":"Polygon","coordinates":[[[99.96964,8.41136],[99.96967,8.41126],[99.96974,8.41127],[99.96975,8.41123],[99.9698,8.41123],[99.96985,8.41114],[99.96991,8.41114],[99.96991,8.4111],[99.97045,8.41112],[99.97043,8.41126],[99.97018,8.41124],[99.97014,8.4114],[99.97007,8.41138],[99.9701,8.41122],[99.97,8.41122],[99.96999,8.41134],[99.96991,8.41133],[99.9699,8.41135],[99.96983,8.41134],[99.96983,8.41137],[99.96964,8.41136]]]}},{"type":"Feature","id":"way/770818390","properties":{"id":"way/770818390","building":"yes","_elevM":10,"_bbox":[99.9694025,8.4114653,99.9704753,8.4120994]},"geometry":{"type":"Polygon","coordinates":[[[99.9694,8.41198],[99.96944,8.41178],[99.96974,8.41179],[99.96976,8.41169],[99.96962,8.41159],[99.96963,8.41147],[99.96982,8.41149],[99.96979,8.41165],[99.9699,8.41166],[99.9699,8.41171],[99.97004,8.41171],[99.97004,8.41152],[99.97042,8.41153],[99.97047,8.41156],[99.97048,8.41163],[99.97042,8.41164],[99.97042,8.41171],[99.97031,8.41172],[99.97031,8.41168],[99.97024,8.41167],[99.97024,8.41171],[99.97017,8.4117],[99.97015,8.41174],[99.97041,8.41179],[99.97036,8.41196],[99.96986,8.41185],[99.96978,8.4121],[99.9694,8.41198]]]}},{"type":"Feature","id":"way/770818392","properties":{"id":"way/770818392","building":"yes","_elevM":10,"_bbox":[99.969491,8.4121897,99.9701884,8.4126221]},"geometry":{"type":"Polygon","coordinates":[[[99.96949,8.41253],[99.96954,8.41236],[99.96951,8.41234],[99.96953,8.41219],[99.96973,8.41223],[99.96969,8.41238],[99.97019,8.41252],[99.97016,8.41262],[99.96969,8.41258],[99.96949,8.41253]]]}},{"type":"Feature","id":"way/770818393","properties":{"id":"way/770818393","building":"yes","_elevM":10,"_bbox":[99.9689637,8.4128673,99.9690693,8.413012]},"geometry":{"type":"Polygon","coordinates":[[[99.96896,8.41299],[99.96901,8.41287],[99.96907,8.41289],[99.96902,8.41301],[99.96896,8.41299]]]}},{"type":"Feature","id":"way/770818394","properties":{"id":"way/770818394","building":"yes","_elevM":10,"_bbox":[99.9691862,8.4129103,99.9692873,8.4130578]},"geometry":{"type":"Polygon","coordinates":[[[99.96919,8.41304],[99.96922,8.41291],[99.96929,8.41293],[99.96925,8.41306],[99.96919,8.41304]]]}},{"type":"Feature","id":"way/770818395","properties":{"id":"way/770818395","building":"yes","_elevM":10,"_bbox":[99.9693786,8.4129307,99.9694883,8.4130599]},"geometry":{"type":"Polygon","coordinates":[[[99.96938,8.41304],[99.96941,8.41293],[99.96949,8.41295],[99.96946,8.41306],[99.96938,8.41304]]]}},{"type":"Feature","id":"way/770818396","properties":{"id":"way/770818396","building":"yes","_elevM":10,"_bbox":[99.96824,8.4129735,99.9698883,8.4138458]},"geometry":{"type":"Polygon","coordinates":[[[99.96824,8.41372],[99.96845,8.41297],[99.96894,8.41311],[99.96885,8.41343],[99.96916,8.41351],[99.9692,8.41335],[99.96934,8.41339],[99.96929,8.41355],[99.96932,8.41356],[99.96937,8.41341],[99.96951,8.41345],[99.96946,8.41362],[99.96989,8.41374],[99.96986,8.41385],[99.96866,8.41351],[99.96857,8.41381],[99.96824,8.41372]]]}},{"type":"Feature","id":"way/770818397","properties":{"id":"way/770818397","building":"yes","_elevM":10,"_bbox":[99.9686784,8.4136754,99.9699577,8.4141291]},"geometry":{"type":"Polygon","coordinates":[[[99.96868,8.41385],[99.96873,8.41371],[99.9688,8.41368],[99.96962,8.41389],[99.96959,8.41397],[99.96995,8.41409],[99.96996,8.41413],[99.96935,8.41404],[99.96909,8.41396],[99.96868,8.41385]]]}},{"type":"Feature","id":"way/770818398","properties":{"id":"way/770818398","building":"yes","_elevM":10,"_bbox":[99.9682645,8.4138484,99.9700614,8.414716]},"geometry":{"type":"Polygon","coordinates":[[[99.96826,8.41406],[99.96833,8.41385],[99.96889,8.41401],[99.96925,8.4141],[99.97006,8.41426],[99.97006,8.41438],[99.96972,8.41434],[99.9697,8.41448],[99.97001,8.41459],[99.96998,8.41472],[99.96964,8.41463],[99.96968,8.41451],[99.96959,8.41449],[99.96953,8.41456],[99.96936,8.41455],[99.96939,8.41443],[99.96917,8.41429],[99.96916,8.41421],[99.96857,8.41404],[99.96853,8.41414],[99.96848,8.41412],[99.96849,8.41407],[99.96839,8.41404],[99.96838,8.41408],[99.96826,8.41406]]]}},{"type":"Feature","id":"way/770818399","properties":{"id":"way/770818399","building":"yes","_elevM":10,"_bbox":[99.9679496,8.4140257,99.9685146,8.4146751]},"geometry":{"type":"Polygon","coordinates":[[[99.96806,8.41465],[99.96809,8.41454],[99.96795,8.4145],[99.96809,8.41403],[99.9684,8.41412],[99.96839,8.41415],[99.96851,8.41419],[99.96848,8.4143],[99.9683,8.41424],[99.96827,8.41436],[99.96819,8.41434],[99.96815,8.41445],[99.9682,8.4145],[99.96815,8.41468],[99.96806,8.41465]]]}},{"type":"Feature","id":"way/770818400","properties":{"id":"way/770818400","building":"yes","_elevM":10,"_bbox":[99.9683691,8.4145906,99.9685521,8.4147513]},"geometry":{"type":"Polygon","coordinates":[[[99.96837,8.41471],[99.9684,8.41459],[99.96855,8.41463],[99.96852,8.41475],[99.96837,8.41471]]]}},{"type":"Feature","id":"way/770818401","properties":{"id":"way/770818401","building":"yes","_elevM":10,"_bbox":[99.9684441,8.4142039,99.9686855,8.4146046]},"geometry":{"type":"Polygon","coordinates":[[[99.96844,8.41452],[99.96854,8.4142],[99.96867,8.41424],[99.96858,8.41449],[99.96869,8.41452],[99.96866,8.4146],[99.96844,8.41452]]]}},{"type":"Feature","id":"way/770818402","properties":{"id":"way/770818402","building":"yes","_elevM":10,"_bbox":[99.9687633,8.4145993,99.9693855,8.4149548]},"geometry":{"type":"Polygon","coordinates":[[[99.96876,8.41482],[99.96883,8.41473],[99.96888,8.41473],[99.96891,8.4146],[99.96904,8.41463],[99.96901,8.41472],[99.96907,8.41474],[99.9691,8.41463],[99.96921,8.41466],[99.96923,8.41463],[99.96939,8.41468],[99.96937,8.41485],[99.96928,8.4148],[99.96925,8.41495],[99.96907,8.41491],[99.96907,8.41482],[99.96902,8.41481],[99.96899,8.41488],[99.96876,8.41482]]]}},{"type":"Feature","id":"way/770818403","properties":{"id":"way/770818403","building":"yes","_elevM":10,"_bbox":[99.9687748,8.4143011,99.9689107,8.414466]},"geometry":{"type":"Polygon","coordinates":[[[99.96877,8.41444],[99.96882,8.4143],[99.96891,8.41433],[99.96886,8.41447],[99.96877,8.41444]]]}},{"type":"Feature","id":"way/770818404","properties":{"id":"way/770818404","building":"yes","_elevM":10,"_bbox":[99.969662,8.4148801,99.9699454,8.4151544]},"geometry":{"type":"Polygon","coordinates":[[[99.96966,8.41508],[99.96969,8.41497],[99.96977,8.41498],[99.96978,8.41488],[99.96995,8.41491],[99.96989,8.41515],[99.96966,8.41508]]]}},{"type":"Feature","id":"way/770818405","properties":{"id":"way/770818405","building":"yes","_elevM":10,"_bbox":[99.9678258,8.4147539,99.9682968,8.4150931]},"geometry":{"type":"Polygon","coordinates":[[[99.96785,8.41506],[99.96786,8.41501],[99.96783,8.41498],[99.96784,8.4149],[99.96794,8.41492],[99.96796,8.41486],[99.96788,8.41485],[99.9679,8.41475],[99.9683,8.41483],[99.96828,8.41491],[99.96808,8.41487],[99.96804,8.41509],[99.96785,8.41506]]]}},{"type":"Feature","id":"way/770818406","properties":{"id":"way/770818406","building":"yes","_elevM":10,"_bbox":[99.9682162,8.4148407,99.968963,8.415329]},"geometry":{"type":"Polygon","coordinates":[[[99.96822,8.41515],[99.96831,8.41484],[99.96866,8.41494],[99.96863,8.41504],[99.96856,8.41502],[99.96853,8.41512],[99.96896,8.41524],[99.96894,8.4153],[99.96888,8.4153],[99.96886,8.41533],[99.96863,8.41526],[99.96865,8.41519],[99.96852,8.41515],[99.96849,8.41523],[99.96822,8.41515]]]}},{"type":"Feature","id":"way/770818407","properties":{"id":"way/770818407","building":"yes","_elevM":10,"_bbox":[99.9690623,8.4152334,99.9698604,8.4156027]},"geometry":{"type":"Polygon","coordinates":[[[99.9691,8.41523],[99.96986,8.41547],[99.96986,8.4156],[99.96934,8.41544],[99.96936,8.41539],[99.96925,8.41536],[99.96923,8.41541],[99.96906,8.41536],[99.9691,8.41523]]]}},{"type":"Feature","id":"way/770818408","properties":{"id":"way/770818408","building":"yes","_elevM":10,"_bbox":[99.9676955,8.4154055,99.9680607,8.4155985]},"geometry":{"type":"Polygon","coordinates":[[[99.96772,8.41541],[99.96806,8.41548],[99.96803,8.4156],[99.9677,8.41552],[99.96772,8.41541]]]}},{"type":"Feature","id":"way/770818409","properties":{"id":"way/770818409","building":"yes","_elevM":10,"_bbox":[99.9690617,8.4150714,99.9694876,8.4153108]},"geometry":{"type":"Polygon","coordinates":[[[99.96906,8.41519],[99.9691,8.41507],[99.96949,8.41519],[99.96945,8.41531],[99.96906,8.41519]]]}},{"type":"Feature","id":"way/770818410","properties":{"id":"way/770818410","building":"yes","_elevM":10,"_bbox":[99.9677747,8.4151716,99.9681518,8.4153926]},"geometry":{"type":"Polygon","coordinates":[[[99.96777,8.41526],[99.9678,8.41517],[99.96815,8.41526],[99.96812,8.41539],[99.968,8.41536],[99.96801,8.41532],[99.96777,8.41526]]]}},{"type":"Feature","id":"way/770818411","properties":{"id":"way/770818411","building":"yes","_elevM":10,"_bbox":[99.9681214,8.4152669,99.9683938,8.4155968]},"geometry":{"type":"Polygon","coordinates":[[[99.96812,8.41554],[99.96821,8.41527],[99.96839,8.41533],[99.9683,8.4156],[99.96812,8.41554]]]}},{"type":"Feature","id":"way/770818412","properties":{"id":"way/770818412","building":"yes","_elevM":10,"_bbox":[99.9683664,8.4153634,99.9698899,8.415971]},"geometry":{"type":"Polygon","coordinates":[[[99.96837,8.41565],[99.9684,8.41547],[99.96853,8.41547],[99.96856,8.41536],[99.96874,8.41541],[99.96872,8.4155],[99.9688,8.41553],[99.96883,8.41542],[99.96902,8.41547],[99.96901,8.41552],[99.96906,8.41554],[99.96904,8.41562],[99.96899,8.41561],[99.96898,8.41566],[99.96911,8.41569],[99.96913,8.41562],[99.96907,8.41559],[99.9691,8.4155],[99.96929,8.41554],[99.96924,8.41565],[99.9692,8.41564],[99.96919,8.41568],[99.96931,8.4157],[99.96935,8.41557],[99.96944,8.41559],[99.96943,8.4157],[99.96954,8.41574],[99.96953,8.41583],[99.96957,8.41585],[99.96967,8.4158],[99.96967,8.41577],[99.96959,8.41576],[99.96956,8.41571],[99.9695,8.41568],[99.96951,8.41558],[99.96985,8.4157],[99.96989,8.41589],[99.96988,8.41594],[99.96977,8.41593],[99.96977,8.41585],[99.96975,8.41584],[99.96972,8.41593],[99.96963,8.41592],[99.96962,8.41597],[99.96948,8.41594],[99.96951,8.41587],[99.96947,8.41586],[99.96948,8.4158],[99.96944,8.41578],[99.96941,8.41592],[99.96927,8.41589],[99.96929,8.41582],[99.96919,8.4158],[99.96917,8.41588],[99.96868,8.41578],[99.96865,8.41565],[99.96859,8.41562],[99.96853,8.41572],[99.96842,8.41571],[99.96842,8.41565],[99.96837,8.41565]]]}},{"type":"Feature","id":"way/770818413","properties":{"id":"way/770818413","building":"yes","_elevM":10,"_bbox":[99.9681118,8.4155998,99.9683119,8.4157336]},"geometry":{"type":"Polygon","coordinates":[[[99.96811,8.41571],[99.96812,8.41564],[99.96825,8.41566],[99.96826,8.4156],[99.96831,8.41561],[99.96829,8.41573],[99.96811,8.41571]]]}},{"type":"Feature","id":"way/770818414","properties":{"id":"way/770818414","building":"yes","_elevM":10,"_bbox":[99.9675791,8.4156117,99.9680202,8.4160641]},"geometry":{"type":"Polygon","coordinates":[[[99.96758,8.41601],[99.96764,8.41561],[99.96785,8.41565],[99.96781,8.4158],[99.96802,8.41588],[99.96801,8.41597],[99.96796,8.41596],[99.96793,8.41593],[99.96793,8.41602],[99.96782,8.41601],[99.96782,8.41606],[99.96758,8.41601]]]}},{"type":"Feature","id":"way/770818415","properties":{"id":"way/770818415","building":"yes","_elevM":10,"_bbox":[99.9680284,8.4159294,99.9684003,8.4161123]},"geometry":{"type":"Polygon","coordinates":[[[99.96803,8.41606],[99.96805,8.41593],[99.9684,8.41599],[99.96838,8.41611],[99.96803,8.41606]]]}},{"type":"Feature","id":"way/770818416","properties":{"id":"way/770818416","building":"yes","_elevM":10,"_bbox":[99.9680588,8.4158047,99.9683983,8.4159635]},"geometry":{"type":"Polygon","coordinates":[[[99.96806,8.41591],[99.96807,8.4158],[99.96814,8.41581],[99.96814,8.41586],[99.96816,8.41586],[99.96817,8.41581],[99.96825,8.41583],[99.96823,8.41589],[99.96827,8.4159],[99.9683,8.41584],[99.9684,8.41586],[99.96837,8.41596],[99.96806,8.41591]]]}},{"type":"Feature","id":"way/770818417","properties":{"id":"way/770818417","building":"yes","_elevM":10,"_bbox":[99.9679607,8.4156841,99.9680385,8.415829]},"geometry":{"type":"Polygon","coordinates":[[[99.96796,8.41582],[99.96798,8.41568],[99.96804,8.41576],[99.96803,8.41583],[99.96796,8.41582]]]}},{"type":"Feature","id":"way/770818418","properties":{"id":"way/770818418","building":"yes","_elevM":10,"_bbox":[99.9684052,8.4158304,99.9690536,8.4162748]},"geometry":{"type":"Polygon","coordinates":[[[99.96841,8.41613],[99.96846,8.416],[99.96842,8.41598],[99.96845,8.41583],[99.96892,8.4159],[99.96891,8.41606],[99.96905,8.41608],[99.96901,8.41621],[99.9689,8.41621],[99.96888,8.41627],[99.9688,8.41625],[99.96882,8.41619],[99.96863,8.41614],[99.96865,8.41606],[99.96854,8.41603],[99.96853,8.41616],[99.96841,8.41613]]]}},{"type":"Feature","id":"way/770818419","properties":{"id":"way/770818419","building":"yes","_elevM":10,"_bbox":[99.969111,8.4160154,99.9693594,8.4163063]},"geometry":{"type":"Polygon","coordinates":[[[99.96914,8.41629],[99.96917,8.41613],[99.96911,8.41612],[99.96912,8.41606],[99.96919,8.41607],[99.9692,8.41602],[99.96936,8.41604],[99.96934,8.41614],[99.96926,8.41613],[99.96923,8.41631],[99.96914,8.41629]]]}},{"type":"Feature","id":"way/770818420","properties":{"id":"way/770818420","building":"yes","_elevM":10,"_bbox":[99.9692908,8.415999,99.9698376,8.4164341]},"geometry":{"type":"Polygon","coordinates":[[[99.96938,8.41641],[99.96939,8.41635],[99.96929,8.41633],[99.96932,8.41618],[99.96943,8.4162],[99.96944,8.41612],[99.96949,8.41613],[99.96951,8.416],[99.96977,8.41605],[99.96977,8.41607],[99.96984,8.41608],[99.96977,8.41642],[99.96969,8.4164],[99.96971,8.41628],[99.96961,8.41626],[99.96963,8.41615],[99.96953,8.41613],[99.96947,8.41643],[99.96938,8.41641]]]}},{"type":"Feature","id":"way/770818421","properties":{"id":"way/770818421","building":"yes","_elevM":10,"_bbox":[99.967524,8.4160968,99.9676964,8.4162564]},"geometry":{"type":"Polygon","coordinates":[[[99.96752,8.41623],[99.96755,8.4161],[99.9677,8.41612],[99.96767,8.41626],[99.96752,8.41623]]]}},{"type":"Feature","id":"way/770818422","properties":{"id":"way/770818422","building":"yes","_elevM":10,"_bbox":[99.9677829,8.416139,99.9679631,8.4165474]},"geometry":{"type":"Polygon","coordinates":[[[99.96778,8.41627],[99.96781,8.41614],[99.96796,8.41617],[99.96791,8.41655],[99.96783,8.41653],[99.96786,8.41629],[99.96778,8.41627]]]}},{"type":"Feature","id":"way/770818423","properties":{"id":"way/770818423","building":"yes","_elevM":10,"_bbox":[99.9673362,8.416427,99.9678445,8.4170259]},"geometry":{"type":"Polygon","coordinates":[[[99.96734,8.41695],[99.96746,8.41643],[99.96768,8.41644],[99.96766,8.41657],[99.9677,8.41658],[99.96772,8.41644],[99.96778,8.41647],[99.96777,8.41654],[99.96784,8.41656],[99.96777,8.41703],[99.96734,8.41695]]]}},{"type":"Feature","id":"way/770818424","properties":{"id":"way/770818424","building":"yes","_elevM":10,"_bbox":[99.9673455,8.4169877,99.9674917,8.4170987]},"geometry":{"type":"Polygon","coordinates":[[[99.96737,8.41699],[99.96749,8.41702],[99.96747,8.4171],[99.96735,8.41707],[99.96737,8.41699]]]}},{"type":"Feature","id":"way/770818425","properties":{"id":"way/770818425","building":"yes","_elevM":10,"_bbox":[99.9671606,8.4171493,99.9676551,8.4178213]},"geometry":{"type":"Polygon","coordinates":[[[99.96733,8.41715],[99.96747,8.41716],[99.96745,8.41726],[99.96757,8.41732],[99.96754,8.41744],[99.96766,8.41749],[99.96761,8.41775],[99.96753,8.41774],[99.96751,8.41777],[99.96734,8.41773],[99.96732,8.41782],[99.96722,8.4178],[99.96724,8.41772],[99.96716,8.41769],[99.96718,8.41761],[99.96731,8.41764],[99.96729,8.41767],[99.96754,8.41771],[99.96755,8.41765],[99.96739,8.4176],[99.96741,8.41753],[99.96747,8.41754],[99.96751,8.4175],[99.96727,8.41747],[99.96729,8.41741],[99.96748,8.41743],[99.96749,8.41741],[99.96724,8.41739],[99.96727,8.41725],[99.96731,8.41724],[99.96733,8.41715]]]}},{"type":"Feature","id":"way/770818426","properties":{"id":"way/770818426","building":"yes","_elevM":10,"_bbox":[99.9671883,8.4174785,99.9673824,8.4175928]},"geometry":{"type":"Polygon","coordinates":[[[99.96719,8.41755],[99.96722,8.41748],[99.96738,8.41753],[99.96736,8.41759],[99.96719,8.41755]]]}},{"type":"Feature","id":"way/770818427","properties":{"id":"way/770818427","building":"yes","_elevM":10,"_bbox":[99.9670158,8.417915,99.9673207,8.4181987]},"geometry":{"type":"Polygon","coordinates":[[[99.96702,8.41814],[99.96709,8.41792],[99.96732,8.41799],[99.96729,8.41809],[99.96725,8.41809],[99.96721,8.4182],[99.96702,8.41814]]]}},{"type":"Feature","id":"way/770818428","properties":{"id":"way/770818428","building":"yes","_elevM":10,"_bbox":[99.9670272,8.4182088,99.9674621,8.4184034]},"geometry":{"type":"Polygon","coordinates":[[[99.96703,8.41832],[99.96705,8.41821],[99.96746,8.41827],[99.96744,8.4184],[99.96731,8.41838],[99.96732,8.4183],[99.96718,8.41828],[99.96715,8.41834],[99.96703,8.41832]]]}},{"type":"Feature","id":"way/770818430","properties":{"id":"way/770818430","building":"yes","_elevM":10,"_bbox":[99.9678122,8.4182251,99.9679329,8.4183089]},"geometry":{"type":"Polygon","coordinates":[[[99.96781,8.41829],[99.96783,8.41823],[99.96793,8.41825],[99.96792,8.41831],[99.96781,8.41829]]]}},{"type":"Feature","id":"way/770818431","properties":{"id":"way/770818431","building":"yes","_elevM":10,"_bbox":[99.9677853,8.4177958,99.968019,8.4182122]},"geometry":{"type":"Polygon","coordinates":[[[99.96783,8.41819],[99.96787,8.41793],[99.96779,8.41791],[99.96781,8.4178],[99.96802,8.41783],[99.96795,8.41821],[99.96783,8.41819]]]}},{"type":"Feature","id":"way/770818432","properties":{"id":"way/770818432","building":"yes","_elevM":10,"_bbox":[99.9681395,8.4178386,99.9685429,8.4180593]},"geometry":{"type":"Polygon","coordinates":[[[99.96814,8.41798],[99.96817,8.41784],[99.96854,8.41791],[99.96851,8.41806],[99.96814,8.41798]]]}},{"type":"Feature","id":"way/770818433","properties":{"id":"way/770818433","building":"yes","_elevM":10,"_bbox":[99.9681212,8.4181638,99.9684203,8.4184581]},"geometry":{"type":"Polygon","coordinates":[[[99.96812,8.41841],[99.96817,8.41816],[99.96842,8.41821],[99.96837,8.41846],[99.96812,8.41841]]]}},{"type":"Feature","id":"way/770818434","properties":{"id":"way/770818434","building":"yes","_elevM":10,"_bbox":[99.9680864,8.418506,99.9683334,8.4186426]},"geometry":{"type":"Polygon","coordinates":[[[99.96809,8.4186],[99.9681,8.41851],[99.96833,8.41855],[99.96832,8.41864],[99.96809,8.4186]]]}},{"type":"Feature","id":"way/770818435","properties":{"id":"way/770818435","building":"yes","_elevM":10,"_bbox":[99.9672512,8.4185422,99.9679629,8.4192547]},"geometry":{"type":"Polygon","coordinates":[[[99.96731,8.41907],[99.96728,8.41902],[99.96734,8.41874],[99.96725,8.41872],[99.96728,8.4186],[99.96738,8.41862],[99.96739,8.41854],[99.9675,8.41857],[99.96741,8.41896],[99.96746,8.41897],[99.96749,8.41885],[99.96761,8.41888],[99.96762,8.41884],[99.9677,8.41886],[99.96769,8.4189],[99.96796,8.41897],[99.9679,8.41925],[99.9678,8.41923],[99.96783,8.41912],[99.9678,8.41912],[99.96777,8.41925],[99.96763,8.41922],[99.96767,8.41903],[99.96762,8.41903],[99.96758,8.41916],[99.96734,8.41912],[99.96735,8.41908],[99.96731,8.41907]]]}},{"type":"Feature","id":"way/770818436","properties":{"id":"way/770818436","building":"yes","_elevM":10,"_bbox":[99.9675808,8.4186036,99.9678273,8.418873]},"geometry":{"type":"Polygon","coordinates":[[[99.96758,8.41877],[99.96761,8.4186],[99.96783,8.41864],[99.96779,8.41887],[99.96773,8.41886],[99.96772,8.41879],[99.96758,8.41877]]]}},{"type":"Feature","id":"way/770818437","properties":{"id":"way/770818437","building":"yes","_elevM":10,"_bbox":[99.9678146,8.4187241,99.9679354,8.4188865]},"geometry":{"type":"Polygon","coordinates":[[[99.96781,8.41887],[99.96785,8.41872],[99.96794,8.41874],[99.9679,8.41889],[99.96781,8.41887]]]}},{"type":"Feature","id":"way/770818438","properties":{"id":"way/770818438","building":"yes","_elevM":10,"_bbox":[99.9664962,8.4276957,99.9675332,8.4284133]},"geometry":{"type":"Polygon","coordinates":[[[99.9665,8.42814],[99.96654,8.4277],[99.96669,8.42771],[99.96666,8.42783],[99.96661,8.42781],[99.96658,8.42793],[99.96664,8.42793],[99.96662,8.42802],[99.96669,8.42802],[99.96674,8.42774],[99.96737,8.42787],[99.96734,8.42821],[99.96753,8.42829],[99.96753,8.42841],[99.9665,8.42814]]]}},{"type":"Feature","id":"way/770818439","properties":{"id":"way/770818439","building":"yes","_elevM":10,"_bbox":[99.9666173,8.4266654,99.9673468,8.4276842]},"geometry":{"type":"Polygon","coordinates":[[[99.96662,8.42759],[99.96683,8.42667],[99.96707,8.42673],[99.96706,8.4268],[99.96697,8.42678],[99.96697,8.42687],[99.96692,8.42686],[99.9669,8.42703],[99.967,8.42705],[99.96701,8.42693],[99.96717,8.42696],[99.96719,8.42673],[99.96735,8.42673],[99.96727,8.4273],[99.9673,8.42733],[99.96724,8.42768],[99.96699,8.42762],[99.967,8.42755],[99.96696,8.42755],[99.96699,8.42741],[99.96708,8.42741],[99.96706,8.42749],[99.96713,8.42752],[99.96718,8.42732],[99.96691,8.42727],[99.96679,8.42762],[99.96662,8.42759]]]}},{"type":"Feature","id":"way/770818440","properties":{"id":"way/770818440","building":"yes","_elevM":10,"_bbox":[99.9668909,8.4258058,99.9675829,8.4267291]},"geometry":{"type":"Polygon","coordinates":[[[99.9669,8.42658],[99.96689,8.42646],[99.96699,8.42649],[99.96704,8.42643],[99.96718,8.42645],[99.96716,8.42637],[99.96726,8.42637],[99.96729,8.42624],[99.96725,8.42618],[99.96729,8.42606],[99.96735,8.42607],[99.96731,8.42617],[99.96741,8.42618],[99.96749,8.42582],[99.96758,8.42581],[99.96735,8.42668],[99.96722,8.42663],[99.96719,8.42673],[99.9671,8.42671],[99.96711,8.42665],[99.9669,8.42658]]]}},{"type":"Feature","id":"way/770823195","properties":{"id":"way/770823195","building":"yes","_elevM":10,"_bbox":[99.9669834,8.4258528,99.9672396,8.4261325]},"geometry":{"type":"Polygon","coordinates":[[[99.96698,8.42609],[99.96703,8.42585],[99.96724,8.42589],[99.9672,8.42613],[99.96698,8.42609]]]}},{"type":"Feature","id":"way/770823196","properties":{"id":"way/770823196","building":"yes","_elevM":10,"_bbox":[99.9670356,8.4253063,99.9678058,8.4258122]},"geometry":{"type":"Polygon","coordinates":[[[99.96704,8.42576],[99.96719,8.4254],[99.96731,8.42539],[99.96732,8.42552],[99.9674,8.42555],[99.96741,8.42561],[99.96746,8.42562],[99.96753,8.42531],[99.96781,8.42535],[99.96764,8.42573],[99.96758,8.42573],[99.96756,8.42578],[99.9674,8.42578],[99.96737,8.42581],[99.96725,8.4258],[99.96725,8.42571],[99.96721,8.42571],[99.9672,8.42575],[99.96711,8.42573],[99.96709,8.42578],[99.96704,8.42576]]]}},{"type":"Feature","id":"way/770823197","properties":{"id":"way/770823197","building":"yes","_elevM":10,"_bbox":[99.9671989,8.4247638,99.9679475,8.425413]},"geometry":{"type":"Polygon","coordinates":[[[99.9672,8.42532],[99.96733,8.42499],[99.96737,8.42499],[99.96742,8.42476],[99.96753,8.42478],[99.96745,8.42501],[99.96748,8.42502],[99.96756,8.4248],[99.96795,8.42487],[99.96793,8.42498],[99.96767,8.42492],[99.96768,8.42496],[99.96791,8.42502],[99.96788,8.42516],[99.96765,8.42512],[99.96759,8.42527],[99.96749,8.42526],[99.96744,8.42541],[99.9672,8.42532]]]}},{"type":"Feature","id":"way/770823198","properties":{"id":"way/770823198","building":"yes","_elevM":10,"_bbox":[99.967466,8.42454,99.9679855,8.4248127]},"geometry":{"type":"Polygon","coordinates":[[[99.9675,8.42454],[99.96799,8.42465],[99.96795,8.42481],[99.96782,8.4248],[99.96785,8.42472],[99.96779,8.42469],[99.96777,8.42476],[99.96773,8.42476],[99.96772,8.42469],[99.96747,8.42465],[99.9675,8.42454]]]}},{"type":"Feature","id":"way/770823199","properties":{"id":"way/770823199","building":"yes","_elevM":10,"_bbox":[99.967324,8.4244365,99.967478,8.4246651]},"geometry":{"type":"Polygon","coordinates":[[[99.96732,8.42464],[99.96733,8.42454],[99.96739,8.42453],[99.96742,8.42444],[99.96748,8.42444],[99.96742,8.42467],[99.96732,8.42464]]]}},{"type":"Feature","id":"way/770823200","properties":{"id":"way/770823200","building":"yes","_elevM":10,"_bbox":[99.9674273,8.4239375,99.9678502,8.4242666]},"geometry":{"type":"Polygon","coordinates":[[[99.96743,8.42411],[99.96743,8.42401],[99.96753,8.42403],[99.96755,8.42394],[99.96772,8.424],[99.96772,8.42395],[99.96785,8.42395],[99.96779,8.42427],[99.96765,8.42422],[99.96768,8.42416],[99.96743,8.42411]]]}},{"type":"Feature","id":"way/770823201","properties":{"id":"way/770823201","building":"yes","_elevM":10,"_bbox":[99.9675366,8.4243116,99.9677106,8.4244731]},"geometry":{"type":"Polygon","coordinates":[[[99.96757,8.42431],[99.96771,8.42434],[99.96768,8.42447],[99.96762,8.42446],[99.96764,8.4244],[99.96754,8.42438],[99.96757,8.42431]]]}},{"type":"Feature","id":"way/770823202","properties":{"id":"way/770823202","building":"yes","_elevM":10,"_bbox":[99.9678154,8.4243619,99.9680695,8.4245874]},"geometry":{"type":"Polygon","coordinates":[[[99.96782,8.42451],[99.96783,8.42436],[99.96807,8.42439],[99.96803,8.42459],[99.96792,8.42458],[99.96794,8.42452],[99.96782,8.42451]]]}},{"type":"Feature","id":"way/770823203","properties":{"id":"way/770823203","building":"yes","_elevM":10,"_bbox":[99.9678939,8.4237295,99.9681866,8.4243436]},"geometry":{"type":"Polygon","coordinates":[[[99.9679,8.42427],[99.96789,8.42412],[99.96797,8.42413],[99.96799,8.42403],[99.96791,8.42401],[99.96792,8.42393],[99.96802,8.42394],[99.96803,8.42388],[99.96798,8.42386],[99.96799,8.42373],[99.96819,8.42376],[99.96808,8.42434],[99.9679,8.42427]]]}},{"type":"Feature","id":"way/770823204","properties":{"id":"way/770823204","building":"yes","_elevM":10,"_bbox":[99.9674424,8.4220864,99.9684406,8.4226502]},"geometry":{"type":"Polygon","coordinates":[[[99.96758,8.42209],[99.96799,8.42215],[99.96799,8.42225],[99.96827,8.42224],[99.96835,8.42217],[99.96844,8.42218],[99.96839,8.42265],[99.96801,8.42259],[99.968,8.42254],[99.96768,8.42246],[99.96763,8.42252],[99.96744,8.42251],[99.96745,8.42236],[99.96751,8.42234],[99.96747,8.4222],[99.96758,8.42209]]]}},{"type":"Feature","id":"way/770823206","properties":{"id":"way/770823206","building":"yes","_elevM":10,"_bbox":[99.9677967,8.4226654,99.9684036,8.4230891]},"geometry":{"type":"Polygon","coordinates":[[[99.9678,8.42296],[99.9678,8.4228],[99.96791,8.42279],[99.96795,8.42267],[99.96818,8.42271],[99.9684,8.42273],[99.96839,8.42279],[99.96829,8.42278],[99.96828,8.42284],[99.96837,8.42288],[99.96832,8.42309],[99.96811,8.42302],[99.96811,8.42296],[99.968,8.42294],[99.96798,8.42299],[99.9678,8.42296]]]}},{"type":"Feature","id":"way/770823207","properties":{"id":"way/770823207","building":"yes","_elevM":10,"_bbox":[99.9678491,8.4231378,99.9679815,8.4233024]},"geometry":{"type":"Polygon","coordinates":[[[99.96785,8.42329],[99.9679,8.42314],[99.96798,8.42316],[99.96797,8.4233],[99.96785,8.42329]]]}},{"type":"Feature","id":"way/770823208","properties":{"id":"way/770823208","building":"yes","_elevM":10,"_bbox":[99.9676057,8.4214769,99.9679569,8.421867]},"geometry":{"type":"Polygon","coordinates":[[[99.96782,8.42184],[99.96783,8.42171],[99.96776,8.42169],[99.9678,8.42159],[99.96761,8.42152],[99.96762,8.42148],[99.96781,8.42153],[99.96782,8.4215],[99.96796,8.42148],[99.96793,8.42187],[99.96782,8.42184]]]}},{"type":"Feature","id":"way/770823209","properties":{"id":"way/770823209","building":"yes","_elevM":10,"_bbox":[99.9677998,8.4219584,99.9679692,8.4220955]},"geometry":{"type":"Polygon","coordinates":[[[99.9678,8.42206],[99.96782,8.42196],[99.96797,8.42201],[99.96793,8.4221],[99.9678,8.42206]]]}},{"type":"Feature","id":"way/770823210","properties":{"id":"way/770823210","building":"yes","_elevM":10,"_bbox":[99.9680339,8.4215988,99.9685546,8.421934]},"geometry":{"type":"Polygon","coordinates":[[[99.96803,8.42182],[99.96804,8.42168],[99.96817,8.42167],[99.96819,8.4216],[99.96855,8.42167],[99.96852,8.42193],[99.96832,8.4219],[99.96834,8.42176],[99.96818,8.42173],[99.96818,8.42185],[99.96803,8.42182]]]}},{"type":"Feature","id":"way/770823211","properties":{"id":"way/770823211","building":"yes","_elevM":10,"_bbox":[99.9680647,8.4220193,99.9682496,8.4221352]},"geometry":{"type":"Polygon","coordinates":[[[99.96806,8.4221],[99.96808,8.42202],[99.96825,8.42205],[99.96823,8.42214],[99.96806,8.4221]]]}},{"type":"Feature","id":"way/770823214","properties":{"id":"way/770823214","building":"yes","_elevM":10,"_bbox":[99.9676898,8.4205532,99.9686418,8.4209803]},"geometry":{"type":"Polygon","coordinates":[[[99.96769,8.42081],[99.96774,8.42065],[99.96779,8.42067],[99.96782,8.42055],[99.9679,8.42058],[99.96791,8.42064],[99.96864,8.4208],[99.96863,8.42098],[99.96769,8.42081]]]}},{"type":"Feature","id":"way/770823215","properties":{"id":"way/770823215","building":"yes","_elevM":10,"_bbox":[99.967742,8.420183,99.9678502,8.420277]},"geometry":{"type":"Polygon","coordinates":[[[99.96774,8.42026],[99.96776,8.42018],[99.96785,8.4202],[99.96783,8.42028],[99.96774,8.42026]]]}},{"type":"Feature","id":"way/770823216","properties":{"id":"way/770823216","building":"yes","_elevM":10,"_bbox":[99.9677622,8.419855,99.9679296,8.4200992]},"geometry":{"type":"Polygon","coordinates":[[[99.96776,8.42008],[99.9678,8.41986],[99.96793,8.41988],[99.96789,8.4201],[99.96776,8.42008]]]}},{"type":"Feature","id":"way/770823217","properties":{"id":"way/770823217","building":"yes","_elevM":10,"_bbox":[99.9681463,8.4202743,99.9683296,8.4204326]},"geometry":{"type":"Polygon","coordinates":[[[99.96815,8.4204],[99.96817,8.42027],[99.96833,8.42031],[99.9683,8.42043],[99.96815,8.4204]]]}},{"type":"Feature","id":"way/770823218","properties":{"id":"way/770823218","building":"yes","_elevM":10,"_bbox":[99.9682149,8.41993,99.9683834,8.4200742]},"geometry":{"type":"Polygon","coordinates":[[[99.96821,8.42004],[99.96824,8.41993],[99.96838,8.41996],[99.96836,8.42007],[99.96821,8.42004]]]}},{"type":"Feature","id":"way/770823219","properties":{"id":"way/770823219","building":"yes","_elevM":10,"_bbox":[99.9683788,8.4200468,99.9686557,8.4205145]},"geometry":{"type":"Polygon","coordinates":[[[99.96838,8.42048],[99.96842,8.42031],[99.9685,8.42029],[99.96854,8.4201],[99.9685,8.42009],[99.96852,8.42005],[99.96866,8.42008],[99.96856,8.42051],[99.96838,8.42048]]]}},{"type":"Feature","id":"way/770823220","properties":{"id":"way/770823220","building":"yes","_elevM":10,"_bbox":[99.9679865,8.41942,99.9684069,8.4196504]},"geometry":{"type":"Polygon","coordinates":[[[99.96799,8.41953],[99.96804,8.41942],[99.96841,8.41958],[99.96838,8.41965],[99.96808,8.41952],[99.96806,8.41957],[99.96799,8.41953]]]}},{"type":"Feature","id":"way/770823221","properties":{"id":"way/770823221","building":"yes","_elevM":10,"_bbox":[99.9679766,8.4189495,99.9686094,8.419483]},"geometry":{"type":"Polygon","coordinates":[[[99.96798,8.41928],[99.96807,8.41899],[99.96813,8.41901],[99.96814,8.41895],[99.96838,8.41899],[99.96836,8.41911],[99.96861,8.41915],[99.96853,8.41948],[99.96839,8.41944],[99.96841,8.41939],[99.96834,8.41937],[99.9684,8.41928],[99.9685,8.41933],[99.96852,8.41921],[99.9684,8.41919],[99.96838,8.41924],[99.96831,8.41922],[99.96824,8.41937],[99.96798,8.41928]]]}},{"type":"Feature","id":"way/770823222","properties":{"id":"way/770823222","building":"yes","_elevM":10,"_bbox":[99.9684553,8.4189272,99.9686245,8.419061]},"geometry":{"type":"Polygon","coordinates":[[[99.96846,8.41901],[99.96849,8.41893],[99.96862,8.41898],[99.96859,8.41906],[99.96846,8.41901]]]}},{"type":"Feature","id":"way/770823223","properties":{"id":"way/770823223","building":"yes","_elevM":10,"_bbox":[99.968621,8.4193144,99.969004,8.4196355]},"geometry":{"type":"Polygon","coordinates":[[[99.96862,8.41951],[99.96868,8.41934],[99.96881,8.4194],[99.96884,8.41931],[99.969,8.41934],[99.96891,8.41964],[99.96862,8.41951]]]}},{"type":"Feature","id":"way/770823224","properties":{"id":"way/770823224","building":"yes","_elevM":10,"_bbox":[99.9687098,8.4188617,99.969102,8.4192035]},"geometry":{"type":"Polygon","coordinates":[[[99.96871,8.41916],[99.96874,8.41911],[99.96882,8.41912],[99.96882,8.4191],[99.96874,8.41907],[99.96878,8.41886],[99.9691,8.41894],[99.96906,8.41912],[99.96891,8.4191],[99.96884,8.4192],[99.96871,8.41916]]]}},{"type":"Feature","id":"way/770823225","properties":{"id":"way/770823225","building":"yes","_elevM":10,"_bbox":[99.9690483,8.4193144,99.9692538,8.4195431]},"geometry":{"type":"Polygon","coordinates":[[[99.96905,8.41949],[99.9691,8.41931],[99.96925,8.41932],[99.96923,8.41941],[99.96924,8.41942],[99.96921,8.41954],[99.96905,8.41949]]]}},{"type":"Feature","id":"way/770823226","properties":{"id":"way/770823226","building":"yes","_elevM":10,"_bbox":[99.9691721,8.4189749,99.9693939,8.4192313]},"geometry":{"type":"Polygon","coordinates":[[[99.96917,8.41919],[99.96921,8.41907],[99.96925,8.41906],[99.96927,8.41897],[99.96939,8.419],[99.96937,8.41908],[99.96932,8.41908],[99.96932,8.4191],[99.96938,8.41911],[99.96934,8.41923],[99.96917,8.41919]]]}},{"type":"Feature","id":"way/770823227","properties":{"id":"way/770823227","building":"yes","_elevM":10,"_bbox":[99.9684047,8.418498,99.9687673,8.418737]},"geometry":{"type":"Polygon","coordinates":[[[99.9684,8.41869],[99.96845,8.4185],[99.96877,8.41857],[99.96873,8.41873],[99.96855,8.4187],[99.96853,8.41874],[99.96848,8.4187],[99.9684,8.41869]]]}},{"type":"Feature","id":"way/770823228","properties":{"id":"way/770823228","building":"yes","_elevM":10,"_bbox":[99.9688242,8.4185938,99.9691908,8.4188756]},"geometry":{"type":"Polygon","coordinates":[[[99.96882,8.41882],[99.96887,8.41859],[99.96919,8.41864],[99.96913,8.41888],[99.96882,8.41882]]]}},{"type":"Feature","id":"way/770823229","properties":{"id":"way/770823229","building":"yes","_elevM":10,"_bbox":[99.9685463,8.4177323,99.9696227,8.4184806]},"geometry":{"type":"Polygon","coordinates":[[[99.96859,8.41846],[99.9686,8.41842],[99.96855,8.41841],[99.96855,8.41836],[99.96864,8.41837],[99.96865,8.41814],[99.9686,8.41815],[99.9686,8.41796],[99.96892,8.41799],[99.96892,8.41792],[99.9688,8.41789],[99.96881,8.41773],[99.96892,8.41775],[99.9689,8.4178],[99.96895,8.41782],[99.96895,8.41779],[99.96907,8.41781],[99.96909,8.41778],[99.96924,8.4178],[99.9692,8.41794],[99.96932,8.41795],[99.96935,8.41786],[99.96947,8.41791],[99.96944,8.41802],[99.96962,8.41803],[99.96962,8.4181],[99.96954,8.41811],[99.96953,8.41815],[99.96891,8.41809],[99.96888,8.41818],[99.96957,8.41824],[99.96956,8.41845],[99.96888,8.41843],[99.96888,8.41833],[99.96876,8.41832],[99.96875,8.41848],[99.96859,8.41846]]]}},{"type":"Feature","id":"way/770823230","properties":{"id":"way/770823230","building":"yes","_elevM":10,"_bbox":[99.9684582,8.4180858,99.9685617,8.4183142]},"geometry":{"type":"Polygon","coordinates":[[[99.96846,8.4183],[99.96851,8.41809],[99.96856,8.4181],[99.96851,8.41831],[99.96846,8.4183]]]}},{"type":"Feature","id":"way/770823231","properties":{"id":"way/770823231","building":"yes","_elevM":10,"_bbox":[99.9688227,8.4174296,99.9695233,8.4177179]},"geometry":{"type":"Polygon","coordinates":[[[99.96882,8.41758],[99.96885,8.41743],[99.96952,8.41757],[99.96949,8.41772],[99.96882,8.41758]]]}},{"type":"Feature","id":"way/770823232","properties":{"id":"way/770823232","building":"yes","_elevM":10,"_bbox":[99.961935,8.4219617,99.9621312,8.4223312]},"geometry":{"type":"Polygon","coordinates":[[[99.96193,8.42229],[99.96197,8.42196],[99.96213,8.42197],[99.96207,8.42233],[99.96193,8.42229]]]}},{"type":"Feature","id":"way/770823233","properties":{"id":"way/770823233","building":"yes","_elevM":10,"_bbox":[99.9620209,8.4206451,99.9623944,8.4216337]},"geometry":{"type":"Polygon","coordinates":[[[99.96202,8.42159],[99.96216,8.42065],[99.96239,8.42066],[99.96222,8.42163],[99.96202,8.42159]]]}},{"type":"Feature","id":"way/770823237","properties":{"id":"way/770823237","building":"yes","_elevM":10,"_bbox":[99.9621334,8.4201633,99.9624625,8.4205659]},"geometry":{"type":"Polygon","coordinates":[[[99.96213,8.42056],[99.96222,8.42016],[99.96246,8.42019],[99.96241,8.42057],[99.96213,8.42056]]]}},{"type":"Feature","id":"way/770823238","properties":{"id":"way/770823238","building":"yes","_elevM":10,"_bbox":[99.9618153,8.4223871,99.9620593,8.422671]},"geometry":{"type":"Polygon","coordinates":[[[99.96182,8.42264],[99.96188,8.42256],[99.96195,8.42257],[99.96198,8.42247],[99.9619,8.42246],[99.9619,8.42239],[99.96206,8.42246],[99.962,8.42267],[99.96182,8.42264]]]}},{"type":"Feature","id":"way/770823239","properties":{"id":"way/770823239","building":"yes","_elevM":10,"_bbox":[99.9615712,8.4228249,99.9619789,8.4241196]},"geometry":{"type":"Polygon","coordinates":[[[99.96157,8.42408],[99.96162,8.42379],[99.96172,8.42369],[99.96171,8.4236],[99.96165,8.42359],[99.96165,8.42355],[99.9617,8.42357],[99.96172,8.42352],[99.96166,8.4235],[99.96165,8.42344],[99.96171,8.42344],[99.96171,8.42329],[99.96167,8.42327],[99.96168,8.42321],[99.96176,8.42324],[99.96178,8.42318],[99.96168,8.42316],[99.96178,8.42286],[99.96183,8.42287],[99.96184,8.42282],[99.96197,8.42283],[99.96192,8.42295],[99.96198,8.42298],[99.96193,8.42312],[99.96186,8.42313],[99.96184,8.42323],[99.96189,8.42325],[99.96187,8.4234],[99.96182,8.42338],[99.96179,8.42344],[99.96175,8.42343],[99.96177,8.42355],[99.96186,8.42357],[99.96169,8.42412],[99.96157,8.42408]]]}},{"type":"Feature","id":"way/770823240","properties":{"id":"way/770823240","building":"yes","_elevM":10,"_bbox":[99.9613504,8.4244977,99.9616093,8.4247918]},"geometry":{"type":"Polygon","coordinates":[[[99.96135,8.42474],[99.96141,8.4245],[99.96154,8.42453],[99.96153,8.42458],[99.96161,8.4246],[99.96156,8.42479],[99.96135,8.42474]]]}},{"type":"Feature","id":"way/770823242","properties":{"id":"way/770823242","building":"yes","_elevM":10,"_bbox":[99.961183,8.4256154,99.9613063,8.4257497]},"geometry":{"type":"Polygon","coordinates":[[[99.96118,8.42573],[99.96121,8.42562],[99.96131,8.42564],[99.96128,8.42575],[99.96118,8.42573]]]}},{"type":"Feature","id":"way/770823243","properties":{"id":"way/770823243","building":"yes","_elevM":10,"_bbox":[99.9611201,8.4250395,99.9615077,8.4255938]},"geometry":{"type":"Polygon","coordinates":[[[99.96112,8.42553],[99.9612,8.42532],[99.96136,8.42534],[99.96137,8.42527],[99.96127,8.42527],[99.96127,8.42518],[99.96139,8.42516],[99.96141,8.42504],[99.96151,8.42504],[99.9614,8.42559],[99.96112,8.42553]]]}},{"type":"Feature","id":"way/770823244","properties":{"id":"way/770823244","building":"yes","_elevM":10,"_bbox":[99.9613164,8.4248203,99.9615801,8.4249563]},"geometry":{"type":"Polygon","coordinates":[[[99.96132,8.4249],[99.96134,8.42482],[99.96158,8.42488],[99.96153,8.42496],[99.96132,8.4249]]]}},{"type":"Feature","id":"way/770823245","properties":{"id":"way/770823245","building":"yes","_elevM":10,"_bbox":[99.9608812,8.4252334,99.9610015,8.4253517]},"geometry":{"type":"Polygon","coordinates":[[[99.96088,8.42534],[99.9609,8.42523],[99.961,8.42525],[99.96099,8.42535],[99.96088,8.42534]]]}},{"type":"Feature","id":"way/770823246","properties":{"id":"way/770823246","building":"yes","_elevM":10,"_bbox":[99.9607558,8.424961,99.9608838,8.4251185]},"geometry":{"type":"Polygon","coordinates":[[[99.96076,8.4251],[99.96078,8.42496],[99.96088,8.42498],[99.96086,8.42512],[99.96076,8.4251]]]}},{"type":"Feature","id":"way/770823247","properties":{"id":"way/770823247","building":"yes","_elevM":10,"_bbox":[99.9605224,8.4241294,99.9613373,8.424462]},"geometry":{"type":"Polygon","coordinates":[[[99.96052,8.42422],[99.96054,8.42413],[99.96134,8.42428],[99.9613,8.42446],[99.96125,8.42446],[99.96125,8.4244],[99.9612,8.4244],[99.96118,8.42442],[99.96111,8.42441],[99.96111,8.42434],[99.96052,8.42422]]]}},{"type":"Feature","id":"way/770823248","properties":{"id":"way/770823248","building":"yes","_elevM":10,"_bbox":[99.9600053,8.4260173,99.9603674,8.4262295]},"geometry":{"type":"Polygon","coordinates":[[[99.96003,8.42602],[99.96037,8.42604],[99.96034,8.42623],[99.96001,8.42617],[99.96003,8.42602]]]}},{"type":"Feature","id":"way/770823249","properties":{"id":"way/770823249","building":"yes","_elevM":10,"_bbox":[99.9597237,8.4259563,99.9599323,8.4261505]},"geometry":{"type":"Polygon","coordinates":[[[99.95972,8.42613],[99.95976,8.42596],[99.95984,8.42597],[99.95983,8.42603],[99.95993,8.42605],[99.95992,8.42613],[99.95981,8.42611],[99.9598,8.42615],[99.95972,8.42613]]]}},{"type":"Feature","id":"way/770823250","properties":{"id":"way/770823250","building":"yes","_elevM":10,"_bbox":[99.9606704,8.4243936,99.9610674,8.4246828]},"geometry":{"type":"Polygon","coordinates":[[[99.96067,8.42452],[99.96069,8.42439],[99.96106,8.42452],[99.96107,8.42468],[99.96097,8.42467],[99.96098,8.42458],[99.96067,8.42452]]]}},{"type":"Feature","id":"way/770823251","properties":{"id":"way/770823251","building":"yes","_elevM":10,"_bbox":[99.9593562,8.4263701,99.9594903,8.4265028]},"geometry":{"type":"Polygon","coordinates":[[[99.95936,8.42648],[99.95937,8.42637],[99.95949,8.42639],[99.95949,8.4265],[99.95936,8.42648]]]}},{"type":"Feature","id":"way/770823252","properties":{"id":"way/770823252","building":"yes","_elevM":10,"_bbox":[99.9603742,8.4267939,99.9605038,8.4270072]},"geometry":{"type":"Polygon","coordinates":[[[99.96037,8.42699],[99.96041,8.42679],[99.9605,8.42681],[99.96047,8.42701],[99.96037,8.42699]]]}},{"type":"Feature","id":"way/770823253","properties":{"id":"way/770823253","building":"yes","_elevM":10,"_bbox":[99.9675911,8.4283112,99.9678821,8.4285414]},"geometry":{"type":"Polygon","coordinates":[[[99.96759,8.42846],[99.96764,8.42831],[99.96788,8.42839],[99.96783,8.42854],[99.96759,8.42846]]]}},{"type":"Feature","id":"way/770823254","properties":{"id":"way/770823254","building":"yes","_elevM":10,"_bbox":[99.9674587,8.4278715,99.9685308,8.4284718]},"geometry":{"type":"Polygon","coordinates":[[[99.96746,8.42814],[99.96747,8.42787],[99.96791,8.42796],[99.96788,8.42807],[99.96798,8.42811],[99.96801,8.42804],[99.96853,8.42823],[99.96841,8.42847],[99.96798,8.4283],[99.96801,8.42819],[99.96782,8.42812],[99.96776,8.42825],[99.96746,8.42814]]]}},{"type":"Feature","id":"way/770823255","properties":{"id":"way/770823255","building":"yes","_elevM":10,"_bbox":[99.9680116,8.4284686,99.9682919,8.4286085]},"geometry":{"type":"Polygon","coordinates":[[[99.96803,8.42847],[99.96829,8.42853],[99.96827,8.42861],[99.96801,8.42855],[99.96803,8.42847]]]}},{"type":"Feature","id":"way/770823256","properties":{"id":"way/770823256","building":"yes","_elevM":10,"_bbox":[99.9684532,8.4285958,99.9688435,8.4287929]},"geometry":{"type":"Polygon","coordinates":[[[99.96849,8.4286],[99.96884,8.42871],[99.96882,8.42879],[99.96845,8.42871],[99.96849,8.4286]]]}},{"type":"Feature","id":"way/770823257","properties":{"id":"way/770823257","building":"yes","_elevM":10,"_bbox":[99.968517,8.4282619,99.9687476,8.4285033]},"geometry":{"type":"Polygon","coordinates":[[[99.96852,8.42848],[99.96857,8.42833],[99.96864,8.42837],[99.96868,8.42826],[99.96875,8.4283],[99.96868,8.4285],[99.96852,8.42848]]]}},{"type":"Feature","id":"way/770823258","properties":{"id":"way/770823258","building":"yes","_elevM":10,"_bbox":[99.9687503,8.4283256,99.970212,8.4289862]},"geometry":{"type":"Polygon","coordinates":[[[99.96875,8.42845],[99.9688,8.42833],[99.96994,8.42878],[99.96994,8.42883],[99.97021,8.42892],[99.9702,8.42899],[99.96986,8.42887],[99.96986,8.42885],[99.9698,8.42884],[99.96975,8.42891],[99.96969,8.42888],[99.96966,8.42891],[99.96926,8.42877],[99.96926,8.42873],[99.9692,8.42869],[99.96922,8.42862],[99.96875,8.42845]]]}},{"type":"Feature","id":"way/770823259","properties":{"id":"way/770823259","building":"yes","_elevM":10,"_bbox":[99.9691043,8.4288111,99.9691553,8.4288854]},"geometry":{"type":"Polygon","coordinates":[[[99.9691,8.42886],[99.96912,8.42881],[99.96916,8.42882],[99.96914,8.42889],[99.9691,8.42886]]]}},{"type":"Feature","id":"way/770823260","properties":{"id":"way/770823260","building":"yes","_elevM":10,"_bbox":[99.9693699,8.4288907,99.969622,8.4290286]},"geometry":{"type":"Polygon","coordinates":[[[99.96937,8.42897],[99.96939,8.42889],[99.96962,8.42893],[99.96958,8.42903],[99.96937,8.42897]]]}},{"type":"Feature","id":"way/770823261","properties":{"id":"way/770823261","building":"yes","_elevM":10,"_bbox":[99.9697507,8.4288986,99.9699599,8.4291294]},"geometry":{"type":"Polygon","coordinates":[[[99.96975,8.42909],[99.96984,8.42897],[99.96984,8.4289],[99.96993,8.42893],[99.96992,8.42897],[99.96996,8.42901],[99.96989,8.42913],[99.96975,8.42909]]]}},{"type":"Feature","id":"way/770823262","properties":{"id":"way/770823262","building":"yes","_elevM":10,"_bbox":[99.9702281,8.4289252,99.9707028,8.4292568]},"geometry":{"type":"Polygon","coordinates":[[[99.97023,8.42913],[99.97028,8.42893],[99.97038,8.42896],[99.97034,8.42906],[99.97047,8.42911],[99.97049,8.42908],[99.97061,8.42912],[99.97059,8.42917],[99.9707,8.42919],[99.97068,8.42926],[99.97051,8.42924],[99.97023,8.42913]]]}},{"type":"Feature","id":"way/770823263","properties":{"id":"way/770823263","building":"yes","_elevM":10,"_bbox":[99.9706954,8.4291865,99.971087,8.4294146]},"geometry":{"type":"Polygon","coordinates":[[[99.9707,8.42927],[99.97072,8.42919],[99.97109,8.42932],[99.97103,8.42941],[99.9707,8.42927]]]}},{"type":"Feature","id":"way/770823264","properties":{"id":"way/770823264","building":"yes","_elevM":10,"_bbox":[99.9673369,8.4275721,99.9676909,8.4277923]},"geometry":{"type":"Polygon","coordinates":[[[99.96734,8.42774],[99.96737,8.42757],[99.96769,8.4277],[99.96765,8.42779],[99.96734,8.42774]]]}},{"type":"Feature","id":"way/770823266","properties":{"id":"way/770823266","building":"yes","_elevM":10,"_bbox":[99.9673749,8.4272158,99.9677461,8.4275404]},"geometry":{"type":"Polygon","coordinates":[[[99.96737,8.42749],[99.96744,8.42722],[99.96759,8.42725],[99.96756,8.42737],[99.96759,8.42739],[99.96764,8.4273],[99.96775,8.42734],[99.96768,8.42744],[99.96762,8.42744],[99.9676,8.42754],[99.96753,8.42752],[99.96754,8.42745],[99.96752,8.42744],[99.96749,8.42753],[99.96737,8.42749]]]}},{"type":"Feature","id":"way/770823267","properties":{"id":"way/770823267","building":"yes","_elevM":10,"_bbox":[99.9676398,8.4273209,99.9682452,8.4277583]},"geometry":{"type":"Polygon","coordinates":[[[99.96764,8.42758],[99.96766,8.42745],[99.96773,8.42745],[99.96778,8.42732],[99.96825,8.4275],[99.96818,8.42762],[99.96823,8.42765],[99.96819,8.42776],[99.96804,8.42769],[99.96802,8.42772],[99.96788,8.42767],[99.96764,8.42758]]]}},{"type":"Feature","id":"way/770823268","properties":{"id":"way/770823268","building":"yes","_elevM":10,"_bbox":[99.9677534,8.4277199,99.9679906,8.4279179]},"geometry":{"type":"Polygon","coordinates":[[[99.96775,8.42784],[99.96779,8.42772],[99.96799,8.42781],[99.96796,8.42792],[99.96775,8.42784]]]}},{"type":"Feature","id":"way/770823269","properties":{"id":"way/770823269","building":"yes","_elevM":10,"_bbox":[99.9680954,8.4278448,99.9695342,8.4284604]},"geometry":{"type":"Polygon","coordinates":[[[99.9681,8.42796],[99.96816,8.42784],[99.96953,8.42836],[99.96948,8.42846],[99.9681,8.42796]]]}},{"type":"Feature","id":"way/770823270","properties":{"id":"way/770823270","building":"yes","_elevM":10,"_bbox":[99.9695372,8.4283812,99.9715983,8.4293137]},"geometry":{"type":"Polygon","coordinates":[[[99.96954,8.42849],[99.96957,8.42838],[99.9716,8.42919],[99.97157,8.42931],[99.96954,8.42849]]]}},{"type":"Feature","id":"way/770823271","properties":{"id":"way/770823271","building":"yes","_elevM":10,"_bbox":[99.9716446,8.4292528,99.9718479,8.4294417]},"geometry":{"type":"Polygon","coordinates":[[[99.97164,8.42938],[99.97169,8.42925],[99.97185,8.4293],[99.97181,8.42944],[99.97164,8.42938]]]}},{"type":"Feature","id":"way/770823272","properties":{"id":"way/770823272","building":"yes","_elevM":10,"_bbox":[99.9703937,8.4284391,99.9718941,8.4291827]},"geometry":{"type":"Polygon","coordinates":[[[99.97115,8.42894],[99.97115,8.42888],[99.97084,8.42879],[99.97082,8.4288],[99.97071,8.42878],[99.97076,8.42866],[99.97067,8.42863],[99.97059,8.42871],[99.97039,8.42861],[99.9704,8.42852],[99.97044,8.42853],[99.9705,8.42844],[99.97061,8.42848],[99.97058,8.42853],[99.97066,8.42858],[99.97067,8.42851],[99.97081,8.42855],[99.97076,8.42863],[99.97083,8.42867],[99.97088,8.42858],[99.97101,8.42864],[99.97097,8.42872],[99.97122,8.42884],[99.97127,8.42874],[99.97189,8.42899],[99.97184,8.42918],[99.97115,8.42894]]]}},{"type":"Feature","id":"way/770823273","properties":{"id":"way/770823273","building":"yes","_elevM":10,"_bbox":[99.9682772,8.4275797,99.9684189,8.4278082]},"geometry":{"type":"Polygon","coordinates":[[[99.96828,8.42779],[99.96835,8.42758],[99.96842,8.42761],[99.96836,8.42781],[99.96828,8.42779]]]}},{"type":"Feature","id":"way/770823274","properties":{"id":"way/770823274","building":"yes","_elevM":10,"_bbox":[99.9685514,8.4277077,99.9700641,8.4284635]},"geometry":{"type":"Polygon","coordinates":[[[99.96855,8.4279],[99.96861,8.42778],[99.96867,8.4278],[99.9687,8.42771],[99.96882,8.42776],[99.96878,8.42783],[99.96902,8.42794],[99.96905,8.42787],[99.96913,8.4279],[99.96912,8.42793],[99.96936,8.42806],[99.9694,8.42801],[99.96981,8.42816],[99.96978,8.42823],[99.96996,8.42829],[99.96999,8.42827],[99.97006,8.42829],[99.96996,8.42846],[99.96855,8.4279]]]}},{"type":"Feature","id":"way/770823275","properties":{"id":"way/770823275","building":"yes","_elevM":10,"_bbox":[99.9700425,8.4282593,99.970403,8.4285854]},"geometry":{"type":"Polygon","coordinates":[[[99.97004,8.42848],[99.97012,8.42826],[99.9704,8.42838],[99.97035,8.42848],[99.97026,8.42844],[99.97021,8.42859],[99.97011,8.42854],[99.97013,8.42852],[99.97004,8.42848]]]}},{"type":"Feature","id":"way/770823276","properties":{"id":"way/770823276","building":"yes","_elevM":10,"_bbox":[99.9674577,8.4269,99.9684066,8.427473]},"geometry":{"type":"Polygon","coordinates":[[[99.96747,8.42712],[99.96746,8.4269],[99.96787,8.42705],[99.96783,8.42718],[99.96789,8.42721],[99.96792,8.42707],[99.9682,8.4272],[99.96818,8.42729],[99.96821,8.42731],[99.96829,8.42722],[99.96841,8.42728],[99.96836,8.42747],[99.96747,8.42712]]]}},{"type":"Feature","id":"way/770823280","properties":{"id":"way/770823280","building":"yes","_elevM":10,"_bbox":[99.9687174,8.4274415,99.9691679,8.4276909]},"geometry":{"type":"Polygon","coordinates":[[[99.96872,8.42754],[99.96877,8.42744],[99.96917,8.42757],[99.96913,8.42769],[99.96872,8.42754]]]}},{"type":"Feature","id":"way/770823281","properties":{"id":"way/770823281","building":"yes","_elevM":10,"_bbox":[99.9684479,8.4273419,99.9686882,8.4275704]},"geometry":{"type":"Polygon","coordinates":[[[99.96845,8.4275],[99.96849,8.42743],[99.96855,8.42746],[99.9686,8.42734],[99.96869,8.42738],[99.96864,8.42757],[99.96845,8.4275]]]}},{"type":"Feature","id":"way/770823282","properties":{"id":"way/770823282","building":"yes","_elevM":10,"_bbox":[99.9674651,8.4264825,99.9688576,8.4272779]},"geometry":{"type":"Polygon","coordinates":[[[99.96747,8.42677],[99.96753,8.42648],[99.96767,8.42653],[99.96764,8.42664],[99.96779,8.42669],[99.96779,8.42672],[99.96784,8.42673],[99.96787,8.42663],[99.96886,8.42702],[99.96881,8.42717],[99.96876,8.42728],[99.96857,8.42722],[99.9686,8.42714],[99.96844,8.42709],[99.96843,8.42716],[99.96747,8.42677]]]}},{"type":"Feature","id":"way/770823283","properties":{"id":"way/770823283","building":"yes","_elevM":10,"_bbox":[99.9688607,8.4270432,99.9694522,8.4274943]},"geometry":{"type":"Polygon","coordinates":[[[99.96886,8.42729],[99.96893,8.42704],[99.96945,8.42726],[99.96932,8.42749],[99.96886,8.42729]]]}},{"type":"Feature","id":"way/770823284","properties":{"id":"way/770823284","building":"yes","_elevM":10,"_bbox":[99.969215,8.4276344,99.9701023,8.4281312]},"geometry":{"type":"Polygon","coordinates":[[[99.96922,8.42782],[99.96934,8.42763],[99.97004,8.42792],[99.97001,8.42803],[99.9701,8.42806],[99.97007,8.42813],[99.96922,8.42782]]]}},{"type":"Feature","id":"way/770823285","properties":{"id":"way/770823285","building":"yes","_elevM":10,"_bbox":[99.969406,8.4272748,99.9698527,8.4276527]},"geometry":{"type":"Polygon","coordinates":[[[99.9695,8.42756],[99.96953,8.42745],[99.96941,8.42742],[99.9695,8.42727],[99.96985,8.42743],[99.96984,8.42752],[99.96976,8.42749],[99.96974,8.42765],[99.9695,8.42756]]]}},{"type":"Feature","id":"way/770823286","properties":{"id":"way/770823286","building":"yes","_elevM":10,"_bbox":[99.9702317,8.4280154,99.9706661,8.4283933]},"geometry":{"type":"Polygon","coordinates":[[[99.97023,8.42822],[99.97031,8.42802],[99.97041,8.42806],[99.97036,8.42818],[99.97067,8.42832],[99.97064,8.42839],[99.97023,8.42822]]]}},{"type":"Feature","id":"way/770823287","properties":{"id":"way/770823287","building":"yes","_elevM":10,"_bbox":[99.9706907,8.4281861,99.9712884,8.4286188]},"geometry":{"type":"Polygon","coordinates":[[[99.97069,8.4283],[99.97073,8.42819],[99.97129,8.42841],[99.97125,8.42862],[99.97117,8.4286],[99.97118,8.4285],[99.97069,8.4283]]]}},{"type":"Feature","id":"way/770823288","properties":{"id":"way/770823288","building":"yes","_elevM":10,"_bbox":[99.9712915,8.4284024,99.9719662,8.4288961]},"geometry":{"type":"Polygon","coordinates":[[[99.9714,8.42867],[99.97142,8.42859],[99.97129,8.42856],[99.97133,8.4284],[99.97197,8.42867],[99.97196,8.42872],[99.97193,8.42872],[99.97191,8.42876],[99.97195,8.42878],[99.97193,8.4289],[99.9714,8.42867]]]}},{"type":"Feature","id":"way/770823289","properties":{"id":"way/770823289","building":"yes","_elevM":10,"_bbox":[99.9698928,8.4274638,99.9705151,8.4279331]},"geometry":{"type":"Polygon","coordinates":[[[99.96989,8.42771],[99.96995,8.42758],[99.96992,8.42756],[99.96995,8.42746],[99.97012,8.42752],[99.97009,8.42762],[99.97026,8.4277],[99.97033,8.42761],[99.97043,8.42765],[99.9704,8.42771],[99.97052,8.42778],[99.97045,8.42793],[99.97037,8.42787],[99.97032,8.42791],[99.97029,8.42789],[99.9703,8.42781],[99.97025,8.42778],[99.97019,8.42783],[99.96989,8.42771]]]}},{"type":"Feature","id":"way/770823290","properties":{"id":"way/770823290","building":"yes","_elevM":10,"_bbox":[99.9705706,8.4277929,99.9718029,8.4283902]},"geometry":{"type":"Polygon","coordinates":[[[99.97057,8.42795],[99.97058,8.42781],[99.97082,8.42788],[99.97087,8.42779],[99.97091,8.42781],[99.97089,8.42792],[99.97091,8.42793],[99.97094,8.42783],[99.9718,8.4282],[99.97179,8.42824],[99.97176,8.42827],[99.97174,8.42835],[99.97158,8.42831],[99.97154,8.42839],[99.97136,8.42833],[99.97142,8.42816],[99.97135,8.42813],[99.97129,8.4282],[99.97124,8.42818],[99.97119,8.42824],[99.97079,8.42809],[99.97077,8.42801],[99.97068,8.42801],[99.97068,8.42798],[99.97057,8.42795]]]}},{"type":"Feature","id":"way/770823291","properties":{"id":"way/770823291","building":"yes","_elevM":10,"_bbox":[99.9717937,8.4282104,99.9720864,8.4285243]},"geometry":{"type":"Polygon","coordinates":[[[99.97182,8.42849],[99.97184,8.42834],[99.97179,8.42833],[99.97186,8.42821],[99.97209,8.4283],[99.97206,8.42841],[99.97194,8.42839],[99.97191,8.42852],[99.97182,8.42849]]]}},{"type":"Feature","id":"way/770823292","properties":{"id":"way/770823292","building":"yes","_elevM":10,"_bbox":[99.967572,8.426158,99.9683669,8.42667]},"geometry":{"type":"Polygon","coordinates":[[[99.96757,8.4264],[99.96763,8.42616],[99.96837,8.42645],[99.96828,8.42667],[99.96757,8.4264]]]}},{"type":"Feature","id":"way/770823293","properties":{"id":"way/770823293","building":"yes","_elevM":10,"_bbox":[99.9683484,8.4264871,99.968789,8.4268528]},"geometry":{"type":"Polygon","coordinates":[[[99.96835,8.42672],[99.96836,8.42658],[99.96842,8.4266],[99.96845,8.42649],[99.96879,8.42662],[99.96874,8.42672],[99.96879,8.42674],[99.96874,8.42685],[99.96835,8.42672]]]}},{"type":"Feature","id":"way/770823294","properties":{"id":"way/770823294","building":"yes","_elevM":10,"_bbox":[99.9688383,8.4266547,99.9701538,8.4272795]},"geometry":{"type":"Polygon","coordinates":[[[99.96888,8.4269],[99.9689,8.42679],[99.96884,8.42677],[99.96887,8.42667],[99.96893,8.42669],[99.96895,8.42665],[99.97015,8.42717],[99.9701,8.42728],[99.96977,8.42713],[99.96973,8.42723],[99.96934,8.42707],[99.96942,8.42698],[99.96928,8.42696],[99.96924,8.42704],[99.96888,8.4269]]]}},{"type":"Feature","id":"way/770823295","properties":{"id":"way/770823295","building":"yes","_elevM":10,"_bbox":[99.9702185,8.4272246,99.9713708,8.4278585]},"geometry":{"type":"Polygon","coordinates":[[[99.97022,8.42741],[99.97027,8.42722],[99.97097,8.42747],[99.97131,8.42761],[99.97132,8.42764],[99.97125,8.42763],[99.97123,8.4277],[99.97137,8.42772],[99.97131,8.42786],[99.97022,8.42741]]]}},{"type":"Feature","id":"way/770823296","properties":{"id":"way/770823296","building":"yes","_elevM":10,"_bbox":[99.9713553,8.4277214,99.9721225,8.4281694]},"geometry":{"type":"Polygon","coordinates":[[[99.97136,8.42787],[99.9714,8.42778],[99.97152,8.42783],[99.97159,8.42772],[99.97212,8.42794],[99.97208,8.42802],[99.97201,8.428],[99.972,8.42806],[99.9721,8.42811],[99.97207,8.42817],[99.97136,8.42787]]]}},{"type":"Feature","id":"way/770823297","properties":{"id":"way/770823297","building":"yes","_elevM":10,"_bbox":[99.9678247,8.425902,99.9721933,8.4278327]},"geometry":{"type":"Polygon","coordinates":[[[99.97219,8.42758],[99.97214,8.42783],[99.97052,8.4272],[99.97055,8.42712],[99.97021,8.42695],[99.97015,8.42705],[99.96979,8.42688],[99.96941,8.42675],[99.96899,8.42659],[99.96902,8.4265],[99.96887,8.42644],[99.96883,8.42652],[99.96867,8.42647],[99.96871,8.42636],[99.96842,8.42621],[99.96834,8.42633],[99.96824,8.4263],[99.96831,8.4262],[99.96802,8.42609],[99.96798,8.42618],[99.96782,8.42613],[99.96792,8.4259],[99.97034,8.42686],[99.97219,8.42758]]]}},{"type":"Feature","id":"way/770823298","properties":{"id":"way/770823298","building":"yes","_elevM":10,"_bbox":[99.9677742,8.4256371,99.9722507,8.4274961]},"geometry":{"type":"Polygon","coordinates":[[[99.96777,8.42576],[99.96781,8.42564],[99.96929,8.4262],[99.97092,8.42685],[99.97225,8.42738],[99.97223,8.4275],[99.97145,8.42719],[99.96955,8.42643],[99.96777,8.42576]]]}},{"type":"Feature","id":"way/770823299","properties":{"id":"way/770823299","building":"yes","_elevM":10,"_bbox":[99.9676664,8.4258474,99.9678451,8.4260912]},"geometry":{"type":"Polygon","coordinates":[[[99.96767,8.42604],[99.96773,8.42585],[99.96785,8.42591],[99.96777,8.42609],[99.96767,8.42604]]]}},{"type":"Feature","id":"way/770823300","properties":{"id":"way/770823300","building":"yes","_elevM":10,"_bbox":[99.9680546,8.4254573,99.9688772,8.4259388]},"geometry":{"type":"Polygon","coordinates":[[[99.96805,8.42564],[99.96808,8.4255],[99.96821,8.42555],[99.96825,8.42548],[99.96835,8.42552],[99.96839,8.42546],[99.9685,8.4255],[99.96846,8.42558],[99.9685,8.42559],[99.96852,8.42555],[99.96863,8.42558],[99.96858,8.42569],[99.96869,8.42573],[99.96871,8.42566],[99.9688,8.42568],[99.96878,8.42574],[99.96888,8.42576],[99.96882,8.42594],[99.96805,8.42564]]]}},{"type":"Feature","id":"way/770823301","properties":{"id":"way/770823301","building":"yes","_elevM":10,"_bbox":[99.9678605,8.4254664,99.9679683,8.4255944]},"geometry":{"type":"Polygon","coordinates":[[[99.96786,8.42558],[99.96791,8.42547],[99.96797,8.42548],[99.96792,8.42559],[99.96786,8.42558]]]}},{"type":"Feature","id":"way/770823302","properties":{"id":"way/770823302","building":"yes","_elevM":10,"_bbox":[99.9691831,8.4259983,99.9708905,8.4267624]},"geometry":{"type":"Polygon","coordinates":[[[99.96918,8.4261],[99.96923,8.426],[99.97089,8.42665],[99.97086,8.42676],[99.96918,8.4261]]]}},{"type":"Feature","id":"way/770823303","properties":{"id":"way/770823303","building":"yes","_elevM":10,"_bbox":[99.9711913,8.4267463,99.9719881,8.4271967]},"geometry":{"type":"Polygon","coordinates":[[[99.97119,8.42691],[99.97124,8.42675],[99.97199,8.42704],[99.97194,8.4272],[99.97119,8.42691]]]}},{"type":"Feature","id":"way/770823304","properties":{"id":"way/770823304","building":"yes","_elevM":10,"_bbox":[99.9720192,8.4270591,99.972248,8.4272762]},"geometry":{"type":"Polygon","coordinates":[[[99.97202,8.4272],[99.97205,8.42706],[99.97225,8.42717],[99.97219,8.42728],[99.97202,8.4272]]]}},{"type":"Feature","id":"way/770823305","properties":{"id":"way/770823305","building":"yes","_elevM":10,"_bbox":[99.971279,8.4265925,99.9717227,8.4268304]},"geometry":{"type":"Polygon","coordinates":[[[99.9713,8.42659],[99.97172,8.42676],[99.97169,8.42683],[99.97128,8.42668],[99.9713,8.42659]]]}},{"type":"Feature","id":"way/770823306","properties":{"id":"way/770823306","building":"yes","_elevM":10,"_bbox":[99.9680503,8.4250382,99.9722863,8.4267996]},"geometry":{"type":"Polygon","coordinates":[[[99.97222,8.4268],[99.96805,8.42517],[99.9681,8.42504],[99.9708,8.42611],[99.97229,8.42666],[99.97222,8.4268]]]}},{"type":"Feature","id":"way/770823307","properties":{"id":"way/770823307","building":"yes","_elevM":10,"_bbox":[99.9680126,8.4249182,99.9685456,8.4251834]},"geometry":{"type":"Polygon","coordinates":[[[99.96813,8.42502],[99.96807,8.42501],[99.96806,8.42507],[99.96801,8.42505],[99.96805,8.42492],[99.96847,8.42506],[99.96846,8.4251],[99.96855,8.42513],[99.96854,8.42518],[99.96813,8.42502]]]}},{"type":"Feature","id":"way/770823308","properties":{"id":"way/770823308","building":"yes","_elevM":10,"_bbox":[99.9686712,8.4251514,99.9689632,8.4253387]},"geometry":{"type":"Polygon","coordinates":[[[99.96867,8.42524],[99.96872,8.42515],[99.96888,8.42521],[99.96888,8.42522],[99.96896,8.42526],[99.96893,8.42534],[99.96887,8.42532],[99.96888,8.42528],[99.96883,8.42526],[99.96882,8.4253],[99.96867,8.42524]]]}},{"type":"Feature","id":"way/770823309","properties":{"id":"way/770823309","building":"yes","_elevM":10,"_bbox":[99.9690216,8.4252897,99.9693755,8.425505]},"geometry":{"type":"Polygon","coordinates":[[[99.96902,8.42538],[99.96907,8.42529],[99.96922,8.42534],[99.96921,8.42539],[99.96927,8.42541],[99.96927,8.42537],[99.96938,8.42541],[99.96936,8.4255],[99.96902,8.42538]]]}},{"type":"Feature","id":"way/770823310","properties":{"id":"way/770823310","building":"yes","_elevM":10,"_bbox":[99.9695365,8.4254787,99.9704088,8.4259005]},"geometry":{"type":"Polygon","coordinates":[[[99.96954,8.42557],[99.96955,8.42548],[99.96972,8.42554],[99.96974,8.4255],[99.96998,8.42561],[99.96998,8.42563],[99.97013,8.42569],[99.97012,8.42573],[99.97022,8.42578],[99.97024,8.42575],[99.97029,8.42578],[99.97033,8.42576],[99.97041,8.4258],[99.97035,8.4259],[99.97008,8.42579],[99.96954,8.42557]]]}},{"type":"Feature","id":"way/770823311","properties":{"id":"way/770823311","building":"yes","_elevM":10,"_bbox":[99.9705274,8.425855,99.9714652,8.4262769]},"geometry":{"type":"Polygon","coordinates":[[[99.97053,8.42598],[99.97057,8.42586],[99.97118,8.42608],[99.97115,8.42611],[99.97131,8.4262],[99.97136,8.42617],[99.97147,8.42621],[99.97143,8.42628],[99.9713,8.42623],[99.97128,8.42627],[99.97053,8.42598]]]}},{"type":"Feature","id":"way/770823312","properties":{"id":"way/770823312","building":"yes","_elevM":10,"_bbox":[99.9714758,8.4262121,99.9716227,8.4263697]},"geometry":{"type":"Polygon","coordinates":[[[99.97148,8.42633],[99.9715,8.42621],[99.97157,8.42624],[99.97155,8.42628],[99.97162,8.42631],[99.9716,8.42637],[99.97148,8.42633]]]}},{"type":"Feature","id":"way/770823313","properties":{"id":"way/770823313","building":"yes","_elevM":10,"_bbox":[99.9717094,8.4262944,99.9718262,8.4264257]},"geometry":{"type":"Polygon","coordinates":[[[99.97171,8.42639],[99.97174,8.42629],[99.97183,8.42632],[99.97178,8.42643],[99.97171,8.42639]]]}},{"type":"Feature","id":"way/770823314","properties":{"id":"way/770823314","building":"yes","_elevM":10,"_bbox":[99.9719802,8.4264099,99.9724455,8.426683]},"geometry":{"type":"Polygon","coordinates":[[[99.97198,8.42651],[99.97202,8.42641],[99.97245,8.42656],[99.9724,8.42668],[99.97198,8.42651]]]}},{"type":"Feature","id":"way/770823315","properties":{"id":"way/770823315","building":"yes","_elevM":10,"_bbox":[99.9680797,8.4245814,99.9688037,8.4250477]},"geometry":{"type":"Polygon","coordinates":[[[99.96808,8.42482],[99.96812,8.42458],[99.96864,8.42478],[99.96861,8.42487],[99.9688,8.42494],[99.96877,8.42505],[99.96808,8.42482]]]}},{"type":"Feature","id":"way/770823316","properties":{"id":"way/770823316","building":"yes","_elevM":10,"_bbox":[99.9688252,8.4248618,99.9691364,8.4250629]},"geometry":{"type":"Polygon","coordinates":[[[99.96883,8.42495],[99.96883,8.42486],[99.96914,8.42497],[99.96911,8.42506],[99.96883,8.42495]]]}},{"type":"Feature","id":"way/770823317","properties":{"id":"way/770823317","building":"yes","_elevM":10,"_bbox":[99.969092,8.4250757,99.9695716,8.4253522]},"geometry":{"type":"Polygon","coordinates":[[[99.96909,8.4252],[99.96912,8.42508],[99.96957,8.42525],[99.96956,8.4253],[99.9695,8.42529],[99.96947,8.42535],[99.96909,8.4252]]]}},{"type":"Feature","id":"way/770823318","properties":{"id":"way/770823318","building":"yes","_elevM":10,"_bbox":[99.9698158,8.4252315,99.9702988,8.4256393]},"geometry":{"type":"Polygon","coordinates":[[[99.96982,8.42534],[99.96985,8.42523],[99.97017,8.42535],[99.97013,8.42546],[99.9703,8.42552],[99.97026,8.42564],[99.96992,8.42549],[99.96995,8.4254],[99.96982,8.42534]]]}},{"type":"Feature","id":"way/770823319","properties":{"id":"way/770823319","building":"yes","_elevM":10,"_bbox":[99.9681357,8.4242358,99.9688812,8.4245436]},"geometry":{"type":"Polygon","coordinates":[[[99.96814,8.42447],[99.96823,8.42424],[99.96888,8.42448],[99.96883,8.42454],[99.96826,8.42436],[99.9682,8.4245],[99.96814,8.42447]]]}},{"type":"Feature","id":"way/770823320","properties":{"id":"way/770823320","building":"yes","_elevM":10,"_bbox":[99.968835,8.4245954,99.9690538,8.4247539]},"geometry":{"type":"Polygon","coordinates":[[[99.96883,8.42472],[99.96888,8.4246],[99.96905,8.42464],[99.969,8.42471],[99.96897,8.42469],[99.96894,8.42475],[99.96883,8.42472]]]}},{"type":"Feature","id":"way/770823321","properties":{"id":"way/770823321","building":"yes","_elevM":10,"_bbox":[99.9695159,8.4247173,99.9701598,8.4250891]},"geometry":{"type":"Polygon","coordinates":[[[99.96952,8.42485],[99.96955,8.42472],[99.97016,8.42498],[99.97012,8.42509],[99.96952,8.42485]]]}},{"type":"Feature","id":"way/770823322","properties":{"id":"way/770823322","building":"yes","_elevM":10,"_bbox":[99.9701567,8.4249977,99.971007,8.4254762]},"geometry":{"type":"Polygon","coordinates":[[[99.97016,8.42512],[99.9702,8.425],[99.97101,8.42535],[99.97096,8.42546],[99.97079,8.4254],[99.97076,8.42548],[99.97042,8.42534],[99.97046,8.42523],[99.97016,8.42512]]]}},{"type":"Feature","id":"way/770823323","properties":{"id":"way/770823323","building":"yes","_elevM":10,"_bbox":[99.9705081,8.4255728,99.9718232,8.4262303]},"geometry":{"type":"Polygon","coordinates":[[[99.97051,8.42575],[99.97059,8.42557],[99.97066,8.4256],[99.97063,8.42568],[99.97097,8.4258],[99.97101,8.42571],[99.97133,8.42582],[99.97127,8.42594],[99.97149,8.42601],[99.97154,8.4259],[99.97177,8.42598],[99.97172,8.42608],[99.97182,8.42614],[99.97179,8.42623],[99.97162,8.42616],[99.97163,8.42613],[99.97147,8.42609],[99.97146,8.42605],[99.97124,8.42597],[99.97122,8.42602],[99.97051,8.42575]]]}},{"type":"Feature","id":"way/770823324","properties":{"id":"way/770823324","building":"yes","_elevM":10,"_bbox":[99.9719757,8.4261358,99.9725326,8.4263449]},"geometry":{"type":"Polygon","coordinates":[[[99.97198,8.42629],[99.97202,8.42619],[99.97213,8.42622],[99.97217,8.42614],[99.97253,8.42625],[99.9725,8.42634],[99.97218,8.42625],[99.97214,8.42634],[99.97198,8.42629]]]}},{"type":"Feature","id":"way/770823325","properties":{"id":"way/770823325","building":"yes","_elevM":10,"_bbox":[99.9718293,8.4260373,99.9720163,8.4262424]},"geometry":{"type":"Polygon","coordinates":[[[99.97183,8.42622],[99.97185,8.42604],[99.97202,8.42609],[99.97198,8.42619],[99.97192,8.42618],[99.9719,8.42624],[99.97183,8.42622]]]}},{"type":"Feature","id":"way/770823326","properties":{"id":"way/770823326","building":"yes","_elevM":10,"_bbox":[99.9713537,8.425605,99.9717968,8.4258523]},"geometry":{"type":"Polygon","coordinates":[[[99.97135,8.4257],[99.97138,8.4256],[99.9718,8.42574],[99.97174,8.42585],[99.97135,8.4257]]]}},{"type":"Feature","id":"way/770823327","properties":{"id":"way/770823327","building":"yes","_elevM":10,"_bbox":[99.9718435,8.4257859,99.9721383,8.425979]},"geometry":{"type":"Polygon","coordinates":[[[99.97184,8.42589],[99.97189,8.42579],[99.97214,8.42586],[99.9721,8.42598],[99.97184,8.42589]]]}},{"type":"Feature","id":"way/770823328","properties":{"id":"way/770823328","building":"yes","_elevM":10,"_bbox":[99.9722663,8.4258221,99.9726017,8.4261338]},"geometry":{"type":"Polygon","coordinates":[[[99.97227,8.42605],[99.97235,8.42582],[99.9726,8.42589],[99.97253,8.42613],[99.97227,8.42605]]]}},{"type":"Feature","id":"way/770823329","properties":{"id":"way/770823329","building":"yes","_elevM":10,"_bbox":[99.9689122,8.4244843,99.9690687,8.4245929]},"geometry":{"type":"Polygon","coordinates":[[[99.96891,8.42458],[99.96896,8.42448],[99.96907,8.42452],[99.96905,8.42459],[99.96899,8.42456],[99.96898,8.42459],[99.96891,8.42458]]]}},{"type":"Feature","id":"way/770823330","properties":{"id":"way/770823330","building":"yes","_elevM":10,"_bbox":[99.9682252,8.4237625,99.9693858,8.4243757]},"geometry":{"type":"Polygon","coordinates":[[[99.96823,8.4241],[99.9683,8.42376],[99.96845,8.42381],[99.96843,8.42385],[99.96893,8.42403],[99.96939,8.42422],[99.96934,8.42435],[99.96904,8.42424],[99.96895,8.42438],[99.96887,8.42435],[99.96889,8.4243],[99.9688,8.42428],[99.96884,8.42416],[99.96851,8.42404],[99.96844,8.42417],[99.96841,8.42416],[99.96842,8.42411],[99.96838,8.42415],[99.96823,8.4241]]]}},{"type":"Feature","id":"way/770823331","properties":{"id":"way/770823331","building":"yes","_elevM":10,"_bbox":[99.9692789,8.4243682,99.9696393,8.4246181]},"geometry":{"type":"Polygon","coordinates":[[[99.96928,8.42451],[99.96936,8.42437],[99.96964,8.42446],[99.9696,8.42462],[99.96928,8.42451]]]}},{"type":"Feature","id":"way/770823332","properties":{"id":"way/770823332","building":"yes","_elevM":10,"_bbox":[99.9697718,8.4245541,99.9703603,8.4248741]},"geometry":{"type":"Polygon","coordinates":[[[99.96977,8.42468],[99.96978,8.42458],[99.96986,8.42461],[99.96988,8.42455],[99.97036,8.42472],[99.97031,8.42487],[99.97015,8.42483],[99.97018,8.42477],[99.96991,8.4247],[99.9699,8.42475],[99.96982,8.42474],[99.96982,8.4247],[99.96977,8.42468]]]}},{"type":"Feature","id":"way/770823333","properties":{"id":"way/770823333","building":"yes","_elevM":10,"_bbox":[99.9703603,8.4247979,99.9704989,8.4249777]},"geometry":{"type":"Polygon","coordinates":[[[99.97036,8.42494],[99.97044,8.4248],[99.9705,8.42482],[99.97046,8.42498],[99.97036,8.42494]]]}},{"type":"Feature","id":"way/770823334","properties":{"id":"way/770823334","building":"yes","_elevM":10,"_bbox":[99.9705698,8.424865,99.9707608,8.4250478]},"geometry":{"type":"Polygon","coordinates":[[[99.97057,8.425],[99.97062,8.42487],[99.97076,8.42491],[99.97073,8.42505],[99.97057,8.425]]]}},{"type":"Feature","id":"way/770823335","properties":{"id":"way/770823335","building":"yes","_elevM":10,"_bbox":[99.9710689,8.4248832,99.9714694,8.4252794]},"geometry":{"type":"Polygon","coordinates":[[[99.97107,8.42519],[99.97117,8.42488],[99.97128,8.42491],[99.97127,8.42495],[99.97131,8.42497],[99.97132,8.42492],[99.97141,8.42496],[99.97138,8.42511],[99.97147,8.42514],[99.97141,8.42528],[99.97135,8.42527],[99.97137,8.42518],[99.97129,8.42513],[99.9713,8.42507],[99.97126,8.42505],[99.97119,8.42522],[99.97107,8.42519]]]}},{"type":"Feature","id":"way/770823336","properties":{"id":"way/770823336","building":"yes","_elevM":10,"_bbox":[99.9715033,8.4249899,99.9721934,8.425447]},"geometry":{"type":"Polygon","coordinates":[[[99.97157,8.42499],[99.97173,8.42505],[99.97174,8.42502],[99.97219,8.42522],[99.97213,8.42535],[99.97193,8.42526],[99.97189,8.42539],[99.97176,8.42537],[99.97173,8.42545],[99.97159,8.4254],[99.97166,8.42519],[99.9715,8.42512],[99.97157,8.42499]]]}},{"type":"Feature","id":"way/770823337","properties":{"id":"way/770823337","building":"yes","_elevM":10,"_bbox":[99.972332,8.4252947,99.9726832,8.4257518]},"geometry":{"type":"Polygon","coordinates":[[[99.97233,8.42565],[99.97239,8.42529],[99.97268,8.42538],[99.97261,8.42575],[99.97233,8.42565]]]}},{"type":"Feature","id":"way/770823338","properties":{"id":"way/770823338","building":"yes","_elevM":10,"_bbox":[99.9719762,8.4253495,99.9722981,8.4255522]},"geometry":{"type":"Polygon","coordinates":[[[99.972,8.42535],[99.9723,8.42545],[99.97226,8.42553],[99.97223,8.42552],[99.97221,8.42555],[99.97214,8.42553],[99.97214,8.42549],[99.97198,8.42543],[99.972,8.42535]]]}},{"type":"Feature","id":"way/770823339","properties":{"id":"way/770823339","building":"yes","_elevM":10,"_bbox":[99.9683904,8.4234335,99.9694167,8.4239026]},"geometry":{"type":"Polygon","coordinates":[[[99.96839,8.42356],[99.96844,8.42343],[99.96942,8.42379],[99.96937,8.4239],[99.96839,8.42356]]]}},{"type":"Feature","id":"way/770823340","properties":{"id":"way/770823340","building":"yes","_elevM":10,"_bbox":[99.9695299,8.4238466,99.9704961,8.4243192]},"geometry":{"type":"Polygon","coordinates":[[[99.96953,8.42398],[99.96957,8.42385],[99.9705,8.42419],[99.97047,8.42432],[99.96953,8.42398]]]}},{"type":"Feature","id":"way/770823341","properties":{"id":"way/770823341","building":"yes","_elevM":10,"_bbox":[99.9704925,8.4243718,99.9723611,8.4251349]},"geometry":{"type":"Polygon","coordinates":[[[99.97049,8.42451],[99.97056,8.42437],[99.97236,8.42501],[99.9723,8.42513],[99.97049,8.42451]]]}},{"type":"Feature","id":"way/770823342","properties":{"id":"way/770823342","building":"yes","_elevM":10,"_bbox":[99.970636,8.424257,99.970823,8.4244098]},"geometry":{"type":"Polygon","coordinates":[[[99.97064,8.42435],[99.97067,8.42426],[99.97082,8.42431],[99.97079,8.42441],[99.97064,8.42435]]]}},{"type":"Feature","id":"way/770823343","properties":{"id":"way/770823343","building":"yes","_elevM":10,"_bbox":[99.9713231,8.4244963,99.9715385,8.4246752]},"geometry":{"type":"Polygon","coordinates":[[[99.97132,8.42462],[99.97137,8.4245],[99.97154,8.42455],[99.9715,8.42468],[99.97132,8.42462]]]}},{"type":"Feature","id":"way/770823344","properties":{"id":"way/770823344","building":"yes","_elevM":10,"_bbox":[99.9725162,8.4249608,99.9727723,8.4252845]},"geometry":{"type":"Polygon","coordinates":[[[99.97252,8.42521],[99.97261,8.42496],[99.97277,8.42501],[99.97273,8.42528],[99.97252,8.42521]]]}},{"type":"Feature","id":"way/770823345","properties":{"id":"way/770823345","building":"yes","_elevM":10,"_bbox":[99.9719247,8.4247295,99.9720324,8.4248663]},"geometry":{"type":"Polygon","coordinates":[[[99.97192,8.42482],[99.97195,8.42473],[99.97203,8.42476],[99.97201,8.42487],[99.97192,8.42482]]]}},{"type":"Feature","id":"way/770823346","properties":{"id":"way/770823346","building":"yes","_elevM":10,"_bbox":[99.9721869,8.4248321,99.9723251,8.4249708]},"geometry":{"type":"Polygon","coordinates":[[[99.97219,8.42491],[99.97222,8.42483],[99.97233,8.42486],[99.9723,8.42497],[99.97219,8.42491]]]}},{"type":"Feature","id":"way/770823347","properties":{"id":"way/770823347","building":"yes","_elevM":10,"_bbox":[99.9726199,8.4247275,99.9728495,8.4249507]},"geometry":{"type":"Polygon","coordinates":[[[99.97262,8.42487],[99.97268,8.42473],[99.97285,8.42476],[99.97281,8.42495],[99.97262,8.42487]]]}},{"type":"Feature","id":"way/770823348","properties":{"id":"way/770823348","building":"yes","_elevM":10,"_bbox":[99.9722174,8.4245888,99.9724085,8.4247436]},"geometry":{"type":"Polygon","coordinates":[[[99.97222,8.42472],[99.97227,8.42459],[99.97241,8.42464],[99.97239,8.42471],[99.97232,8.42469],[99.9723,8.42474],[99.97222,8.42472]]]}},{"type":"Feature","id":"way/770823349","properties":{"id":"way/770823349","building":"yes","_elevM":10,"_bbox":[99.9718556,8.4244621,99.9721564,8.4246953]},"geometry":{"type":"Polygon","coordinates":[[[99.97186,8.42461],[99.97191,8.42446],[99.97216,8.42453],[99.97212,8.4247],[99.97186,8.42461]]]}},{"type":"Feature","id":"way/770823350","properties":{"id":"way/770823350","building":"yes","_elevM":10,"_bbox":[99.9712743,8.4242409,99.9716523,8.4244943]},"geometry":{"type":"Polygon","coordinates":[[[99.97127,8.42439],[99.97131,8.42424],[99.97165,8.42433],[99.97162,8.42449],[99.97127,8.42439]]]}},{"type":"Feature","id":"way/770823351","properties":{"id":"way/770823351","building":"yes","_elevM":10,"_bbox":[99.9710202,8.4241444,99.9712133,8.4243475]},"geometry":{"type":"Polygon","coordinates":[[[99.97102,8.42429],[99.97106,8.42414],[99.97121,8.42418],[99.97117,8.42435],[99.97102,8.42429]]]}},{"type":"Feature","id":"way/770823352","properties":{"id":"way/770823352","building":"yes","_elevM":10,"_bbox":[99.9708393,8.42407,99.9709714,8.4242409]},"geometry":{"type":"Polygon","coordinates":[[[99.97084,8.42421],[99.97088,8.42407],[99.97097,8.4241],[99.97093,8.42424],[99.97084,8.42421]]]}},{"type":"Feature","id":"way/770823353","properties":{"id":"way/770823353","building":"yes","_elevM":10,"_bbox":[99.9704063,8.4239192,99.9706868,8.4241283]},"geometry":{"type":"Polygon","coordinates":[[[99.97041,8.42407],[99.97045,8.42392],[99.97052,8.42393],[99.97049,8.42401],[99.97052,8.42402],[99.97056,8.42394],[99.97069,8.42398],[99.97063,8.42413],[99.97059,8.42411],[99.9706,8.42407],[99.97056,8.42405],[99.97053,8.42411],[99.97041,8.42407]]]}},{"type":"Feature","id":"way/770823354","properties":{"id":"way/770823354","building":"yes","_elevM":10,"_bbox":[99.9701523,8.4238127,99.9703698,8.4240358]},"geometry":{"type":"Polygon","coordinates":[[[99.97015,8.42398],[99.9702,8.42381],[99.97037,8.42387],[99.97032,8.42404],[99.97015,8.42398]]]}},{"type":"Feature","id":"way/770823355","properties":{"id":"way/770823355","building":"yes","_elevM":10,"_bbox":[99.9699815,8.4237262,99.9701238,8.4239333]},"geometry":{"type":"Polygon","coordinates":[[[99.97001,8.42381],[99.97006,8.42373],[99.97012,8.42375],[99.97008,8.42393],[99.96998,8.4239],[99.97001,8.42381]]]}},{"type":"Feature","id":"way/770823356","properties":{"id":"way/770823356","building":"yes","_elevM":10,"_bbox":[99.969573,8.4235975,99.9697925,8.4237825]},"geometry":{"type":"Polygon","coordinates":[[[99.96957,8.42371],[99.96961,8.4236],[99.96979,8.42364],[99.96975,8.42378],[99.96957,8.42371]]]}},{"type":"Feature","id":"way/770823357","properties":{"id":"way/770823357","building":"yes","_elevM":10,"_bbox":[99.9687213,8.4232838,99.9695303,8.4236799]},"geometry":{"type":"Polygon","coordinates":[[[99.96888,8.42347],[99.96887,8.42341],[99.96884,8.4234],[99.9688,8.42345],[99.96872,8.42344],[99.96876,8.42328],[99.96894,8.42335],[99.96953,8.42354],[99.96948,8.42368],[99.96888,8.42347]]]}},{"type":"Feature","id":"way/770823358","properties":{"id":"way/770823358","building":"yes","_elevM":10,"_bbox":[99.9683819,8.4232034,99.968514,8.4233602]},"geometry":{"type":"Polygon","coordinates":[[[99.96838,8.42333],[99.96842,8.4232],[99.96851,8.42324],[99.9685,8.42336],[99.96838,8.42333]]]}},{"type":"Feature","id":"way/770823359","properties":{"id":"way/770823359","building":"yes","_elevM":10,"_bbox":[99.9676515,8.4209628,99.9686135,8.4212746]},"geometry":{"type":"Polygon","coordinates":[[[99.96765,8.4211],[99.96769,8.42096],[99.96861,8.42114],[99.96858,8.42127],[99.9683,8.42124],[99.96765,8.4211]]]}},{"type":"Feature","id":"way/770823360","properties":{"id":"way/770823360","building":"yes","_elevM":10,"_bbox":[99.9682749,8.4212884,99.9686065,8.4214963]},"geometry":{"type":"Polygon","coordinates":[[[99.96827,8.42145],[99.96829,8.42135],[99.96833,8.42136],[99.96834,8.42129],[99.96861,8.42132],[99.96856,8.42148],[99.96845,8.42147],[99.96847,8.4214],[99.96841,8.42139],[99.96839,8.4215],[99.96827,8.42145]]]}},{"type":"Feature","id":"way/770827005","properties":{"id":"way/770827005","building":"yes","_elevM":10,"_bbox":[99.9712495,8.4101793,99.9718674,8.4104086]},"geometry":{"type":"Polygon","coordinates":[[[99.97125,8.41025],[99.97127,8.41018],[99.97187,8.41031],[99.97186,8.41041],[99.97125,8.41025]]]}},{"type":"Feature","id":"way/770827006","properties":{"id":"way/770827006","building":"yes","_elevM":10,"_bbox":[99.9709853,8.4103322,99.9730748,8.4110721]},"geometry":{"type":"Polygon","coordinates":[[[99.97099,8.41063],[99.97104,8.41033],[99.97307,8.41083],[99.97303,8.41107],[99.97099,8.41063]]]}},{"type":"Feature","id":"way/770827007","properties":{"id":"way/770827007","building":"yes","_elevM":10,"_bbox":[99.9707983,8.4107745,99.9740952,8.4117397]},"geometry":{"type":"Polygon","coordinates":[[[99.9708,8.41103],[99.97089,8.41077],[99.97138,8.41085],[99.97138,8.4109],[99.97151,8.41091],[99.97151,8.41098],[99.97159,8.411],[99.97161,8.41092],[99.97236,8.41112],[99.97235,8.41119],[99.97246,8.41122],[99.97248,8.41129],[99.97269,8.41131],[99.97273,8.41119],[99.97285,8.41121],[99.97282,8.41135],[99.97292,8.41136],[99.97296,8.41125],[99.97383,8.4114],[99.9738,8.41149],[99.97385,8.4115],[99.97387,8.41145],[99.97401,8.41149],[99.97395,8.41161],[99.9741,8.41164],[99.97406,8.41174],[99.97384,8.41168],[99.97385,8.41162],[99.97376,8.41158],[99.9737,8.41167],[99.97198,8.41131],[99.9708,8.41103]]]}},{"type":"Feature","id":"way/770827008","properties":{"id":"way/770827008","building":"yes","_elevM":10,"_bbox":[99.9731108,8.4107969,99.9736245,8.4111596]},"geometry":{"type":"Polygon","coordinates":[[[99.97311,8.41111],[99.97316,8.4108],[99.97362,8.41087],[99.9736,8.41097],[99.97328,8.41093],[99.97326,8.41116],[99.97311,8.41111]]]}},{"type":"Feature","id":"way/770827009","properties":{"id":"way/770827009","building":"yes","_elevM":10,"_bbox":[99.9719517,8.4103564,99.9725331,8.4105111]},"geometry":{"type":"Polygon","coordinates":[[[99.97195,8.41044],[99.97196,8.41036],[99.97253,8.41046],[99.97251,8.41051],[99.9723,8.41047],[99.9723,8.41051],[99.97195,8.41044]]]}},{"type":"Feature","id":"way/770827010","properties":{"id":"way/770827010","building":"yes","_elevM":10,"_bbox":[99.9727549,8.410525,99.9728459,8.4106289]},"geometry":{"type":"Polygon","coordinates":[[[99.97275,8.41061],[99.97278,8.41052],[99.97285,8.41054],[99.97284,8.41063],[99.97275,8.41061]]]}},{"type":"Feature","id":"way/770827011","properties":{"id":"way/770827011","building":"yes","_elevM":10,"_bbox":[99.9728903,8.410525,99.9730211,8.4106566]},"geometry":{"type":"Polygon","coordinates":[[[99.97289,8.41064],[99.97292,8.41052],[99.97302,8.41054],[99.97301,8.41066],[99.97289,8.41064]]]}},{"type":"Feature","id":"way/770827012","properties":{"id":"way/770827012","building":"yes","_elevM":10,"_bbox":[99.9706558,8.4111532,99.9710831,8.4114627]},"geometry":{"type":"Polygon","coordinates":[[[99.97066,8.41145],[99.97074,8.41115],[99.97108,8.4112],[99.97106,8.41137],[99.97078,8.41131],[99.97074,8.41146],[99.97066,8.41145]]]}},{"type":"Feature","id":"way/770827013","properties":{"id":"way/770827013","building":"yes","_elevM":10,"_bbox":[99.9705251,8.4111463,99.9706302,8.4112849]},"geometry":{"type":"Polygon","coordinates":[[[99.97053,8.41128],[99.97055,8.41115],[99.97063,8.41116],[99.97061,8.41128],[99.97053,8.41128]]]}},{"type":"Feature","id":"way/770827014","properties":{"id":"way/770827014","building":"yes","_elevM":10,"_bbox":[99.9708426,8.4114004,99.9711508,8.4116383]},"geometry":{"type":"Polygon","coordinates":[[[99.97084,8.41157],[99.97091,8.4114],[99.97115,8.41147],[99.9711,8.41164],[99.97084,8.41157]]]}},{"type":"Feature","id":"way/770827015","properties":{"id":"way/770827015","building":"yes","_elevM":10,"_bbox":[99.9711135,8.4112341,99.9721642,8.4118277]},"geometry":{"type":"Polygon","coordinates":[[[99.97111,8.41137],[99.97115,8.41123],[99.97145,8.41129],[99.97145,8.41133],[99.97156,8.41137],[99.97154,8.41149],[99.97156,8.4115],[99.97159,8.41138],[99.97185,8.41143],[99.97187,8.4114],[99.97216,8.41145],[99.97212,8.4116],[99.97193,8.41154],[99.97188,8.41183],[99.97178,8.41181],[99.9718,8.41168],[99.97174,8.41166],[99.97168,8.41177],[99.97138,8.4117],[99.97137,8.41163],[99.97126,8.41162],[99.9713,8.41139],[99.97111,8.41137]]]}},{"type":"Feature","id":"way/770827016","properties":{"id":"way/770827016","building":"yes","_elevM":10,"_bbox":[99.9720895,8.4117284,99.9723463,8.4119224]},"geometry":{"type":"Polygon","coordinates":[[[99.97212,8.41173],[99.97235,8.41178],[99.97231,8.41192],[99.97209,8.41186],[99.97212,8.41173]]]}},{"type":"Feature","id":"way/770827017","properties":{"id":"way/770827017","building":"yes","_elevM":10,"_bbox":[99.972379,8.4116267,99.9726335,8.4118115]},"geometry":{"type":"Polygon","coordinates":[[[99.97238,8.41175],[99.9724,8.41163],[99.97263,8.41167],[99.97259,8.41181],[99.97238,8.41175]]]}},{"type":"Feature","id":"way/770827018","properties":{"id":"way/770827018","building":"yes","_elevM":10,"_bbox":[99.9722015,8.4115274,99.972372,8.411636]},"geometry":{"type":"Polygon","coordinates":[[[99.9722,8.41162],[99.97224,8.41153],[99.97237,8.41156],[99.97235,8.41164],[99.9722,8.41162]]]}},{"type":"Feature","id":"way/770827019","properties":{"id":"way/770827019","building":"yes","_elevM":10,"_bbox":[99.9705695,8.4116545,99.9711602,8.4119224]},"geometry":{"type":"Polygon","coordinates":[[[99.97057,8.41177],[99.9706,8.41165],[99.97067,8.41167],[99.97067,8.41172],[99.97075,8.41175],[99.97077,8.4117],[99.971,8.41174],[99.97099,8.4118],[99.97107,8.41182],[99.97109,8.41177],[99.97116,8.41179],[99.97115,8.41192],[99.97057,8.41177]]]}},{"type":"Feature","id":"way/770827020","properties":{"id":"way/770827020","building":"yes","_elevM":10,"_bbox":[99.9712349,8.4118092,99.9714777,8.4119778]},"geometry":{"type":"Polygon","coordinates":[[[99.97123,8.41193],[99.97126,8.41182],[99.97135,8.41184],[99.97136,8.41181],[99.97148,8.41184],[99.97143,8.41198],[99.97123,8.41193]]]}},{"type":"Feature","id":"way/770827021","properties":{"id":"way/770827021","building":"yes","_elevM":10,"_bbox":[99.9717766,8.4119178,99.9718933,8.4120841]},"geometry":{"type":"Polygon","coordinates":[[[99.97178,8.41205],[99.97182,8.41192],[99.97189,8.41193],[99.97186,8.41208],[99.97178,8.41205]]]}},{"type":"Feature","id":"way/770827022","properties":{"id":"way/770827022","building":"yes","_elevM":10,"_bbox":[99.9698536,8.4119998,99.9703256,8.4123952]},"geometry":{"type":"Polygon","coordinates":[[[99.96985,8.41229],[99.96995,8.412],[99.97033,8.4121],[99.97023,8.4124],[99.96985,8.41229]]]}},{"type":"Feature","id":"way/770827023","properties":{"id":"way/770827023","building":"yes","_elevM":10,"_bbox":[99.9723962,8.4118009,99.9725329,8.4119839]},"geometry":{"type":"Polygon","coordinates":[[[99.9724,8.41194],[99.97247,8.4118],[99.97253,8.41182],[99.9725,8.41198],[99.9724,8.41194]]]}},{"type":"Feature","id":"way/770827024","properties":{"id":"way/770827024","building":"yes","_elevM":10,"_bbox":[99.9727475,8.4115859,99.9731498,8.4120954]},"geometry":{"type":"Polygon","coordinates":[[[99.97275,8.41205],[99.97279,8.41187],[99.97287,8.41189],[99.9729,8.41179],[99.97278,8.41179],[99.97284,8.41159],[99.97294,8.4116],[99.97292,8.41169],[99.97303,8.41171],[99.97295,8.41192],[99.97315,8.41195],[99.97309,8.41206],[99.97298,8.41205],[99.97297,8.4121],[99.97275,8.41205]]]}},{"type":"Feature","id":"way/770827025","properties":{"id":"way/770827025","building":"yes","_elevM":10,"_bbox":[99.9705402,8.4119707,99.9709425,8.4121909]},"geometry":{"type":"Polygon","coordinates":[[[99.97058,8.41197],[99.97094,8.41208],[99.9709,8.41219],[99.97054,8.4121],[99.97058,8.41197]]]}},{"type":"Feature","id":"way/770827026","properties":{"id":"way/770827026","building":"yes","_elevM":10,"_bbox":[99.9703337,8.4121856,99.9720984,8.4128595]},"geometry":{"type":"Polygon","coordinates":[[[99.97033,8.41247],[99.97044,8.41219],[99.97117,8.41238],[99.97115,8.41244],[99.97123,8.41246],[99.97125,8.4124],[99.97134,8.41242],[99.97132,8.4125],[99.97139,8.41251],[99.97142,8.41244],[99.9716,8.41249],[99.97159,8.41258],[99.97165,8.41259],[99.97168,8.41251],[99.97186,8.41256],[99.97185,8.41259],[99.97194,8.41262],[99.97195,8.41259],[99.97204,8.41261],[99.97203,8.41269],[99.9721,8.4127],[99.97208,8.41275],[99.97203,8.41274],[99.97197,8.41286],[99.97137,8.41271],[99.97141,8.41259],[99.97137,8.41259],[99.97135,8.41268],[99.97111,8.41262],[99.97114,8.41254],[99.97111,8.41252],[99.97109,8.4126],[99.97074,8.41253],[99.97077,8.41241],[99.97072,8.41239],[99.97066,8.41255],[99.97033,8.41247]]]}},{"type":"Feature","id":"way/770827027","properties":{"id":"way/770827027","building":"yes","_elevM":10,"_bbox":[99.9708363,8.4119547,99.9712321,8.4121272]},"geometry":{"type":"Polygon","coordinates":[[[99.97084,8.41205],[99.97088,8.41195],[99.97123,8.41204],[99.97122,8.41213],[99.97084,8.41205]]]}},{"type":"Feature","id":"way/770827028","properties":{"id":"way/770827028","building":"yes","_elevM":10,"_bbox":[99.9711856,8.4120359,99.9753118,8.4132866]},"geometry":{"type":"Polygon","coordinates":[[[99.97122,8.41213],[99.97128,8.41204],[99.97352,8.41259],[99.97531,8.41308],[99.97523,8.41327],[99.97508,8.41321],[99.97506,8.41329],[99.97425,8.41309],[99.97431,8.41296],[99.97405,8.41291],[99.974,8.41307],[99.97382,8.413],[99.97388,8.41285],[99.97278,8.41256],[99.97275,8.41268],[99.97247,8.4126],[99.97249,8.41246],[99.97141,8.41222],[99.97134,8.41231],[99.97119,8.41223],[99.97122,8.41213]]]}},{"type":"Feature","id":"way/770827029","properties":{"id":"way/770827029","building":"yes","_elevM":10,"_bbox":[99.9720803,8.412811,99.9724306,8.4129842]},"geometry":{"type":"Polygon","coordinates":[[[99.97208,8.41289],[99.97209,8.41281],[99.97243,8.41286],[99.9724,8.41298],[99.97208,8.41289]]]}},{"type":"Feature","id":"way/770827030","properties":{"id":"way/770827030","building":"yes","_elevM":10,"_bbox":[99.9724819,8.4127971,99.9727645,8.4130512]},"geometry":{"type":"Polygon","coordinates":[[[99.97248,8.413],[99.9725,8.41288],[99.97266,8.41291],[99.97268,8.4128],[99.97276,8.41282],[99.97271,8.41305],[99.97248,8.413]]]}},{"type":"Feature","id":"way/770827031","properties":{"id":"way/770827031","building":"yes","_elevM":10,"_bbox":[99.9702415,8.4125699,99.9715117,8.4130319]},"geometry":{"type":"Polygon","coordinates":[[[99.97024,8.41276],[99.97028,8.41257],[99.97151,8.41288],[99.97147,8.41303],[99.97024,8.41276]]]}},{"type":"Feature","id":"way/770827032","properties":{"id":"way/770827032","building":"yes","_elevM":10,"_bbox":[99.9701551,8.412824,99.9704189,8.4130295]},"geometry":{"type":"Polygon","coordinates":[[[99.97016,8.41298],[99.97021,8.41282],[99.97042,8.41287],[99.97035,8.41303],[99.97016,8.41298]]]}},{"type":"Feature","id":"way/770827033","properties":{"id":"way/770827033","building":"yes","_elevM":10,"_bbox":[99.970503,8.4128679,99.97104,8.413115]},"geometry":{"type":"Polygon","coordinates":[[[99.9705,8.41301],[99.97055,8.41287],[99.97104,8.413],[99.971,8.41311],[99.9709,8.41309],[99.9709,8.41305],[99.97085,8.41303],[99.97082,8.41308],[99.97072,8.41305],[99.97073,8.41297],[99.97061,8.41296],[99.97058,8.41303],[99.9705,8.41301]]]}},{"type":"Feature","id":"way/770827034","properties":{"id":"way/770827034","building":"yes","_elevM":10,"_bbox":[99.9701644,8.413152,99.9716051,8.4138218]},"geometry":{"type":"Polygon","coordinates":[[[99.9703,8.41315],[99.97037,8.41318],[99.97031,8.41336],[99.97056,8.41346],[99.97082,8.41352],[99.97087,8.41331],[99.971,8.41333],[99.97099,8.41345],[99.97106,8.41346],[99.9711,8.41334],[99.97122,8.41336],[99.9712,8.41346],[99.97124,8.41346],[99.97126,8.4134],[99.9714,8.41342],[99.97139,8.41351],[99.97143,8.41351],[99.97145,8.41346],[99.97161,8.41351],[99.97155,8.41371],[99.97147,8.41368],[99.97143,8.41382],[99.97116,8.41375],[99.97116,8.41369],[99.97107,8.41366],[99.97106,8.41371],[99.971,8.4137],[99.97097,8.41372],[99.97088,8.41368],[99.97091,8.41354],[99.97084,8.41353],[99.97077,8.41369],[99.97066,8.41366],[99.9707,8.41352],[99.97065,8.41352],[99.97061,8.41363],[99.97016,8.41354],[99.97023,8.41333],[99.97026,8.41333],[99.9703,8.41315]]]}},{"type":"Feature","id":"way/770827035","properties":{"id":"way/770827035","building":"yes","_elevM":10,"_bbox":[99.9701014,8.4136509,99.9703256,8.4138772]},"geometry":{"type":"Polygon","coordinates":[[[99.9701,8.41365],[99.97033,8.41369],[99.97025,8.41388],[99.97015,8.41384],[99.9701,8.41365]]]}},{"type":"Feature","id":"way/770827036","properties":{"id":"way/770827036","building":"yes","_elevM":10,"_bbox":[99.9700827,8.4139188,99.9704586,8.4141359]},"geometry":{"type":"Polygon","coordinates":[[[99.97012,8.41412],[99.97008,8.41392],[99.97046,8.41392],[99.97044,8.41414],[99.97012,8.41412]]]}},{"type":"Feature","id":"way/770827037","properties":{"id":"way/770827037","building":"yes","_elevM":10,"_bbox":[99.970368,8.4136977,99.9704902,8.4138468]},"geometry":{"type":"Polygon","coordinates":[[[99.97037,8.41383],[99.97039,8.4137],[99.97049,8.41372],[99.97047,8.41385],[99.97037,8.41383]]]}},{"type":"Feature","id":"way/770827038","properties":{"id":"way/770827038","building":"yes","_elevM":10,"_bbox":[99.970538,8.4139604,99.971054,8.414293]},"geometry":{"type":"Polygon","coordinates":[[[99.97054,8.41414],[99.97061,8.41396],[99.97083,8.41403],[99.97084,8.414],[99.97105,8.41405],[99.97096,8.41429],[99.97079,8.41424],[99.97083,8.41415],[99.97079,8.41414],[99.97077,8.4142],[99.97067,8.41416],[99.97069,8.41411],[99.97064,8.41409],[99.9706,8.41416],[99.97054,8.41414]]]}},{"type":"Feature","id":"way/770827039","properties":{"id":"way/770827039","building":"yes","_elevM":10,"_bbox":[99.970573,8.4137756,99.9710307,8.4139927]},"geometry":{"type":"Polygon","coordinates":[[[99.97057,8.41391],[99.9706,8.41383],[99.9707,8.41384],[99.97072,8.41378],[99.97103,8.41387],[99.97098,8.41396],[99.97094,8.41395],[99.97093,8.41398],[99.97088,8.41398],[99.97086,8.41395],[99.97083,8.41399],[99.97077,8.41397],[99.97079,8.41393],[99.97072,8.4139],[99.97071,8.41396],[99.97057,8.41391]]]}},{"type":"Feature","id":"way/770827040","properties":{"id":"way/770827040","building":"yes","_elevM":10,"_bbox":[99.9701429,8.4142585,99.9702503,8.4143803]},"geometry":{"type":"Polygon","coordinates":[[[99.97014,8.41437],[99.97015,8.41426],[99.97025,8.41427],[99.97024,8.41438],[99.97014,8.41437]]]}},{"type":"Feature","id":"way/770827041","properties":{"id":"way/770827041","building":"yes","_elevM":10,"_bbox":[99.9703128,8.4142822,99.9704726,8.4144192]},"geometry":{"type":"Polygon","coordinates":[[[99.97031,8.41439],[99.97033,8.41428],[99.97047,8.41431],[99.97045,8.41442],[99.97031,8.41439]]]}},{"type":"Feature","id":"way/770827042","properties":{"id":"way/770827042","building":"yes","_elevM":10,"_bbox":[99.9705446,8.4143249,99.9706827,8.4144847]},"geometry":{"type":"Polygon","coordinates":[[[99.97054,8.41445],[99.97058,8.41432],[99.97064,8.41434],[99.97062,8.4144],[99.97068,8.41442],[99.97066,8.41448],[99.97054,8.41445]]]}},{"type":"Feature","id":"way/770827043","properties":{"id":"way/770827043","building":"yes","_elevM":10,"_bbox":[99.9707337,8.4143575,99.970938,8.4145401]},"geometry":{"type":"Polygon","coordinates":[[[99.97073,8.41449],[99.97077,8.41436],[99.97094,8.4144],[99.9709,8.41454],[99.97073,8.41449]]]}},{"type":"Feature","id":"way/770827044","properties":{"id":"way/770827044","building":"yes","_elevM":10,"_bbox":[99.9700974,8.4144666,99.9704017,8.4147397]},"geometry":{"type":"Polygon","coordinates":[[[99.9701,8.41468],[99.97014,8.41447],[99.9704,8.41452],[99.97039,8.41474],[99.9701,8.41468]]]}},{"type":"Feature","id":"way/770827045","properties":{"id":"way/770827045","building":"yes","_elevM":10,"_bbox":[99.9704336,8.4145471,99.9720332,8.4150337]},"geometry":{"type":"Polygon","coordinates":[[[99.97043,8.41474],[99.97047,8.41455],[99.97203,8.41496],[99.972,8.41503],[99.97145,8.41488],[99.97095,8.41481],[99.97094,8.41487],[99.97043,8.41474]]]}},{"type":"Feature","id":"way/770827046","properties":{"id":"way/770827046","building":"yes","_elevM":10,"_bbox":[99.9700696,8.4147618,99.970488,8.4149794]},"geometry":{"type":"Polygon","coordinates":[[[99.97007,8.41488],[99.97008,8.41476],[99.97049,8.41486],[99.97046,8.41498],[99.97007,8.41488]]]}},{"type":"Feature","id":"way/770827047","properties":{"id":"way/770827047","building":"yes","_elevM":10,"_bbox":[99.9705666,8.4148799,99.9707698,8.4150026]},"geometry":{"type":"Polygon","coordinates":[[[99.97057,8.41496],[99.97059,8.41488],[99.97077,8.41492],[99.97075,8.415],[99.97057,8.41496]]]}},{"type":"Feature","id":"way/770827048","properties":{"id":"way/770827048","building":"yes","_elevM":10,"_bbox":[99.9708006,8.4149308,99.9709312,8.4150654]},"geometry":{"type":"Polygon","coordinates":[[[99.9708,8.41504],[99.97083,8.41493],[99.97093,8.41495],[99.97091,8.41507],[99.9708,8.41504]]]}},{"type":"Feature","id":"way/770827049","properties":{"id":"way/770827049","building":"yes","_elevM":10,"_bbox":[99.9700793,8.4150508,99.9703755,8.4152032]},"geometry":{"type":"Polygon","coordinates":[[[99.9701,8.41505],[99.97038,8.4151],[99.97036,8.4152],[99.97008,8.41515],[99.9701,8.41505]]]}},{"type":"Feature","id":"way/770827050","properties":{"id":"way/770827050","building":"yes","_elevM":10,"_bbox":[99.9704064,8.4151848,99.9705244,8.415313]},"geometry":{"type":"Polygon","coordinates":[[[99.97041,8.41529],[99.97044,8.41518],[99.97052,8.41521],[99.9705,8.41531],[99.97041,8.41529]]]}},{"type":"Feature","id":"way/770827051","properties":{"id":"way/770827051","building":"yes","_elevM":10,"_bbox":[99.9705874,8.4152483,99.9706977,8.4153513]},"geometry":{"type":"Polygon","coordinates":[[[99.97059,8.41533],[99.97061,8.41525],[99.9707,8.41527],[99.97068,8.41535],[99.97059,8.41533]]]}},{"type":"Feature","id":"way/770827052","properties":{"id":"way/770827052","building":"yes","_elevM":10,"_bbox":[99.9707703,8.4152886,99.9708707,8.4153948]},"geometry":{"type":"Polygon","coordinates":[[[99.97077,8.41538],[99.97079,8.41529],[99.97087,8.4153],[99.97085,8.41539],[99.97077,8.41538]]]}},{"type":"Feature","id":"way/770827053","properties":{"id":"way/770827053","building":"yes","_elevM":10,"_bbox":[99.9700138,8.4152955,99.9701282,8.415568]},"geometry":{"type":"Polygon","coordinates":[[[99.97002,8.41557],[99.97001,8.4153],[99.97013,8.41533],[99.97012,8.41557],[99.97002,8.41557]]]}},{"type":"Feature","id":"way/770827054","properties":{"id":"way/770827054","building":"yes","_elevM":10,"_bbox":[99.9700197,8.4156223,99.9704173,8.4158618]},"geometry":{"type":"Polygon","coordinates":[[[99.97002,8.41579],[99.97005,8.41562],[99.97042,8.4157],[99.97038,8.41586],[99.97002,8.41579]]]}},{"type":"Feature","id":"way/770827055","properties":{"id":"way/770827055","building":"yes","_elevM":10,"_bbox":[99.9702408,8.4154556,99.9705455,8.4156136]},"geometry":{"type":"Polygon","coordinates":[[[99.97024,8.41558],[99.97026,8.41546],[99.97055,8.41549],[99.97053,8.41561],[99.97024,8.41558]]]}},{"type":"Feature","id":"way/770827056","properties":{"id":"way/770827056","building":"yes","_elevM":10,"_bbox":[99.9704262,8.4156947,99.9707237,8.4159491]},"geometry":{"type":"Polygon","coordinates":[[[99.97049,8.41569],[99.97072,8.41578],[99.97066,8.41595],[99.97043,8.41586],[99.97049,8.41569]]]}},{"type":"Feature","id":"way/770827057","properties":{"id":"way/770827057","building":"yes","_elevM":10,"_bbox":[99.9705735,8.4155685,99.9706976,8.4156819]},"geometry":{"type":"Polygon","coordinates":[[[99.97057,8.41566],[99.97059,8.41557],[99.9707,8.41559],[99.97068,8.41568],[99.97057,8.41566]]]}},{"type":"Feature","id":"way/770827058","properties":{"id":"way/770827058","building":"yes","_elevM":10,"_bbox":[99.9708081,8.415636,99.9709338,8.4157784]},"geometry":{"type":"Polygon","coordinates":[[[99.97081,8.41575],[99.97084,8.41564],[99.97093,8.41566],[99.9709,8.41578],[99.97081,8.41575]]]}},{"type":"Feature","id":"way/770827059","properties":{"id":"way/770827059","building":"yes","_elevM":10,"_bbox":[99.9709305,8.4153007,99.9710559,8.4154553]},"geometry":{"type":"Polygon","coordinates":[[[99.97093,8.41543],[99.97096,8.4153],[99.97106,8.41532],[99.97102,8.41546],[99.97093,8.41543]]]}},{"type":"Feature","id":"way/770827061","properties":{"id":"way/770827061","building":"yes","_elevM":10,"_bbox":[99.9717739,8.3952035,99.9723694,8.3957827]},"geometry":{"type":"Polygon","coordinates":[[[99.97177,8.39571],[99.97186,8.39545],[99.97206,8.3955],[99.97208,8.39541],[99.97191,8.39537],[99.97197,8.3952],[99.97223,8.39528],[99.97225,8.39539],[99.97233,8.39543],[99.97231,8.39549],[99.9723,8.39548],[99.97227,8.39556],[99.97237,8.39558],[99.97236,8.39565],[99.97218,8.39564],[99.97212,8.39576],[99.97204,8.39573],[99.97204,8.39578],[99.97177,8.39571]]]}},{"type":"Feature","id":"way/770827062","properties":{"id":"way/770827062","building":"yes","_elevM":10,"_bbox":[99.9719484,8.3962226,99.9720511,8.3963173]},"geometry":{"type":"Polygon","coordinates":[[[99.97195,8.39631],[99.97196,8.39622],[99.97205,8.39623],[99.97204,8.39632],[99.97195,8.39631]]]}},{"type":"Feature","id":"way/770827063","properties":{"id":"way/770827063","building":"yes","_elevM":10,"_bbox":[99.9720373,8.3961067,99.9721364,8.3962095]},"geometry":{"type":"Polygon","coordinates":[[[99.97204,8.3962],[99.97205,8.39611],[99.97214,8.39612],[99.97212,8.39621],[99.97204,8.3962]]]}},{"type":"Feature","id":"way/770827064","properties":{"id":"way/770827064","building":"yes","_elevM":10,"_bbox":[99.9723515,8.3964736,99.9725209,8.3966635]},"geometry":{"type":"Polygon","coordinates":[[[99.97239,8.39664],[99.97242,8.39655],[99.97235,8.39653],[99.97237,8.39647],[99.97252,8.39651],[99.97248,8.39666],[99.97239,8.39664]]]}},{"type":"Feature","id":"way/770827065","properties":{"id":"way/770827065","building":"yes","_elevM":10,"_bbox":[99.9719995,8.3950625,99.9724205,8.3952694]},"geometry":{"type":"Polygon","coordinates":[[[99.972,8.39519],[99.97202,8.39506],[99.97224,8.39507],[99.97224,8.39512],[99.97242,8.39514],[99.97241,8.39527],[99.972,8.39519]]]}},{"type":"Feature","id":"way/770827066","properties":{"id":"way/770827066","building":"yes","_elevM":10,"_bbox":[99.9720263,8.3948529,99.9724179,8.3950121]},"geometry":{"type":"Polygon","coordinates":[[[99.97203,8.39497],[99.97208,8.39485],[99.97242,8.3949],[99.97239,8.39501],[99.97203,8.39497]]]}},{"type":"Feature","id":"way/770827067","properties":{"id":"way/770827067","building":"yes","_elevM":10,"_bbox":[99.9724111,8.3948848,99.9725131,8.3950997]},"geometry":{"type":"Polygon","coordinates":[[[99.97241,8.39507],[99.97245,8.39488],[99.97251,8.3949],[99.9725,8.3951],[99.97241,8.39507]]]}},{"type":"Feature","id":"way/770827068","properties":{"id":"way/770827068","building":"yes","_elevM":10,"_bbox":[99.9722959,8.3940328,99.9724463,8.3941856]},"geometry":{"type":"Polygon","coordinates":[[[99.97232,8.39403],[99.97245,8.39407],[99.97242,8.39419],[99.9723,8.39415],[99.97232,8.39403]]]}},{"type":"Feature","id":"way/770827069","properties":{"id":"way/770827069","building":"yes","_elevM":10,"_bbox":[99.9721211,8.3946601,99.9723548,8.3948713]},"geometry":{"type":"Polygon","coordinates":[[[99.97216,8.39485],[99.97218,8.39475],[99.97212,8.39473],[99.97214,8.39466],[99.97235,8.3947],[99.97233,8.39487],[99.97216,8.39485]]]}},{"type":"Feature","id":"way/770827070","properties":{"id":"way/770827070","building":"yes","_elevM":10,"_bbox":[99.9724239,8.3947144,99.9725601,8.394821]},"geometry":{"type":"Polygon","coordinates":[[[99.97242,8.3948],[99.97245,8.39471],[99.97256,8.39472],[99.97254,8.39482],[99.97242,8.3948]]]}},{"type":"Feature","id":"way/770827071","properties":{"id":"way/770827071","building":"yes","_elevM":10,"_bbox":[99.9721942,8.3942258,99.9724158,8.3945516]},"geometry":{"type":"Polygon","coordinates":[[[99.97219,8.3945],[99.9722,8.39441],[99.97228,8.39441],[99.9723,8.39432],[99.97225,8.39429],[99.97226,8.39423],[99.97235,8.39425],[99.97234,8.39429],[99.97242,8.3943],[99.97237,8.39455],[99.97219,8.3945]]]}},{"type":"Feature","id":"way/770827072","properties":{"id":"way/770827072","building":"yes","_elevM":10,"_bbox":[99.9724361,8.394254,99.9725825,8.3944591]},"geometry":{"type":"Polygon","coordinates":[[[99.97244,8.39445],[99.9725,8.39425],[99.97258,8.39426],[99.97255,8.39446],[99.97244,8.39445]]]}},{"type":"Feature","id":"way/770827073","properties":{"id":"way/770827073","building":"yes","_elevM":10,"_bbox":[99.9725215,8.3940529,99.9726374,8.3942077]},"geometry":{"type":"Polygon","coordinates":[[[99.97252,8.39418],[99.97255,8.39405],[99.97264,8.39407],[99.9726,8.39421],[99.97252,8.39418]]]}},{"type":"Feature","id":"way/770827075","properties":{"id":"way/770827075","building":"yes","_elevM":10,"_bbox":[99.9722471,8.393896,99.9723467,8.3939865]},"geometry":{"type":"Polygon","coordinates":[[[99.97225,8.39396],[99.97227,8.3939],[99.97235,8.39393],[99.97234,8.39399],[99.97225,8.39396]]]}},{"type":"Feature","id":"way/770827076","properties":{"id":"way/770827076","building":"yes","_elevM":10,"_bbox":[99.9723426,8.3935079,99.972493,8.3936748]},"geometry":{"type":"Polygon","coordinates":[[[99.97234,8.39367],[99.97236,8.39351],[99.97249,8.39352],[99.97248,8.39364],[99.97243,8.39364],[99.97242,8.39367],[99.97234,8.39367]]]}},{"type":"Feature","id":"way/770827077","properties":{"id":"way/770827077","building":"yes","_elevM":10,"_bbox":[99.9724544,8.3931359,99.9725398,8.3932264]},"geometry":{"type":"Polygon","coordinates":[[[99.97245,8.3932],[99.97247,8.39314],[99.97254,8.39315],[99.97253,8.39323],[99.97245,8.3932]]]}},{"type":"Feature","id":"way/770827078","properties":{"id":"way/770827078","building":"yes","_elevM":10,"_bbox":[99.9727817,8.3937271,99.9729483,8.3938498]},"geometry":{"type":"Polygon","coordinates":[[[99.97278,8.39382],[99.97279,8.39373],[99.97295,8.39376],[99.97291,8.39385],[99.97278,8.39382]]]}},{"type":"Feature","id":"way/770827079","properties":{"id":"way/770827079","building":"yes","_elevM":10,"_bbox":[99.9728792,8.393337,99.9730236,8.3934999]},"geometry":{"type":"Polygon","coordinates":[[[99.97292,8.39348],[99.97292,8.39342],[99.97288,8.39341],[99.9729,8.39334],[99.97302,8.39337],[99.97299,8.3935],[99.97292,8.39348]]]}},{"type":"Feature","id":"way/770827080","properties":{"id":"way/770827080","building":"yes","_elevM":10,"_bbox":[99.9687493,8.3934649,99.968878,8.3935604]},"geometry":{"type":"Polygon","coordinates":[[[99.96875,8.39353],[99.96877,8.39346],[99.96888,8.39349],[99.96887,8.39356],[99.96875,8.39353]]]}},{"type":"Feature","id":"way/770827081","properties":{"id":"way/770827081","building":"yes","_elevM":10,"_bbox":[99.968819,8.392913,99.969106,8.3932765]},"geometry":{"type":"Polygon","coordinates":[[[99.96882,8.39317],[99.96888,8.39291],[99.96911,8.39298],[99.96903,8.39328],[99.96893,8.39326],[99.96893,8.39319],[99.96882,8.39317]]]}},{"type":"Feature","id":"way/770827082","properties":{"id":"way/770827082","building":"yes","_elevM":10,"_bbox":[99.9689639,8.3927618,99.9694386,8.3929475]},"geometry":{"type":"Polygon","coordinates":[[[99.96912,8.39295],[99.96912,8.3929],[99.96898,8.39289],[99.96896,8.39283],[99.96944,8.39276],[99.96944,8.39294],[99.96912,8.39295]]]}},{"type":"Feature","id":"way/770827083","properties":{"id":"way/770827083","building":"yes","_elevM":10,"_bbox":[99.9690309,8.3924938,99.9694386,8.392706]},"geometry":{"type":"Polygon","coordinates":[[[99.96905,8.39271],[99.96903,8.3926],[99.9693,8.39258],[99.96936,8.39251],[99.96943,8.39249],[99.96944,8.39268],[99.96936,8.39269],[99.96934,8.39266],[99.96905,8.39271]]]}},{"type":"Feature","id":"way/770827084","properties":{"id":"way/770827084","building":"yes","_elevM":10,"_bbox":[99.9689317,8.3933986,99.9690685,8.393502]},"geometry":{"type":"Polygon","coordinates":[[[99.96895,8.3934],[99.96907,8.39343],[99.96904,8.3935],[99.96893,8.39347],[99.96895,8.3934]]]}},{"type":"Feature","id":"way/770827085","properties":{"id":"way/770827085","building":"yes","_elevM":10,"_bbox":[99.9687386,8.3932898,99.9689263,8.3934118]},"geometry":{"type":"Polygon","coordinates":[[[99.96874,8.39337],[99.96876,8.39331],[99.96884,8.39332],[99.96886,8.39329],[99.96893,8.39331],[99.9689,8.39341],[99.96874,8.39337]]]}},{"type":"Feature","id":"way/770827086","properties":{"id":"way/770827086","building":"yes","_elevM":10,"_bbox":[99.9682826,8.3932075,99.9683979,8.3933508]},"geometry":{"type":"Polygon","coordinates":[[[99.96828,8.39332],[99.96828,8.39321],[99.9684,8.39323],[99.96838,8.39335],[99.96828,8.39332]]]}},{"type":"Feature","id":"way/770827087","properties":{"id":"way/770827087","building":"yes","_elevM":10,"_bbox":[99.9683443,8.3929448,99.9684489,8.3930775]},"geometry":{"type":"Polygon","coordinates":[[[99.96834,8.39304],[99.96836,8.39294],[99.96845,8.39295],[99.96841,8.39308],[99.96834,8.39304]]]}},{"type":"Feature","id":"way/770827088","properties":{"id":"way/770827088","building":"yes","_elevM":10,"_bbox":[99.9683336,8.3924911,99.9685401,8.3926636]},"geometry":{"type":"Polygon","coordinates":[[[99.96838,8.39263],[99.96841,8.39257],[99.96833,8.39256],[99.96836,8.39249],[99.96854,8.39254],[99.96849,8.39266],[99.96838,8.39263]]]}},{"type":"Feature","id":"way/770827089","properties":{"id":"way/770827089","building":"yes","_elevM":10,"_bbox":[99.9691141,8.3920613,99.9694776,8.3922098]},"geometry":{"type":"Polygon","coordinates":[[[99.96913,8.39214],[99.96911,8.39206],[99.96948,8.39208],[99.96947,8.39217],[99.96934,8.39216],[99.96934,8.39221],[99.96924,8.3922],[99.96913,8.39214]]]}},{"type":"Feature","id":"way/770827090","properties":{"id":"way/770827090","building":"yes","_elevM":10,"_bbox":[99.9663907,8.3944112,99.9665677,8.3946107]},"geometry":{"type":"Polygon","coordinates":[[[99.96639,8.3946],[99.9664,8.39441],[99.96657,8.39444],[99.96653,8.39461],[99.96639,8.3946]]]}},{"type":"Feature","id":"way/770827091","properties":{"id":"way/770827091","building":"yes","_elevM":10,"_bbox":[99.966281,8.3941311,99.9664191,8.3942536]},"geometry":{"type":"Polygon","coordinates":[[[99.96629,8.39423],[99.96628,8.39413],[99.96642,8.39416],[99.96641,8.39425],[99.96629,8.39423]]]}},{"type":"Feature","id":"way/770827092","properties":{"id":"way/770827092","building":"yes","_elevM":10,"_bbox":[99.9692133,8.3932594,99.969351,8.393368]},"geometry":{"type":"Polygon","coordinates":[[[99.96921,8.39335],[99.96923,8.39326],[99.96935,8.39328],[99.96933,8.39337],[99.96921,8.39335]]]}},{"type":"Feature","id":"way/770827093","properties":{"id":"way/770827093","building":"yes","_elevM":10,"_bbox":[99.9693043,8.3930792,99.9694607,8.3931739]},"geometry":{"type":"Polygon","coordinates":[[[99.9693,8.39315],[99.96932,8.39308],[99.96946,8.39309],[99.96945,8.39317],[99.9693,8.39315]]]}},{"type":"Feature","id":"way/770827094","properties":{"id":"way/770827094","building":"yes","_elevM":10,"_bbox":[99.9709184,8.3920334,99.9715323,8.3921862]},"geometry":{"type":"Polygon","coordinates":[[[99.97092,8.39219],[99.97094,8.39209],[99.97116,8.39208],[99.97117,8.39204],[99.97153,8.39203],[99.97153,8.39216],[99.97143,8.39216],[99.97143,8.39209],[99.97139,8.3921],[99.97138,8.39217],[99.97092,8.39219]]]}},{"type":"Feature","id":"way/770827095","properties":{"id":"way/770827095","building":"yes","_elevM":10,"_bbox":[99.9709936,8.3918403,99.9711379,8.3920093]},"geometry":{"type":"Polygon","coordinates":[[[99.97099,8.39197],[99.97101,8.39184],[99.97114,8.3919],[99.97112,8.39201],[99.97099,8.39197]]]}},{"type":"Feature","id":"way/770827096","properties":{"id":"way/770827096","building":"yes","_elevM":10,"_bbox":[99.9715892,8.3919831,99.9716705,8.392152]},"geometry":{"type":"Polygon","coordinates":[[[99.97159,8.39215],[99.9716,8.39198],[99.97167,8.39201],[99.97166,8.39215],[99.97159,8.39215]]]}},{"type":"Feature","id":"way/770827097","properties":{"id":"way/770827097","building":"yes","_elevM":10,"_bbox":[99.9717152,8.391969,99.9718372,8.3921802]},"geometry":{"type":"Polygon","coordinates":[[[99.97172,8.39218],[99.97175,8.39197],[99.97184,8.39199],[99.97181,8.39218],[99.97172,8.39218]]]}},{"type":"Feature","id":"way/770827098","properties":{"id":"way/770827098","building":"yes","_elevM":10,"_bbox":[99.9717055,8.3922665,99.9718256,8.3923366]},"geometry":{"type":"Polygon","coordinates":[[[99.97171,8.39234],[99.97171,8.39227],[99.97183,8.39227],[99.97183,8.39233],[99.97171,8.39234]]]}},{"type":"Feature","id":"way/770827099","properties":{"id":"way/770827099","building":"yes","_elevM":10,"_bbox":[99.9711977,8.3918173,99.9713624,8.3919902]},"geometry":{"type":"Polygon","coordinates":[[[99.97121,8.39199],[99.9712,8.39196],[99.97129,8.39194],[99.97131,8.39182],[99.97136,8.39182],[99.97136,8.39199],[99.97121,8.39199]]]}},{"type":"Feature","id":"way/770827100","properties":{"id":"way/770827100","building":"yes","_elevM":10,"_bbox":[99.970962,8.3916625,99.9711266,8.3917851]},"geometry":{"type":"Polygon","coordinates":[[[99.97096,8.39175],[99.97097,8.39166],[99.97113,8.39168],[99.97112,8.39179],[99.97096,8.39175]]]}},{"type":"Feature","id":"way/770827101","properties":{"id":"way/770827101","building":"yes","_elevM":10,"_bbox":[99.969619,8.4046028,99.969739,8.4047735]},"geometry":{"type":"Polygon","coordinates":[[[99.96962,8.40475],[99.96966,8.4046],[99.96974,8.40462],[99.9697,8.40477],[99.96962,8.40475]]]}},{"type":"Feature","id":"way/770827102","properties":{"id":"way/770827102","building":"yes","_elevM":10,"_bbox":[99.9697253,8.4041166,99.9698864,8.4042316]},"geometry":{"type":"Polygon","coordinates":[[[99.96973,8.4042],[99.96975,8.40412],[99.96989,8.40415],[99.96987,8.40423],[99.96973,8.4042]]]}},{"type":"Feature","id":"way/770827103","properties":{"id":"way/770827103","building":"yes","_elevM":10,"_bbox":[99.9697077,8.4044028,99.9698482,8.4045128]},"geometry":{"type":"Polygon","coordinates":[[[99.96971,8.40448],[99.96973,8.4044],[99.96985,8.40444],[99.96983,8.40451],[99.96971,8.40448]]]}},{"type":"Feature","id":"way/770827104","properties":{"id":"way/770827104","building":"yes","_elevM":10,"_bbox":[99.969243,8.4039923,99.9693975,8.404127]},"geometry":{"type":"Polygon","coordinates":[[[99.96924,8.40408],[99.96927,8.40399],[99.9694,8.40404],[99.96937,8.40413],[99.96924,8.40408]]]}},{"type":"Feature","id":"way/770827105","properties":{"id":"way/770827105","building":"yes","_elevM":10,"_bbox":[99.9697496,8.4042077,99.9701934,8.4044738]},"geometry":{"type":"Polygon","coordinates":[[[99.96987,8.4044],[99.96988,8.40434],[99.9698,8.40432],[99.9698,8.40428],[99.96975,8.40427],[99.96977,8.40421],[99.97019,8.40432],[99.97015,8.40447],[99.96987,8.4044]]]}},{"type":"Feature","id":"way/770827106","properties":{"id":"way/770827106","building":"yes","_elevM":10,"_bbox":[99.9698685,8.404541,99.9700373,8.4047535]},"geometry":{"type":"Polygon","coordinates":[[[99.96987,8.40473],[99.96991,8.40454],[99.97004,8.40457],[99.96999,8.40475],[99.96987,8.40473]]]}},{"type":"Feature","id":"way/770827107","properties":{"id":"way/770827107","building":"yes","_elevM":10,"_bbox":[99.9698347,8.4049167,99.9705609,8.4051616]},"geometry":{"type":"Polygon","coordinates":[[[99.96983,8.40501],[99.96985,8.40492],[99.97056,8.40507],[99.97054,8.40516],[99.96983,8.40501]]]}},{"type":"Feature","id":"way/770827108","properties":{"id":"way/770827108","building":"yes","_elevM":10,"_bbox":[99.9701089,8.4032644,99.9706556,8.4035138]},"geometry":{"type":"Polygon","coordinates":[[[99.97016,8.40326],[99.97064,8.40331],[99.97066,8.40345],[99.97045,8.40351],[99.97041,8.40351],[99.9704,8.40344],[99.97026,8.40343],[99.97025,8.40337],[99.9702,8.40337],[99.97018,8.40342],[99.97011,8.4034],[99.97011,8.40328],[99.97016,8.40326]]]}},{"type":"Feature","id":"way/770827109","properties":{"id":"way/770827109","building":"yes","_elevM":10,"_bbox":[99.9698549,8.4035702,99.9699934,8.4036786]},"geometry":{"type":"Polygon","coordinates":[[[99.96985,8.40367],[99.96986,8.40357],[99.96999,8.40358],[99.96999,8.40368],[99.96985,8.40367]]]}},{"type":"Feature","id":"way/770827110","properties":{"id":"way/770827110","building":"yes","_elevM":10,"_bbox":[99.9697806,8.4038009,99.969843,8.4038633]},"geometry":{"type":"Polygon","coordinates":[[[99.96978,8.40386],[99.96978,8.4038],[99.96984,8.4038],[99.96984,8.40386],[99.96978,8.40386]]]}},{"type":"Feature","id":"way/770827111","properties":{"id":"way/770827111","building":"yes","_elevM":10,"_bbox":[99.9699032,8.403544,99.9709929,8.4041914]},"geometry":{"type":"Polygon","coordinates":[[[99.9699,8.40395],[99.96994,8.40383],[99.97005,8.40387],[99.97005,8.4036],[99.97031,8.4036],[99.97031,8.40364],[99.97058,8.40358],[99.97059,8.40355],[99.97078,8.40354],[99.97078,8.40372],[99.97088,8.40371],[99.97088,8.40356],[99.97098,8.40356],[99.97099,8.40389],[99.97059,8.40391],[99.97058,8.40376],[99.97031,8.40377],[99.97032,8.40391],[99.97041,8.40393],[99.97044,8.40388],[99.97056,8.4039],[99.9706,8.40395],[99.97059,8.40401],[99.97045,8.40399],[99.97043,8.4041],[99.97062,8.40413],[99.97063,8.40419],[99.97047,8.40417],[99.9703,8.40411],[99.97032,8.40404],[99.97029,8.40402],[99.9703,8.40395],[99.97023,8.40393],[99.97022,8.40374],[99.97012,8.40375],[99.97013,8.4039],[99.97005,8.4039],[99.97002,8.40399],[99.9699,8.40395]]]}},{"type":"Feature","id":"way/770827112","properties":{"id":"way/770827112","building":"yes","_elevM":10,"_bbox":[99.9700589,8.4039362,99.9702348,8.4040929]},"geometry":{"type":"Polygon","coordinates":[[[99.97006,8.40409],[99.97007,8.40399],[99.97013,8.40399],[99.97013,8.40394],[99.97023,8.40395],[99.97023,8.40402],[99.97011,8.40401],[99.97011,8.40409],[99.97006,8.40409]]]}},{"type":"Feature","id":"way/770827113","properties":{"id":"way/770827113","building":"yes","_elevM":10,"_bbox":[99.9700689,8.4041296,99.9706822,8.4044329]},"geometry":{"type":"Polygon","coordinates":[[[99.97007,8.40423],[99.97008,8.40419],[99.97021,8.40422],[99.97023,8.40414],[99.97031,8.40416],[99.97032,8.40413],[99.97047,8.40417],[99.97048,8.40421],[99.97062,8.40422],[99.97062,8.40426],[99.97068,8.40426],[99.97067,8.40443],[99.97057,8.40442],[99.97045,8.4044],[99.97046,8.40434],[99.97038,8.40432],[99.97038,8.40434],[99.97031,8.40433],[99.9703,8.40439],[99.97024,8.40438],[99.97023,8.40427],[99.97007,8.40423]]]}},{"type":"Feature","id":"way/770827114","properties":{"id":"way/770827114","building":"yes","_elevM":10,"_bbox":[99.9700675,8.4046529,99.9702156,8.4048314]},"geometry":{"type":"Polygon","coordinates":[[[99.9701,8.40481],[99.97011,8.40475],[99.97007,8.40474],[99.97008,8.40465],[99.97022,8.40468],[99.97019,8.40483],[99.9701,8.40481]]]}},{"type":"Feature","id":"way/770827115","properties":{"id":"way/770827115","building":"yes","_elevM":10,"_bbox":[99.9706841,8.4042919,99.9707796,8.4044186]},"geometry":{"type":"Polygon","coordinates":[[[99.97068,8.40441],[99.97069,8.40429],[99.97078,8.40429],[99.97077,8.40442],[99.97068,8.40441]]]}},{"type":"Feature","id":"way/770827116","properties":{"id":"way/770827116","building":"yes","_elevM":10,"_bbox":[99.9708536,8.4042874,99.9710922,8.4043976]},"geometry":{"type":"Polygon","coordinates":[[[99.97085,8.40437],[99.97086,8.40429],[99.97109,8.40432],[99.97108,8.4044],[99.97085,8.40437]]]}},{"type":"Feature","id":"way/770827117","properties":{"id":"way/770827117","building":"yes","_elevM":10,"_bbox":[99.9710862,8.4042101,99.9711728,8.4042931]},"geometry":{"type":"Polygon","coordinates":[[[99.97109,8.40428],[99.9711,8.40421],[99.97117,8.40423],[99.97116,8.40429],[99.97109,8.40428]]]}},{"type":"Feature","id":"way/770827118","properties":{"id":"way/770827118","building":"yes","_elevM":10,"_bbox":[99.9702931,8.4046417,99.9705352,8.404941]},"geometry":{"type":"Polygon","coordinates":[[[99.97029,8.40483],[99.97032,8.40464],[99.97044,8.40466],[99.97044,8.40471],[99.97054,8.40472],[99.9705,8.40494],[99.9704,8.40493],[99.97041,8.40485],[99.97029,8.40483]]]}},{"type":"Feature","id":"way/770827119","properties":{"id":"way/770827119","building":"yes","_elevM":10,"_bbox":[99.9703176,8.4045097,99.9704255,8.4046184]},"geometry":{"type":"Polygon","coordinates":[[[99.97032,8.4046],[99.97034,8.40451],[99.97043,8.40453],[99.97041,8.40462],[99.97032,8.4046]]]}},{"type":"Feature","id":"way/770827120","properties":{"id":"way/770827120","building":"yes","_elevM":10,"_bbox":[99.9705745,8.4046117,99.9707535,8.4049843]},"geometry":{"type":"Polygon","coordinates":[[[99.97057,8.40497],[99.97062,8.40461],[99.97075,8.40463],[99.97074,8.40475],[99.97069,8.40474],[99.97066,8.40498],[99.97057,8.40497]]]}},{"type":"Feature","id":"way/770827121","properties":{"id":"way/770827121","building":"yes","_elevM":10,"_bbox":[99.9702993,8.4055562,99.9705852,8.406175]},"geometry":{"type":"Polygon","coordinates":[[[99.9703,8.40614],[99.97041,8.40556],[99.97059,8.40559],[99.97055,8.40575],[99.97048,8.40573],[99.97043,8.40594],[99.97053,8.40596],[99.97049,8.40617],[99.9703,8.40614]]]}},{"type":"Feature","id":"way/770827122","properties":{"id":"way/770827122","building":"yes","_elevM":10,"_bbox":[99.9715427,8.401876,99.9717515,8.4021001]},"geometry":{"type":"Polygon","coordinates":[[[99.97154,8.40197],[99.97156,8.40188],[99.97175,8.4019],[99.97171,8.4021],[99.97163,8.40208],[99.97162,8.40199],[99.97154,8.40197]]]}},{"type":"Feature","id":"way/770827123","properties":{"id":"way/770827123","building":"yes","_elevM":10,"_bbox":[99.9715751,8.4015906,99.9717852,8.4018308]},"geometry":{"type":"Polygon","coordinates":[[[99.97158,8.40179],[99.97165,8.40159],[99.97179,8.40165],[99.97177,8.40174],[99.97171,8.40173],[99.97166,8.40183],[99.97158,8.40179]]]}},{"type":"Feature","id":"way/770827124","properties":{"id":"way/770827124","building":"yes","_elevM":10,"_bbox":[99.9708678,8.401914,99.9709703,8.4020055]},"geometry":{"type":"Polygon","coordinates":[[[99.97087,8.40199],[99.97088,8.40191],[99.97097,8.40193],[99.97095,8.40201],[99.97087,8.40199]]]}},{"type":"Feature","id":"way/770827125","properties":{"id":"way/770827125","building":"yes","_elevM":10,"_bbox":[99.9710607,8.4027493,99.9711708,8.4028827]},"geometry":{"type":"Polygon","coordinates":[[[99.97117,8.40288],[99.97106,8.40288],[99.97106,8.40275],[99.97117,8.40275],[99.97117,8.40288]]]}},{"type":"Feature","id":"way/770827126","properties":{"id":"way/770827126","building":"yes","_elevM":10,"_bbox":[99.9710381,8.4020225,99.9712365,8.4022212]},"geometry":{"type":"Polygon","coordinates":[[[99.97109,8.40219],[99.97112,8.40211],[99.97104,8.40207],[99.97104,8.40202],[99.97124,8.40207],[99.97119,8.40222],[99.97109,8.40219]]]}},{"type":"Feature","id":"way/770827127","properties":{"id":"way/770827127","building":"yes","_elevM":10,"_bbox":[99.9718977,8.4014512,99.9720023,8.4016475]},"geometry":{"type":"Polygon","coordinates":[[[99.9719,8.40159],[99.97193,8.40145],[99.972,8.40147],[99.97196,8.40165],[99.9719,8.40159]]]}},{"type":"Feature","id":"way/770827128","properties":{"id":"way/770827128","building":"yes","_elevM":10,"_bbox":[99.9719621,8.401751,99.9721337,8.4020296]},"geometry":{"type":"Polygon","coordinates":[[[99.97205,8.40203],[99.97202,8.40188],[99.97199,8.40189],[99.97196,8.40175],[99.97201,8.40179],[99.97209,8.40178],[99.97213,8.40203],[99.97205,8.40203]]]}},{"type":"Feature","id":"way/770827129","properties":{"id":"way/770827129","building":"yes","_elevM":10,"_bbox":[99.9720424,8.4007691,99.9723326,8.4010754]},"geometry":{"type":"Polygon","coordinates":[[[99.97204,8.40101],[99.97206,8.40093],[99.97223,8.40097],[99.97225,8.40091],[99.97218,8.40089],[99.9722,8.40077],[99.97233,8.40081],[99.9723,8.40108],[99.9722,8.40106],[99.97204,8.40101]]]}},{"type":"Feature","id":"way/770827130","properties":{"id":"way/770827130","building":"yes","_elevM":10,"_bbox":[99.9721538,8.4012732,99.9722742,8.4014553]},"geometry":{"type":"Polygon","coordinates":[[[99.97215,8.40144],[99.97217,8.40127],[99.97227,8.40129],[99.97226,8.40146],[99.97215,8.40144]]]}},{"type":"Feature","id":"way/770827131","properties":{"id":"way/770827131","building":"yes","_elevM":10,"_bbox":[99.9717999,8.4011209,99.9718866,8.4011805]},"geometry":{"type":"Polygon","coordinates":[[[99.9718,8.40116],[99.9718,8.40112],[99.97189,8.40114],[99.97188,8.40118],[99.9718,8.40116]]]}},{"type":"Feature","id":"way/770827132","properties":{"id":"way/770827132","building":"yes","_elevM":10,"_bbox":[99.9721185,8.4014833,99.9722618,8.4017144]},"geometry":{"type":"Polygon","coordinates":[[[99.97212,8.40171],[99.97214,8.40148],[99.97226,8.4015],[99.97224,8.40171],[99.97212,8.40171]]]}},{"type":"Feature","id":"way/770827134","properties":{"id":"way/770827134","building":"yes","_elevM":10,"_bbox":[99.9612493,8.4300514,99.9615418,8.4302592]},"geometry":{"type":"Polygon","coordinates":[[[99.96125,8.43017],[99.96127,8.43005],[99.96154,8.43009],[99.96152,8.43026],[99.96135,8.43023],[99.96136,8.43019],[99.96125,8.43017]]]}},{"type":"Feature","id":"way/770827135","properties":{"id":"way/770827135","building":"yes","_elevM":10,"_bbox":[99.9623808,8.4282129,99.9625649,8.4283529]},"geometry":{"type":"Polygon","coordinates":[[[99.96238,8.42834],[99.9624,8.42821],[99.96256,8.42823],[99.96255,8.42835],[99.96238,8.42834]]]}},{"type":"Feature","id":"way/772856102","properties":{"id":"way/772856102","building":"yes","_elevM":10,"_bbox":[99.9611469,8.4222659,99.9615,8.4225972]},"geometry":{"type":"Polygon","coordinates":[[[99.96118,8.42227],[99.96143,8.4223],[99.96142,8.42233],[99.9615,8.42235],[99.96147,8.42254],[99.96142,8.42253],[99.96141,8.4226],[99.96125,8.42257],[99.96127,8.4225],[99.96115,8.42249],[99.96118,8.42227]]]}},{"type":"Feature","id":"way/772856103","properties":{"id":"way/772856103","building":"yes","_elevM":10,"_bbox":[99.9614272,8.4227209,99.9615551,8.4228635]},"geometry":{"type":"Polygon","coordinates":[[[99.96143,8.42285],[99.96145,8.42272],[99.96156,8.42274],[99.96153,8.42286],[99.96143,8.42285]]]}},{"type":"Feature","id":"way/772856104","properties":{"id":"way/772856104","building":"yes","_elevM":10,"_bbox":[99.9610664,8.4225093,99.9611459,8.4226029]},"geometry":{"type":"Polygon","coordinates":[[[99.96107,8.4226],[99.96107,8.42251],[99.96115,8.42252],[99.96114,8.4226],[99.96107,8.4226]]]}},{"type":"Feature","id":"way/772856105","properties":{"id":"way/772856105","building":"yes","_elevM":10,"_bbox":[99.9610624,8.4223427,99.9611389,8.4224207]},"geometry":{"type":"Polygon","coordinates":[[[99.96106,8.42241],[99.96107,8.42234],[99.96114,8.42235],[99.96113,8.42242],[99.96106,8.42241]]]}},{"type":"Feature","id":"way/772856106","properties":{"id":"way/772856106","building":"yes","_elevM":10,"_bbox":[99.9615989,8.4223356,99.9617007,8.4224653]},"geometry":{"type":"Polygon","coordinates":[[[99.9616,8.42245],[99.96162,8.42234],[99.9617,8.42235],[99.96168,8.42247],[99.9616,8.42245]]]}},{"type":"Feature","id":"way/772856107","properties":{"id":"way/772856107","building":"yes","_elevM":10,"_bbox":[99.9610267,8.4216454,99.9612681,8.4220355]},"geometry":{"type":"Polygon","coordinates":[[[99.96103,8.42201],[99.96103,8.42165],[99.96127,8.42168],[99.96123,8.42195],[99.96114,8.42195],[99.96114,8.42204],[99.96103,8.42201]]]}},{"type":"Feature","id":"way/772856108","properties":{"id":"way/772856108","building":"yes","_elevM":10,"_bbox":[99.9611966,8.4220003,99.9614323,8.422197]},"geometry":{"type":"Polygon","coordinates":[[[99.96128,8.42219],[99.96129,8.4221],[99.9612,8.42209],[99.9612,8.422],[99.96143,8.42201],[99.96143,8.4222],[99.96128,8.42219]]]}},{"type":"Feature","id":"way/772856109","properties":{"id":"way/772856109","building":"yes","_elevM":10,"_bbox":[99.9616639,8.4220843,99.9617156,8.4221469]},"geometry":{"type":"Polygon","coordinates":[[[99.96166,8.42215],[99.96167,8.42208],[99.96172,8.42209],[99.96171,8.42215],[99.96166,8.42215]]]}},{"type":"Feature","id":"way/772856110","properties":{"id":"way/772856110","building":"yes","_elevM":10,"_bbox":[99.9602542,8.4221336,99.9609891,8.4224228]},"geometry":{"type":"Polygon","coordinates":[[[99.96025,8.42231],[99.96027,8.42221],[99.96029,8.4222],[99.9603,8.42213],[99.96046,8.42216],[99.96045,8.42222],[99.96056,8.42223],[99.96057,8.42218],[99.96064,8.42219],[99.96062,8.42225],[99.96067,8.42226],[99.96068,8.4222],[99.96087,8.42225],[99.96099,8.42227],[99.96098,8.42234],[99.96085,8.42231],[99.96084,8.42239],[99.96078,8.42237],[99.96076,8.42241],[99.96069,8.42242],[99.9607,8.42235],[99.96061,8.42234],[99.96055,8.42236],[99.96037,8.42235],[99.96038,8.42225],[99.96034,8.42224],[99.96029,8.42231],[99.96025,8.42231]]]}},{"type":"Feature","id":"way/772856111","properties":{"id":"way/772856111","building":"yes","_elevM":10,"_bbox":[99.9615255,8.4219373,99.9616436,8.4220116]},"geometry":{"type":"Polygon","coordinates":[[[99.96153,8.42201],[99.96153,8.42194],[99.96164,8.42194],[99.96164,8.42201],[99.96153,8.42201]]]}},{"type":"Feature","id":"way/772856112","properties":{"id":"way/772856112","building":"yes","_elevM":10,"_bbox":[99.9605251,8.4217356,99.9609435,8.4221442]},"geometry":{"type":"Polygon","coordinates":[[[99.96053,8.42207],[99.96057,8.42187],[99.96064,8.42189],[99.96065,8.42183],[99.96059,8.42182],[99.96059,8.42174],[99.9607,8.42174],[99.96069,8.42186],[99.96071,8.42187],[99.96075,8.42177],[99.96087,8.42178],[99.96086,8.42183],[99.96094,8.42184],[99.96094,8.42214],[99.9609,8.42214],[99.96091,8.422],[99.96081,8.422],[99.96079,8.42208],[99.9607,8.42206],[99.96071,8.422],[99.96062,8.42199],[99.96061,8.42208],[99.96053,8.42207]]]}},{"type":"Feature","id":"way/772856113","properties":{"id":"way/772856113","building":"yes","_elevM":10,"_bbox":[99.9592005,8.422046,99.9593876,8.4222104]},"geometry":{"type":"Polygon","coordinates":[[[99.9592,8.42215],[99.95924,8.42205],[99.95939,8.4221],[99.95934,8.42221],[99.9592,8.42215]]]}},{"type":"Feature","id":"way/772856114","properties":{"id":"way/772856114","building":"yes","_elevM":10,"_bbox":[99.9607619,8.4216312,99.9609779,8.4217518]},"geometry":{"type":"Polygon","coordinates":[[[99.96076,8.42172],[99.96078,8.42163],[99.96098,8.42166],[99.96096,8.42175],[99.96076,8.42172]]]}},{"type":"Feature","id":"way/772856115","properties":{"id":"way/772856115","building":"yes","_elevM":10,"_bbox":[99.9595825,8.4219781,99.9598174,8.4222073]},"geometry":{"type":"Polygon","coordinates":[[[99.95958,8.42216],[99.95963,8.42198],[99.95982,8.42203],[99.95977,8.42221],[99.95958,8.42216]]]}},{"type":"Feature","id":"way/772856116","properties":{"id":"way/772856116","building":"yes","_elevM":10,"_bbox":[99.9599795,8.4221116,99.9601692,8.4222662]},"geometry":{"type":"Polygon","coordinates":[[[99.95998,8.42225],[99.96001,8.42213],[99.96008,8.42215],[99.96009,8.42211],[99.96017,8.42213],[99.96015,8.42222],[99.96007,8.4222],[99.96005,8.42227],[99.95998,8.42225]]]}},{"type":"Feature","id":"way/772856117","properties":{"id":"way/772856117","building":"yes","_elevM":10,"_bbox":[99.9609336,8.4231621,99.9610409,8.4232466]},"geometry":{"type":"Polygon","coordinates":[[[99.96093,8.42324],[99.96094,8.42316],[99.96104,8.42317],[99.96103,8.42325],[99.96093,8.42324]]]}},{"type":"Feature","id":"way/772856118","properties":{"id":"way/772856118","building":"yes","_elevM":10,"_bbox":[99.9609787,8.4229797,99.9610853,8.4230812]},"geometry":{"type":"Polygon","coordinates":[[[99.96098,8.42306],[99.961,8.42298],[99.96109,8.423],[99.96107,8.42308],[99.96098,8.42306]]]}},{"type":"Feature","id":"way/772856119","properties":{"id":"way/772856119","building":"yes","_elevM":10,"_bbox":[99.960266,8.4219273,99.9604165,8.4220384]},"geometry":{"type":"Polygon","coordinates":[[[99.96027,8.42201],[99.96028,8.42193],[99.96042,8.42196],[99.9604,8.42204],[99.96027,8.42201]]]}},{"type":"Feature","id":"way/772856120","properties":{"id":"way/772856120","building":"yes","_elevM":10,"_bbox":[99.9592544,8.4216586,99.9593521,8.4217975]},"geometry":{"type":"Polygon","coordinates":[[[99.95925,8.42179],[99.95927,8.42166],[99.95935,8.42167],[99.95934,8.4218],[99.95925,8.42179]]]}},{"type":"Feature","id":"way/772856121","properties":{"id":"way/772856121","building":"yes","_elevM":10,"_bbox":[99.9594109,8.4216353,99.959498,8.4217097]},"geometry":{"type":"Polygon","coordinates":[[[99.95941,8.42169],[99.95942,8.42164],[99.9595,8.42165],[99.95949,8.42171],[99.95941,8.42169]]]}},{"type":"Feature","id":"way/772856122","properties":{"id":"way/772856122","building":"yes","_elevM":10,"_bbox":[99.9596686,8.4216895,99.9597596,8.4218142]},"geometry":{"type":"Polygon","coordinates":[[[99.95967,8.4218],[99.95968,8.42169],[99.95976,8.4217],[99.95975,8.42181],[99.95967,8.4218]]]}},{"type":"Feature","id":"way/772856123","properties":{"id":"way/772856123","building":"yes","_elevM":10,"_bbox":[99.9603068,8.4218327,99.9604171,8.421913]},"geometry":{"type":"Polygon","coordinates":[[[99.96031,8.42189],[99.96032,8.42183],[99.96042,8.42185],[99.9604,8.42191],[99.96031,8.42189]]]}},{"type":"Feature","id":"way/772856124","properties":{"id":"way/772856124","building":"yes","_elevM":10,"_bbox":[99.9603707,8.4215747,99.9606684,8.4217388]},"geometry":{"type":"Polygon","coordinates":[[[99.96048,8.42167],[99.96047,8.42174],[99.96037,8.42172],[99.9604,8.4216],[99.96049,8.42162],[99.9605,8.42157],[99.96067,8.42161],[99.96065,8.4217],[99.96048,8.42167]]]}},{"type":"Feature","id":"way/772856125","properties":{"id":"way/772856125","building":"yes","_elevM":10,"_bbox":[99.959457,8.4219204,99.9595666,8.422008]},"geometry":{"type":"Polygon","coordinates":[[[99.95946,8.42199],[99.95947,8.42192],[99.95957,8.42194],[99.95955,8.42201],[99.95946,8.42199]]]}},{"type":"Feature","id":"way/772856126","properties":{"id":"way/772856126","building":"yes","_elevM":10,"_bbox":[99.9598129,8.4212921,99.9602642,8.4218627]},"geometry":{"type":"Polygon","coordinates":[[[99.95995,8.42159],[99.95994,8.42149],[99.96005,8.4215],[99.96006,8.42144],[99.95981,8.42143],[99.95983,8.42129],[99.96026,8.42137],[99.96022,8.42186],[99.96016,8.42186],[99.96019,8.42152],[99.96009,8.4215],[99.96008,8.42159],[99.95995,8.42159]]]}},{"type":"Feature","id":"way/772856127","properties":{"id":"way/772856127","building":"yes","_elevM":10,"_bbox":[99.9618486,8.420123,99.9620739,8.4205077]},"geometry":{"type":"Polygon","coordinates":[[[99.96185,8.42047],[99.96191,8.42012],[99.96202,8.42013],[99.96202,8.42023],[99.96207,8.42024],[99.962,8.42051],[99.96185,8.42047]]]}},{"type":"Feature","id":"way/772856128","properties":{"id":"way/772856128","building":"yes","_elevM":10,"_bbox":[99.961575,8.4206749,99.9619773,8.4212055]},"geometry":{"type":"Polygon","coordinates":[[[99.96162,8.42111],[99.96163,8.42102],[99.96158,8.421],[99.96157,8.42096],[99.96174,8.42096],[99.96178,8.42084],[99.96186,8.42086],[99.96191,8.42067],[99.96198,8.42069],[99.96189,8.42103],[99.96172,8.421],[99.9617,8.42109],[99.96182,8.4211],[99.96181,8.42121],[99.96169,8.42119],[99.96169,8.42112],[99.96162,8.42111]]]}},{"type":"Feature","id":"way/772856129","properties":{"id":"way/772856129","building":"yes","_elevM":10,"_bbox":[99.9611837,8.4199856,99.9615695,8.4202058]},"geometry":{"type":"Polygon","coordinates":[[[99.96118,8.42014],[99.96121,8.41999],[99.96157,8.42005],[99.96154,8.42021],[99.96118,8.42014]]]}},{"type":"Feature","id":"way/772856130","properties":{"id":"way/772856130","building":"yes","_elevM":10,"_bbox":[99.9613068,8.4204998,99.9617735,8.4209322]},"geometry":{"type":"Polygon","coordinates":[[[99.96131,8.42086],[99.96133,8.42074],[99.96153,8.42077],[99.96155,8.4206],[99.96162,8.4206],[99.96163,8.4205],[99.96177,8.42053],[99.96166,8.42093],[99.96131,8.42086]]]}},{"type":"Feature","id":"way/772856131","properties":{"id":"way/772856131","building":"yes","_elevM":10,"_bbox":[99.9608075,8.4204395,99.9609846,8.4207244]},"geometry":{"type":"Polygon","coordinates":[[[99.96081,8.42071],[99.96083,8.42044],[99.96098,8.42045],[99.96097,8.42072],[99.96081,8.42071]]]}},{"type":"Feature","id":"way/772856132","properties":{"id":"way/772856132","building":"yes","_elevM":10,"_bbox":[99.9608683,8.4199753,99.960973,8.4201434]},"geometry":{"type":"Polygon","coordinates":[[[99.96087,8.42013],[99.96089,8.41998],[99.96097,8.41998],[99.96096,8.42014],[99.96087,8.42013]]]}},{"type":"Feature","id":"way/772856133","properties":{"id":"way/772856133","building":"yes","_elevM":10,"_bbox":[99.960532,8.4204963,99.9607255,8.4209383]},"geometry":{"type":"Polygon","coordinates":[[[99.96053,8.42092],[99.96059,8.4205],[99.96073,8.42052],[99.96066,8.42094],[99.96053,8.42092]]]}},{"type":"Feature","id":"way/772856134","properties":{"id":"way/772856134","building":"yes","_elevM":10,"_bbox":[99.9603872,8.4202833,99.9605881,8.4206928]},"geometry":{"type":"Polygon","coordinates":[[[99.96039,8.42068],[99.96041,8.42043],[99.96048,8.42044],[99.96049,8.42028],[99.96059,8.42029],[99.96055,8.42069],[99.96039,8.42068]]]}},{"type":"Feature","id":"way/772856135","properties":{"id":"way/772856135","building":"yes","_elevM":10,"_bbox":[99.9598079,8.4200607,99.9599957,8.4205749]},"geometry":{"type":"Polygon","coordinates":[[[99.95981,8.42056],[99.95987,8.42006],[99.96,8.42008],[99.95993,8.42057],[99.95981,8.42056]]]}},{"type":"Feature","id":"way/772856136","properties":{"id":"way/772856136","building":"yes","_elevM":10,"_bbox":[99.961609,8.4196356,99.9619758,8.4199534]},"geometry":{"type":"Polygon","coordinates":[[[99.96161,8.4199],[99.96165,8.41964],[99.9618,8.41966],[99.96179,8.41975],[99.96198,8.41978],[99.96195,8.41995],[99.96161,8.4199]]]}},{"type":"Feature","id":"way/772856137","properties":{"id":"way/772856137","building":"yes","_elevM":10,"_bbox":[99.9620283,8.4196559,99.9621512,8.41997]},"geometry":{"type":"Polygon","coordinates":[[[99.96203,8.41996],[99.96207,8.41966],[99.96215,8.41967],[99.96211,8.41997],[99.96203,8.41996]]]}},{"type":"Feature","id":"way/772856138","properties":{"id":"way/772856138","building":"yes","_elevM":10,"_bbox":[99.9618726,8.4194542,99.9620287,8.4196818]},"geometry":{"type":"Polygon","coordinates":[[[99.96187,8.41966],[99.96192,8.41945],[99.96203,8.41948],[99.96198,8.41968],[99.96187,8.41966]]]}},{"type":"Feature","id":"way/772856139","properties":{"id":"way/772856139","building":"yes","_elevM":10,"_bbox":[99.962086,8.418718,99.962314,8.4193522]},"geometry":{"type":"Polygon","coordinates":[[[99.96209,8.41931],[99.96218,8.41872],[99.96231,8.41875],[99.96222,8.41935],[99.96209,8.41931]]]}},{"type":"Feature","id":"way/772856140","properties":{"id":"way/772856140","building":"yes","_elevM":10,"_bbox":[99.9618554,8.418596,99.9620753,8.419254]},"geometry":{"type":"Polygon","coordinates":[[[99.96186,8.41924],[99.96195,8.4186],[99.96208,8.41862],[99.96198,8.41925],[99.96186,8.41924]]]}},{"type":"Feature","id":"way/772856141","properties":{"id":"way/772856141","building":"yes","_elevM":10,"_bbox":[99.9606157,8.4201788,99.9607437,8.4202935]},"geometry":{"type":"Polygon","coordinates":[[[99.96062,8.42028],[99.96063,8.42018],[99.96074,8.42019],[99.96073,8.42029],[99.96062,8.42028]]]}},{"type":"Feature","id":"way/772856142","properties":{"id":"way/772856142","building":"yes","_elevM":10,"_bbox":[99.96093,8.4193787,99.9612733,8.4195352]},"geometry":{"type":"Polygon","coordinates":[[[99.96093,8.41949],[99.96096,8.41938],[99.96127,8.41944],[99.96125,8.41954],[99.96093,8.41949]]]}},{"type":"Feature","id":"way/772856143","properties":{"id":"way/772856143","building":"yes","_elevM":10,"_bbox":[99.9613095,8.4194406,99.9615668,8.4195921]},"geometry":{"type":"Polygon","coordinates":[[[99.96131,8.41955],[99.96133,8.41944],[99.96157,8.41948],[99.96155,8.41959],[99.96131,8.41955]]]}},{"type":"Feature","id":"way/772856144","properties":{"id":"way/772856144","building":"yes","_elevM":10,"_bbox":[99.9615443,8.4189791,99.9616805,8.4192998]},"geometry":{"type":"Polygon","coordinates":[[[99.96154,8.41929],[99.96159,8.41898],[99.96168,8.41899],[99.96164,8.4193],[99.96154,8.41929]]]}},{"type":"Feature","id":"way/772856145","properties":{"id":"way/772856145","building":"yes","_elevM":10,"_bbox":[99.9616269,8.4187272,99.9618719,8.418869]},"geometry":{"type":"Polygon","coordinates":[[[99.96163,8.41881],[99.96165,8.41873],[99.96187,8.41878],[99.96185,8.41887],[99.96163,8.41881]]]}},{"type":"Feature","id":"way/772856146","properties":{"id":"way/772856146","building":"yes","_elevM":10,"_bbox":[99.9603533,8.4184792,99.9613055,8.4194556]},"geometry":{"type":"Polygon","coordinates":[[[99.96035,8.41859],[99.96036,8.41848],[99.96131,8.41866],[99.96129,8.41875],[99.96093,8.41869],[99.9608,8.41946],[99.96055,8.4194],[99.96063,8.4191],[99.96075,8.41912],[99.96076,8.41903],[99.96066,8.41903],[99.96073,8.41865],[99.96035,8.41859]]]}},{"type":"Feature","id":"way/772856147","properties":{"id":"way/772856147","building":"yes","_elevM":10,"_bbox":[99.9613528,8.4186895,99.9614441,8.4187849]},"geometry":{"type":"Polygon","coordinates":[[[99.96135,8.41877],[99.96137,8.41869],[99.96144,8.41871],[99.96143,8.41878],[99.96135,8.41877]]]}},{"type":"Feature","id":"way/772856148","properties":{"id":"way/772856148","building":"yes","_elevM":10,"_bbox":[99.9609846,8.4189859,99.9612342,8.4192219]},"geometry":{"type":"Polygon","coordinates":[[[99.96098,8.4192],[99.96101,8.41899],[99.96123,8.41901],[99.96121,8.41922],[99.96098,8.4192]]]}},{"type":"Feature","id":"way/772856149","properties":{"id":"way/772856149","building":"yes","_elevM":10,"_bbox":[99.9609085,8.4192168,99.9614182,8.4193999]},"geometry":{"type":"Polygon","coordinates":[[[99.96091,8.41932],[99.96094,8.41922],[99.96131,8.4193],[99.96133,8.41922],[99.96142,8.41922],[99.9614,8.4194],[99.96091,8.41932]]]}},{"type":"Feature","id":"way/772856150","properties":{"id":"way/772856150","building":"yes","_elevM":10,"_bbox":[99.9610087,8.4188268,99.9614572,8.419046]},"geometry":{"type":"Polygon","coordinates":[[[99.96101,8.4189],[99.96102,8.41883],[99.96146,8.4189],[99.96143,8.41905],[99.9613,8.41902],[99.96131,8.41896],[99.96101,8.4189]]]}},{"type":"Feature","id":"way/772856153","properties":{"id":"way/772856153","building":"yes","_elevM":10,"_bbox":[99.9600958,8.4194477,99.9602809,8.4196838]},"geometry":{"type":"Polygon","coordinates":[[[99.9601,8.41965],[99.96013,8.41945],[99.96028,8.41947],[99.96025,8.41968],[99.9601,8.41965]]]}},{"type":"Feature","id":"way/772856154","properties":{"id":"way/772856154","building":"yes","_elevM":10,"_bbox":[99.9589659,8.4194662,99.9591127,8.4196155]},"geometry":{"type":"Polygon","coordinates":[[[99.95897,8.41959],[99.95899,8.41947],[99.95911,8.41949],[99.95909,8.41962],[99.95897,8.41959]]]}},{"type":"Feature","id":"way/772856155","properties":{"id":"way/772856155","building":"yes","_elevM":10,"_bbox":[99.9592429,8.4194132,99.9596184,8.4196254]},"geometry":{"type":"Polygon","coordinates":[[[99.95924,8.4196],[99.95927,8.41946],[99.95939,8.41949],[99.95942,8.41941],[99.95962,8.41946],[99.95959,8.41959],[99.95941,8.41955],[99.95938,8.41963],[99.95924,8.4196]]]}},{"type":"Feature","id":"way/772856156","properties":{"id":"way/772856156","building":"yes","_elevM":10,"_bbox":[99.9596448,8.4193301,99.9598112,8.4196502]},"geometry":{"type":"Polygon","coordinates":[[[99.95965,8.41963],[99.9597,8.4194],[99.95964,8.41939],[99.95966,8.41933],[99.95981,8.41936],[99.95976,8.41965],[99.95965,8.41963]]]}},{"type":"Feature","id":"way/772856157","properties":{"id":"way/772856157","building":"yes","_elevM":10,"_bbox":[99.9598326,8.4191229,99.9600623,8.4196232]},"geometry":{"type":"Polygon","coordinates":[[[99.95983,8.4196],[99.95995,8.41912],[99.96006,8.41915],[99.95994,8.41962],[99.95983,8.4196]]]}},{"type":"Feature","id":"way/772856158","properties":{"id":"way/772856158","building":"yes","_elevM":10,"_bbox":[99.9593488,8.4192233,99.9595924,8.4193583]},"geometry":{"type":"Polygon","coordinates":[[[99.95935,8.4193],[99.95937,8.41922],[99.95959,8.41928],[99.95957,8.41936],[99.95935,8.4193]]]}},{"type":"Feature","id":"way/772856159","properties":{"id":"way/772856159","building":"yes","_elevM":10,"_bbox":[99.9589278,8.4189086,99.9590299,8.4191827]},"geometry":{"type":"Polygon","coordinates":[[[99.95893,8.41917],[99.95896,8.41891],[99.95903,8.41892],[99.95899,8.41918],[99.95893,8.41917]]]}},{"type":"Feature","id":"way/772856160","properties":{"id":"way/772856160","building":"yes","_elevM":10,"_bbox":[99.9591194,8.4189398,99.9592372,8.4191627]},"geometry":{"type":"Polygon","coordinates":[[[99.95912,8.41915],[99.95916,8.41894],[99.95924,8.41895],[99.9592,8.41916],[99.95912,8.41915]]]}},{"type":"Feature","id":"way/772856161","properties":{"id":"way/772856161","building":"yes","_elevM":10,"_bbox":[99.9602014,8.419234,99.9604423,8.4193777]},"geometry":{"type":"Polygon","coordinates":[[[99.9602,8.41934],[99.96022,8.41923],[99.96044,8.41928],[99.96042,8.41938],[99.9602,8.41934]]]}},{"type":"Feature","id":"way/772856162","properties":{"id":"way/772856162","building":"yes","_elevM":10,"_bbox":[99.96026,8.4189191,99.9605043,8.419164]},"geometry":{"type":"Polygon","coordinates":[[[99.96026,8.41913],[99.9603,8.41892],[99.9605,8.41896],[99.96047,8.41916],[99.96026,8.41913]]]}},{"type":"Feature","id":"way/772856163","properties":{"id":"way/772856163","building":"yes","_elevM":10,"_bbox":[99.9603241,8.4186934,99.9605375,8.418834]},"geometry":{"type":"Polygon","coordinates":[[[99.96032,8.4188],[99.96034,8.41869],[99.96054,8.41873],[99.96052,8.41883],[99.96032,8.4188]]]}},{"type":"Feature","id":"way/772856164","properties":{"id":"way/772856164","building":"yes","_elevM":10,"_bbox":[99.959329,8.4183898,99.9598637,8.4185625]},"geometry":{"type":"Polygon","coordinates":[[[99.95933,8.41849],[99.95934,8.41839],[99.95986,8.41846],[99.95985,8.41856],[99.95933,8.41849]]]}},{"type":"Feature","id":"way/772856165","properties":{"id":"way/772856165","building":"yes","_elevM":10,"_bbox":[99.9598969,8.4185065,99.9600738,8.4186001]},"geometry":{"type":"Polygon","coordinates":[[[99.9599,8.41856],[99.95991,8.41851],[99.96007,8.41854],[99.96006,8.4186],[99.9599,8.41856]]]}},{"type":"Feature","id":"way/772856166","properties":{"id":"way/772856166","building":"yes","_elevM":10,"_bbox":[99.9601365,8.4185623,99.9602779,8.4186517]},"geometry":{"type":"Polygon","coordinates":[[[99.96014,8.41862],[99.96015,8.41856],[99.96028,8.4186],[99.96026,8.41865],[99.96014,8.41862]]]}},{"type":"Feature","id":"way/772856167","properties":{"id":"way/772856167","building":"yes","_elevM":10,"_bbox":[99.9593811,8.4187774,99.959767,8.4189009]},"geometry":{"type":"Polygon","coordinates":[[[99.95938,8.41885],[99.95939,8.41878],[99.95977,8.41883],[99.95976,8.4189],[99.95938,8.41885]]]}},{"type":"Feature","id":"way/772856168","properties":{"id":"way/772856168","building":"yes","_elevM":10,"_bbox":[99.959417,8.4185999,99.9595874,8.4186988]},"geometry":{"type":"Polygon","coordinates":[[[99.95942,8.41868],[99.95943,8.4186],[99.95959,8.41862],[99.95958,8.4187],[99.95942,8.41868]]]}},{"type":"Feature","id":"way/772856169","properties":{"id":"way/772856169","building":"yes","_elevM":10,"_bbox":[99.959647,8.4186283,99.9598442,8.4187851]},"geometry":{"type":"Polygon","coordinates":[[[99.95965,8.41876],[99.95967,8.41863],[99.95984,8.41866],[99.95982,8.41879],[99.95965,8.41876]]]}},{"type":"Feature","id":"way/772856170","properties":{"id":"way/772856170","building":"yes","_elevM":10,"_bbox":[99.9590318,8.418739,99.9591497,8.4188435]},"geometry":{"type":"Polygon","coordinates":[[[99.95903,8.41882],[99.95904,8.41874],[99.95915,8.41874],[99.95913,8.41884],[99.95903,8.41882]]]}},{"type":"Feature","id":"way/772856171","properties":{"id":"way/772856171","building":"yes","_elevM":10,"_bbox":[99.9589886,8.4184726,99.9591972,8.418665]},"geometry":{"type":"Polygon","coordinates":[[[99.95918,8.41867],[99.95909,8.41865],[99.9591,8.41859],[99.95899,8.41857],[99.959,8.41847],[99.9592,8.4185],[99.95918,8.41867]]]}},{"type":"Feature","id":"way/772856172","properties":{"id":"way/772856172","building":"yes","_elevM":10,"_bbox":[99.960083,8.4186973,99.9602169,8.4187898]},"geometry":{"type":"Polygon","coordinates":[[[99.96008,8.41876],[99.9601,8.4187],[99.96022,8.41872],[99.9602,8.41879],[99.96008,8.41876]]]}},{"type":"Feature","id":"way/772856173","properties":{"id":"way/772856173","building":"yes","_elevM":10,"_bbox":[99.9600655,8.418925,99.9601589,8.4190261]},"geometry":{"type":"Polygon","coordinates":[[[99.96007,8.419],[99.96009,8.41892],[99.96016,8.41895],[99.96013,8.41903],[99.96007,8.419]]]}},{"type":"Feature","id":"way/772856174","properties":{"id":"way/772856174","building":"yes","_elevM":10,"_bbox":[99.9591195,8.4197578,99.9597149,8.4204557]},"geometry":{"type":"Polygon","coordinates":[[[99.95912,8.42016],[99.95917,8.41983],[99.95925,8.41985],[99.95922,8.42],[99.95941,8.42004],[99.95944,8.41988],[99.95928,8.41986],[99.95929,8.41976],[99.95954,8.41981],[99.95952,8.42005],[99.9597,8.42008],[99.95971,8.42043],[99.9596,8.42046],[99.95949,8.42013],[99.95932,8.42009],[99.95928,8.42023],[99.95912,8.42016]]]}},{"type":"Feature","id":"way/772856175","properties":{"id":"way/772856175","building":"yes","_elevM":10,"_bbox":[99.9588866,8.4197117,99.9591043,8.4200172]},"geometry":{"type":"Polygon","coordinates":[[[99.95895,8.41971],[99.95903,8.41973],[99.95898,8.41995],[99.9591,8.41998],[99.95909,8.42002],[99.95889,8.41996],[99.95895,8.41971]]]}},{"type":"Feature","id":"way/772856176","properties":{"id":"way/772856176","building":"yes","_elevM":10,"_bbox":[99.9583434,8.4197975,99.9585373,8.4203228]},"geometry":{"type":"Polygon","coordinates":[[[99.95834,8.42031],[99.95839,8.4198],[99.95854,8.41981],[99.95849,8.42032],[99.95834,8.42031]]]}},{"type":"Feature","id":"way/772856177","properties":{"id":"way/772856177","building":"yes","_elevM":10,"_bbox":[99.9584319,8.4196293,99.9585979,8.4197724]},"geometry":{"type":"Polygon","coordinates":[[[99.95843,8.41974],[99.95846,8.41963],[99.9586,8.41966],[99.95857,8.41977],[99.95843,8.41974]]]}},{"type":"Feature","id":"way/772856178","properties":{"id":"way/772856178","building":"yes","_elevM":10,"_bbox":[99.9588003,8.4200709,99.9590108,8.4201721]},"geometry":{"type":"Polygon","coordinates":[[[99.95885,8.42015],[99.9588,8.42007],[99.95901,8.4201],[99.959,8.42017],[99.95885,8.42015]]]}},{"type":"Feature","id":"way/772856179","properties":{"id":"way/772856179","building":"yes","_elevM":10,"_bbox":[99.9581379,8.4196423,99.9582912,8.4200715]},"geometry":{"type":"Polygon","coordinates":[[[99.95814,8.42006],[99.95817,8.41964],[99.95829,8.41965],[99.95826,8.42007],[99.95814,8.42006]]]}},{"type":"Feature","id":"way/772856180","properties":{"id":"way/772856180","building":"yes","_elevM":10,"_bbox":[99.9581002,8.4192803,99.9586045,8.419466]},"geometry":{"type":"Polygon","coordinates":[[[99.9581,8.41941],[99.95811,8.41928],[99.9586,8.41931],[99.95858,8.41947],[99.9581,8.41941]]]}},{"type":"Feature","id":"way/772856183","properties":{"id":"way/772856183","building":"yes","_elevM":10,"_bbox":[99.9564206,8.4186445,99.9574025,8.4189774]},"geometry":{"type":"Polygon","coordinates":[[[99.95642,8.41877],[99.95645,8.41864],[99.9574,8.41885],[99.95737,8.41898],[99.95642,8.41877]]]}},{"type":"Feature","id":"way/772856184","properties":{"id":"way/772856184","building":"yes","_elevM":10,"_bbox":[99.956412,8.4182233,99.9574118,8.4186692]},"geometry":{"type":"Polygon","coordinates":[[[99.95641,8.41848],[99.95646,8.41822],[99.95741,8.41841],[99.95736,8.41867],[99.95641,8.41848]]]}},{"type":"Feature","id":"way/772856185","properties":{"id":"way/772856185","building":"yes","_elevM":10,"_bbox":[99.9563543,8.41788,99.9575235,8.4182637]},"geometry":{"type":"Polygon","coordinates":[[[99.95635,8.41804],[99.95639,8.41788],[99.95752,8.4181],[99.95749,8.41826],[99.95635,8.41804]]]}},{"type":"Feature","id":"way/772856186","properties":{"id":"way/772856186","building":"yes","_elevM":10,"_bbox":[99.9575231,8.4185697,99.9578008,8.4187487]},"geometry":{"type":"Polygon","coordinates":[[[99.95752,8.41869],[99.95755,8.41857],[99.9578,8.41863],[99.95777,8.41875],[99.95752,8.41869]]]}},{"type":"Feature","id":"way/772856187","properties":{"id":"way/772856187","building":"yes","_elevM":10,"_bbox":[99.9578362,8.4186358,99.9582122,8.4188477]},"geometry":{"type":"Polygon","coordinates":[[[99.95784,8.41881],[99.95789,8.41864],[99.95821,8.41873],[99.95818,8.41885],[99.95799,8.41879],[99.95797,8.41885],[99.95784,8.41881]]]}},{"type":"Feature","id":"way/772856188","properties":{"id":"way/772856188","building":"yes","_elevM":10,"_bbox":[99.9577708,8.4191406,99.9579973,8.4193514]},"geometry":{"type":"Polygon","coordinates":[[[99.95777,8.41932],[99.9578,8.41914],[99.958,8.41918],[99.95796,8.41935],[99.95777,8.41932]]]}},{"type":"Feature","id":"way/772856189","properties":{"id":"way/772856189","building":"yes","_elevM":10,"_bbox":[99.9583243,8.4189414,99.9585313,8.419057]},"geometry":{"type":"Polygon","coordinates":[[[99.95834,8.41894],[99.95853,8.41899],[99.95851,8.41906],[99.95832,8.41901],[99.95834,8.41894]]]}},{"type":"Feature","id":"way/772856190","properties":{"id":"way/772856190","building":"yes","_elevM":10,"_bbox":[99.956616,8.4189261,99.9570135,8.4192154]},"geometry":{"type":"Polygon","coordinates":[[[99.95662,8.41917],[99.95664,8.419],[99.95671,8.419],[99.95671,8.41893],[99.95694,8.41895],[99.95693,8.41903],[99.95701,8.41907],[99.957,8.41922],[99.95662,8.41917]]]}},{"type":"Feature","id":"way/772856191","properties":{"id":"way/772856191","building":"yes","_elevM":10,"_bbox":[99.9571846,8.4190235,99.957343,8.4191666]},"geometry":{"type":"Polygon","coordinates":[[[99.95718,8.41914],[99.95721,8.41902],[99.95734,8.41905],[99.95732,8.41917],[99.95718,8.41914]]]}},{"type":"Feature","id":"way/772856192","properties":{"id":"way/772856192","building":"yes","_elevM":10,"_bbox":[99.9574257,8.4195027,99.9576539,8.4200834]},"geometry":{"type":"Polygon","coordinates":[[[99.95743,8.42006],[99.95752,8.4195],[99.95765,8.41952],[99.95756,8.42008],[99.95743,8.42006]]]}},{"type":"Feature","id":"way/772856193","properties":{"id":"way/772856193","building":"yes","_elevM":10,"_bbox":[99.9571696,8.4194718,99.9573904,8.4200294]},"geometry":{"type":"Polygon","coordinates":[[[99.95717,8.42001],[99.95724,8.41947],[99.95739,8.41949],[99.95732,8.42003],[99.95717,8.42001]]]}},{"type":"Feature","id":"way/772856194","properties":{"id":"way/772856194","building":"yes","_elevM":10,"_bbox":[99.9563463,8.4188285,99.956572,8.4190536]},"geometry":{"type":"Polygon","coordinates":[[[99.95635,8.41903],[99.95637,8.41883],[99.95657,8.41885],[99.95655,8.41905],[99.95635,8.41903]]]}},{"type":"Feature","id":"way/772856195","properties":{"id":"way/772856195","building":"yes","_elevM":10,"_bbox":[99.9577251,8.4197841,99.9580259,8.4200275]},"geometry":{"type":"Polygon","coordinates":[[[99.95773,8.41999],[99.95775,8.41978],[99.95803,8.41982],[99.958,8.42003],[99.95773,8.41999]]]}},{"type":"Feature","id":"way/772856196","properties":{"id":"way/772856196","building":"yes","_elevM":10,"_bbox":[99.9575931,8.4201608,99.9580992,8.4203262]},"geometry":{"type":"Polygon","coordinates":[[[99.9576,8.42019],[99.95791,8.42024],[99.95792,8.42016],[99.9581,8.42019],[99.95808,8.42033],[99.95759,8.42025],[99.9576,8.42019]]]}},{"type":"Feature","id":"way/772856197","properties":{"id":"way/772856197","building":"yes","_elevM":10,"_bbox":[99.9685404,8.4224861,99.9693291,8.4227878]},"geometry":{"type":"Polygon","coordinates":[[[99.96854,8.42258],[99.96856,8.42249],[99.96933,8.42272],[99.96931,8.42279],[99.96854,8.42258]]]}},{"type":"Feature","id":"way/772856198","properties":{"id":"way/772856198","building":"yes","_elevM":10,"_bbox":[99.9694215,8.4227573,99.9699484,8.4230225]},"geometry":{"type":"Polygon","coordinates":[[[99.96942,8.42285],[99.96946,8.42276],[99.96971,8.42284],[99.96995,8.42296],[99.96993,8.42302],[99.96942,8.42285]]]}},{"type":"Feature","id":"way/772856199","properties":{"id":"way/772856199","building":"yes","_elevM":10,"_bbox":[99.9686083,8.4221068,99.9700071,8.4225884]},"geometry":{"type":"Polygon","coordinates":[[[99.96861,8.42219],[99.96863,8.42211],[99.97001,8.42246],[99.96997,8.42259],[99.96861,8.42219]]]}},{"type":"Feature","id":"way/772856200","properties":{"id":"way/772856200","building":"yes","_elevM":10,"_bbox":[99.9687716,8.4223507,99.968978,8.4224939]},"geometry":{"type":"Polygon","coordinates":[[[99.96877,8.42245],[99.96878,8.42235],[99.96898,8.4224],[99.96896,8.42249],[99.96877,8.42245]]]}},{"type":"Feature","id":"way/772856201","properties":{"id":"way/772856201","building":"yes","_elevM":10,"_bbox":[99.9701642,8.4225122,99.9705031,8.4227591]},"geometry":{"type":"Polygon","coordinates":[[[99.97016,8.42266],[99.97019,8.42251],[99.9705,8.42262],[99.97046,8.42276],[99.97016,8.42266]]]}},{"type":"Feature","id":"way/772856202","properties":{"id":"way/772856202","building":"yes","_elevM":10,"_bbox":[99.9686391,8.4218295,99.9694463,8.4221952]},"geometry":{"type":"Polygon","coordinates":[[[99.96864,8.422],[99.96868,8.42183],[99.96945,8.42204],[99.96942,8.4222],[99.96864,8.422]]]}},{"type":"Feature","id":"way/772856203","properties":{"id":"way/772856203","building":"yes","_elevM":10,"_bbox":[99.9696373,8.4220946,99.9704939,8.4224817]},"geometry":{"type":"Polygon","coordinates":[[[99.96964,8.42226],[99.96968,8.42209],[99.97049,8.42233],[99.97046,8.42248],[99.96964,8.42226]]]}},{"type":"Feature","id":"way/772856204","properties":{"id":"way/772856204","building":"yes","_elevM":10,"_bbox":[99.9686915,8.4215034,99.9696866,8.4219331]},"geometry":{"type":"Polygon","coordinates":[[[99.96869,8.42171],[99.96869,8.4215],[99.96899,8.42157],[99.96897,8.42165],[99.96907,8.42169],[99.9691,8.42158],[99.96969,8.42176],[99.96966,8.42187],[99.96957,8.42184],[99.96955,8.42193],[99.96941,8.4219],[99.96945,8.42179],[99.96918,8.42173],[99.96914,8.42185],[99.96869,8.42171]]]}},{"type":"Feature","id":"way/772856205","properties":{"id":"way/772856205","building":"yes","_elevM":10,"_bbox":[99.969967,8.4218295,99.9707373,8.4222623]},"geometry":{"type":"Polygon","coordinates":[[[99.96997,8.42206],[99.97002,8.42183],[99.97047,8.42195],[99.97044,8.42203],[99.97074,8.42213],[99.9707,8.42226],[99.97035,8.42216],[99.97038,8.42202],[99.97016,8.42198],[99.97013,8.42209],[99.96997,8.42206]]]}},{"type":"Feature","id":"way/772856206","properties":{"id":"way/772856206","building":"yes","_elevM":10,"_bbox":[99.9687161,8.4211559,99.9689996,8.4213754]},"geometry":{"type":"Polygon","coordinates":[[[99.96872,8.42135],[99.96872,8.42116],[99.969,8.42123],[99.96898,8.42133],[99.96885,8.42131],[99.96884,8.42138],[99.96872,8.42135]]]}},{"type":"Feature","id":"way/774940104","properties":{"id":"way/774940104","building":"yes","_elevM":10,"_bbox":[99.9669723,8.4045407,99.9672302,8.4048448]},"geometry":{"type":"Polygon","coordinates":[[[99.96697,8.4048],[99.967,8.40469],[99.9671,8.40471],[99.96714,8.40454],[99.96723,8.40456],[99.96717,8.40484],[99.96697,8.4048]]]}},{"type":"Feature","id":"way/774940105","properties":{"id":"way/774940105","building":"yes","_elevM":10,"_bbox":[99.9705591,8.3971263,99.970814,8.3972367]},"geometry":{"type":"Polygon","coordinates":[[[99.97056,8.39719],[99.97057,8.39713],[99.97081,8.39717],[99.9708,8.39724],[99.97056,8.39719]]]}},{"type":"Feature","id":"way/774940106","properties":{"id":"way/774940106","building":"yes","_elevM":10,"_bbox":[99.9701713,8.3978218,99.9702216,8.3978995]},"geometry":{"type":"Polygon","coordinates":[[[99.97017,8.3979],[99.97017,8.39782],[99.97022,8.39782],[99.97022,8.3979],[99.97017,8.3979]]]}},{"type":"Feature","id":"way/774940107","properties":{"id":"way/774940107","building":"yes","_elevM":10,"_bbox":[99.967049,8.401184,99.9672433,8.4013721]},"geometry":{"type":"Polygon","coordinates":[[[99.96706,8.40129],[99.96705,8.4012],[99.96723,8.40118],[99.96724,8.40137],[99.96719,8.40137],[99.96718,8.40128],[99.96706,8.40129]]]}},{"type":"Feature","id":"way/774940108","properties":{"id":"way/774940108","building":"yes","_elevM":10,"_bbox":[99.9669169,8.4011892,99.9670169,8.4012897]},"geometry":{"type":"Polygon","coordinates":[[[99.96692,8.40127],[99.96693,8.40119],[99.96702,8.4012],[99.967,8.40129],[99.96692,8.40127]]]}},{"type":"Feature","id":"way/774940109","properties":{"id":"way/774940109","building":"yes","_elevM":10,"_bbox":[99.9671809,8.4014562,99.9672681,8.4015637]},"geometry":{"type":"Polygon","coordinates":[[[99.96718,8.40155],[99.96719,8.40146],[99.96727,8.40147],[99.96725,8.40156],[99.96718,8.40155]]]}},{"type":"Feature","id":"way/774942236","properties":{"id":"way/774942236","building":"yes","_elevM":10,"_bbox":[99.9689187,8.4142461,99.9692355,8.4144449]},"geometry":{"type":"Polygon","coordinates":[[[99.96892,8.41436],[99.96895,8.41425],[99.96924,8.41433],[99.96921,8.41441],[99.96914,8.41439],[99.96913,8.41443],[99.96908,8.41441],[99.96907,8.41444],[99.96899,8.41442],[99.96901,8.41439],[99.96892,8.41436]]]}},{"type":"Feature","id":"way/774942237","properties":{"id":"way/774942237","building":"yes","_elevM":10,"_bbox":[99.9686954,8.4141888,99.9688318,8.4142961]},"geometry":{"type":"Polygon","coordinates":[[[99.9687,8.41426],[99.96872,8.41419],[99.96883,8.41422],[99.96881,8.4143],[99.9687,8.41426]]]}},{"type":"Feature","id":"way/774942238","properties":{"id":"way/774942238","building":"yes","_elevM":10,"_bbox":[99.9688848,8.4128492,99.9689905,8.4129939]},"geometry":{"type":"Polygon","coordinates":[[[99.96888,8.41297],[99.96893,8.41285],[99.96899,8.41287],[99.96895,8.41299],[99.96888,8.41297]]]}},{"type":"Feature","id":"way/774942239","properties":{"id":"way/774942239","building":"yes","_elevM":10,"_bbox":[99.9690377,8.4127245,99.9691434,8.4128691]},"geometry":{"type":"Polygon","coordinates":[[[99.96904,8.41285],[99.96908,8.41272],[99.96914,8.41275],[99.9691,8.41287],[99.96904,8.41285]]]}},{"type":"Feature","id":"way/774942240","properties":{"id":"way/774942240","building":"yes","_elevM":10,"_bbox":[99.9681265,8.4139319,99.9682629,8.4140392]},"geometry":{"type":"Polygon","coordinates":[[[99.96813,8.41401],[99.96815,8.41393],[99.96826,8.41397],[99.96824,8.41404],[99.96813,8.41401]]]}},{"type":"Feature","id":"way/774942242","properties":{"id":"way/774942242","building":"yes","_elevM":10,"_bbox":[99.9624387,8.4155916,99.9626586,8.4160835]},"geometry":{"type":"Polygon","coordinates":[[[99.96244,8.41606],[99.96254,8.41559],[99.96266,8.41562],[99.96255,8.41608],[99.96244,8.41606]]]}},{"type":"Feature","id":"way/774942243","properties":{"id":"way/774942243","building":"yes","_elevM":10,"_bbox":[99.9626214,8.4154293,99.9627173,8.4155453]},"geometry":{"type":"Polygon","coordinates":[[[99.96262,8.41552],[99.96266,8.41543],[99.96272,8.41545],[99.96268,8.41555],[99.96262,8.41552]]]}},{"type":"Feature","id":"way/774942244","properties":{"id":"way/774942244","building":"yes","_elevM":10,"_bbox":[99.9639316,8.4186003,99.9639902,8.4186581]},"geometry":{"type":"Polygon","coordinates":[[[99.96395,8.4186],[99.96394,8.41861],[99.96394,8.41861],[99.96395,8.4186]]]}},{"type":"Feature","id":"way/774942245","properties":{"id":"way/774942245","building":"yes","_elevM":10,"_bbox":[99.9613552,8.4203289,99.9615267,8.420436]},"geometry":{"type":"Polygon","coordinates":[[[99.96152,8.42044],[99.96136,8.42042],[99.96137,8.42033],[99.96153,8.42035],[99.96152,8.42044]]]}},{"type":"Feature","id":"way/774945296","properties":{"id":"way/774945296","building":"yes","_elevM":10,"_bbox":[99.9633675,8.4269481,99.9634291,8.4270408]},"geometry":{"type":"Polygon","coordinates":[[[99.96337,8.42703],[99.96338,8.42695],[99.96343,8.42696],[99.96341,8.42704],[99.96337,8.42703]]]}},{"type":"Feature","id":"way/774945297","properties":{"id":"way/774945297","building":"yes","_elevM":10,"_bbox":[99.9641391,8.4256652,99.9642828,8.4257868]},"geometry":{"type":"Polygon","coordinates":[[[99.96414,8.42576],[99.96416,8.42567],[99.96428,8.42569],[99.96426,8.42579],[99.96414,8.42576]]]}},{"type":"Feature","id":"way/774945300","properties":{"id":"way/774945300","building":"yes","_elevM":10,"_bbox":[99.9626333,8.4303551,99.9626999,8.4304622]},"geometry":{"type":"Polygon","coordinates":[[[99.96263,8.43046],[99.96264,8.43036],[99.9627,8.43036],[99.96269,8.43046],[99.96263,8.43046]]]}},{"type":"Feature","id":"way/774945301","properties":{"id":"way/774945301","building":"yes","_elevM":10,"_bbox":[99.9627821,8.4302952,99.9628346,8.4303367]},"geometry":{"type":"Polygon","coordinates":[[[99.96278,8.43033],[99.96279,8.4303],[99.96283,8.4303],[99.96283,8.43034],[99.96278,8.43033]]]}},{"type":"Feature","id":"way/774945305","properties":{"id":"way/774945305","building":"yes","levels":2,"mnType":"temple","_elevM":10,"_bbox":[99.9660986,8.4108988,99.9662873,8.4110855]},"geometry":{"type":"Polygon","coordinates":[[[99.96617,8.4109],[99.96625,8.41092],[99.96629,8.411],[99.96626,8.41106],[99.9662,8.41109],[99.96614,8.41107],[99.9661,8.41099],[99.96614,8.41091],[99.96617,8.4109]]]}},{"type":"Feature","id":"way/774945306","properties":{"id":"way/774945306","building":"yes","_elevM":10,"_bbox":[99.9657963,8.4115843,99.9658668,8.4116551]},"geometry":{"type":"Polygon","coordinates":[[[99.9658,8.41165],[99.9658,8.41158],[99.96587,8.41159],[99.96586,8.41166],[99.9658,8.41165]]]}},{"type":"Feature","id":"way/774945307","properties":{"id":"way/774945307","building":"yes","mnType":"temple","_elevM":28,"_bbox":[99.9664676,8.4107181,99.9665381,8.4107888]},"geometry":{"type":"Polygon","coordinates":[[[99.96647,8.41078],[99.96648,8.41072],[99.96654,8.41073],[99.96653,8.41079],[99.96647,8.41078]]]}},{"type":"Feature","id":"way/774945308","properties":{"id":"way/774945308","building":"yes","_elevM":10,"_bbox":[99.9658402,8.4112543,99.9659108,8.4113251]},"geometry":{"type":"Polygon","coordinates":[[[99.96584,8.41132],[99.96585,8.41125],[99.96591,8.41126],[99.9659,8.41133],[99.96584,8.41132]]]}},{"type":"Feature","id":"way/779267435","properties":{"id":"way/779267435","building":"yes","mnType":"temple","_elevM":28,"_bbox":[99.9646893,8.4467064,99.9649924,8.4469372]},"geometry":{"type":"Polygon","coordinates":[[[99.96469,8.44685],[99.96474,8.44671],[99.96499,8.4468],[99.96494,8.44694],[99.96469,8.44685]]]}},{"type":"Feature","id":"way/779267436","properties":{"id":"way/779267436","building":"yes","mnType":"temple","_elevM":28,"_bbox":[99.9645737,8.4470911,99.9649466,8.4475529]},"geometry":{"type":"Polygon","coordinates":[[[99.96457,8.44745],[99.96471,8.44709],[99.96492,8.44717],[99.96487,8.4473],[99.96495,8.44732],[99.96486,8.44755],[99.96457,8.44745]]]}},{"type":"Feature","id":"way/779267437","properties":{"id":"way/779267437","building":"yes","mnType":"temple","_elevM":28,"_bbox":[99.9651732,8.4471764,99.9654285,8.4474064]},"geometry":{"type":"Polygon","coordinates":[[[99.96517,8.44733],[99.96523,8.44718],[99.96543,8.44725],[99.96537,8.44741],[99.96517,8.44733]]]}},{"type":"Feature","id":"way/779267438","properties":{"id":"way/779267438","building":"yes","_elevM":10,"_bbox":[99.9643198,8.4471773,99.96451,8.4474026]},"geometry":{"type":"Polygon","coordinates":[[[99.96432,8.44736],[99.96438,8.44718],[99.96451,8.44722],[99.96445,8.4474],[99.96432,8.44736]]]}},{"type":"Feature","id":"way/779267439","properties":{"id":"way/779267439","building":"yes","mnType":"temple","_elevM":28,"_bbox":[99.9649793,8.4474148,99.9652752,8.4476528]},"geometry":{"type":"Polygon","coordinates":[[[99.96498,8.44756],[99.96503,8.44741],[99.96516,8.44746],[99.96514,8.44753],[99.96528,8.44757],[99.96525,8.44765],[99.96498,8.44756]]]}},{"type":"Feature","id":"way/779267440","properties":{"id":"way/779267440","building":"yes","mnType":"temple","_elevM":28,"_bbox":[99.965147,8.4470061,99.9652493,8.4471622]},"geometry":{"type":"Polygon","coordinates":[[[99.96515,8.44714],[99.96519,8.44701],[99.96525,8.44702],[99.9652,8.44716],[99.96515,8.44714]]]}},{"type":"Feature","id":"way/779267441","properties":{"id":"way/779267441","building":"yes","mnType":"temple","_elevM":28,"_bbox":[99.9652184,8.4467846,99.9653122,8.4469193]},"geometry":{"type":"Polygon","coordinates":[[[99.96522,8.4469],[99.96526,8.44678],[99.96531,8.4468],[99.96527,8.44692],[99.96522,8.4469]]]}},{"type":"Feature","id":"way/779267442","properties":{"id":"way/779267442","building":"yes","_elevM":10,"_bbox":[99.9653036,8.4475669,99.9654468,8.4477038]},"geometry":{"type":"Polygon","coordinates":[[[99.9653,8.44766],[99.96535,8.44757],[99.96545,8.44761],[99.96541,8.4477],[99.9653,8.44766]]]}},{"type":"Feature","id":"way/779267443","properties":{"id":"way/779267443","building":"yes","_elevM":10,"_bbox":[99.9655425,8.4472186,99.9656301,8.4473416]},"geometry":{"type":"Polygon","coordinates":[[[99.96554,8.44732],[99.96558,8.44722],[99.96563,8.44724],[99.9656,8.44734],[99.96554,8.44732]]]}},{"type":"Feature","id":"way/779267444","properties":{"id":"way/779267444","building":"yes","mnType":"school","_elevM":12,"_bbox":[99.965652,8.4467491,99.9657918,8.4468946]},"geometry":{"type":"Polygon","coordinates":[[[99.96565,8.44686],[99.96569,8.44675],[99.96579,8.44679],[99.96575,8.44689],[99.96565,8.44686]]]}},{"type":"Feature","id":"way/779267445","properties":{"id":"way/779267445","building":"yes","_elevM":10,"_bbox":[99.9658033,8.4464097,99.9659404,8.4466505]},"geometry":{"type":"Polygon","coordinates":[[[99.9658,8.44663],[99.96587,8.44641],[99.96594,8.44643],[99.96587,8.44665],[99.9658,8.44663]]]}},{"type":"Feature","id":"way/779267446","properties":{"id":"way/779267446","building":"yes","_elevM":10,"_bbox":[99.965893,8.4461537,99.9660301,8.4463946]},"geometry":{"type":"Polygon","coordinates":[[[99.96589,8.44637],[99.96596,8.44615],[99.96603,8.44617],[99.96596,8.44639],[99.96589,8.44637]]]}},{"type":"Feature","id":"way/779267447","properties":{"id":"way/779267447","building":"yes","mnType":"school","_elevM":12,"_bbox":[99.9656172,8.4464428,99.9657277,8.4465851]},"geometry":{"type":"Polygon","coordinates":[[[99.96562,8.44656],[99.96565,8.44644],[99.96573,8.44646],[99.9657,8.44659],[99.96562,8.44656]]]}},{"type":"Feature","id":"way/779267448","properties":{"id":"way/779267448","building":"yes","mnType":"school","_elevM":12,"_bbox":[99.9653458,8.446629,99.9655548,8.446815]},"geometry":{"type":"Polygon","coordinates":[[[99.96535,8.44676],[99.96539,8.44663],[99.96555,8.44668],[99.96551,8.44682],[99.96535,8.44676]]]}},{"type":"Feature","id":"way/779267452","properties":{"id":"way/779267452","building":"hospital","_elevM":10,"_bbox":[99.9718985,8.3902645,99.9725183,8.3908034]},"geometry":{"type":"Polygon","coordinates":[[[99.9719,8.39076],[99.97194,8.39026],[99.97252,8.39031],[99.97248,8.3908],[99.9719,8.39076]]]}},{"type":"Feature","id":"way/779267453","properties":{"id":"way/779267453","building":"hospital","_elevM":10,"_bbox":[99.9714003,8.3899331,99.9718643,8.390537]},"geometry":{"type":"Polygon","coordinates":[[[99.9714,8.39052],[99.97143,8.38993],[99.97186,8.38995],[99.97186,8.39012],[99.97175,8.39011],[99.97174,8.39026],[99.97184,8.39027],[99.97182,8.39054],[99.9714,8.39052]]]}},{"type":"Feature","id":"way/779267454","properties":{"id":"way/779267454","building":"yes","_elevM":10,"_bbox":[99.971241,8.3894686,99.9718665,8.3898191]},"geometry":{"type":"Polygon","coordinates":[[[99.97124,8.38978],[99.97127,8.38947],[99.97187,8.38951],[99.97183,8.38982],[99.97124,8.38978]]]}},{"type":"Feature","id":"way/779267455","properties":{"id":"way/779267455","building":"yes","_elevM":10,"_bbox":[99.9719913,8.3900458,99.9725309,8.3902682]},"geometry":{"type":"Polygon","coordinates":[[[99.97199,8.39024],[99.972,8.39005],[99.97253,8.39008],[99.97252,8.39027],[99.97199,8.39024]]]}},{"type":"Feature","id":"way/779267456","properties":{"id":"way/779267456","building":"yes","_elevM":10,"_bbox":[99.9720394,8.3896697,99.9725502,8.3899725]},"geometry":{"type":"Polygon","coordinates":[[[99.97204,8.38995],[99.97205,8.38967],[99.97236,8.38969],[99.97235,8.38976],[99.97255,8.38977],[99.97254,8.38997],[99.97204,8.38995]]]}},{"type":"Feature","id":"way/779267457","properties":{"id":"way/779267457","building":"yes","_elevM":10,"_bbox":[99.9718829,8.3895167,99.972593,8.3896446]},"geometry":{"type":"Polygon","coordinates":[[[99.97188,8.3896],[99.97189,8.38952],[99.97259,8.38956],[99.97259,8.38964],[99.97188,8.3896]]]}},{"type":"Feature","id":"way/779267458","properties":{"id":"way/779267458","building":"yes","_elevM":10,"_bbox":[99.9714349,8.3906707,99.9718837,8.3914003]},"geometry":{"type":"Polygon","coordinates":[[[99.97143,8.39137],[99.97149,8.39067],[99.97186,8.3907],[99.97185,8.39087],[99.97188,8.39088],[99.97185,8.3914],[99.97143,8.39137]]]}},{"type":"Feature","id":"way/779267459","properties":{"id":"way/779267459","building":"yes","_elevM":10,"_bbox":[99.9719324,8.3913935,99.9724345,8.3915853]},"geometry":{"type":"Polygon","coordinates":[[[99.97193,8.39155],[99.97194,8.39139],[99.97243,8.39143],[99.97242,8.39159],[99.97193,8.39155]]]}},{"type":"Feature","id":"way/779267460","properties":{"id":"way/779267460","building":"yes","_elevM":10,"_bbox":[99.9719282,8.390871,99.9721937,8.3911905]},"geometry":{"type":"Polygon","coordinates":[[[99.97193,8.39118],[99.97195,8.39087],[99.97219,8.39088],[99.97218,8.39119],[99.97193,8.39118]]]}},{"type":"Feature","id":"way/779267461","properties":{"id":"way/779267461","building":"yes","_elevM":10,"_bbox":[99.9722149,8.3909126,99.9724771,8.3913817]},"geometry":{"type":"Polygon","coordinates":[[[99.97221,8.39137],[99.97224,8.39091],[99.97248,8.39092],[99.97245,8.39138],[99.97221,8.39137]]]}},{"type":"Feature","id":"way/779267462","properties":{"id":"way/779267462","building":"yes","_elevM":10,"_bbox":[99.9725221,8.3909273,99.9729095,8.3912756]},"geometry":{"type":"Polygon","coordinates":[[[99.97252,8.39126],[99.97254,8.39093],[99.97291,8.39095],[99.97289,8.39128],[99.97273,8.39127],[99.97274,8.39108],[99.97267,8.39108],[99.97266,8.39126],[99.97252,8.39126]]]}},{"type":"Feature","id":"way/779267463","properties":{"id":"way/779267463","building":"yes","_elevM":10,"_bbox":[99.9725509,8.3913559,99.9727267,8.3917366]},"geometry":{"type":"Polygon","coordinates":[[[99.97255,8.39173],[99.97257,8.39136],[99.97273,8.39136],[99.97271,8.39174],[99.97255,8.39173]]]}},{"type":"Feature","id":"way/779267464","properties":{"id":"way/779267464","building":"yes","_elevM":10,"_bbox":[99.9731023,8.3913001,99.973482,8.3914659]},"geometry":{"type":"Polygon","coordinates":[[[99.9731,8.39144],[99.97311,8.3913],[99.97348,8.39132],[99.97347,8.39147],[99.9731,8.39144]]]}},{"type":"Feature","id":"way/779267467","properties":{"id":"way/779267467","building":"yes","_elevM":10,"_bbox":[99.9731227,8.3896021,99.9734842,8.3908385]},"geometry":{"type":"Polygon","coordinates":[[[99.97312,8.39083],[99.9732,8.38984],[99.97315,8.38983],[99.97316,8.3896],[99.97348,8.38963],[99.97347,8.38988],[99.97337,8.38987],[99.9733,8.39084],[99.97312,8.39083]]]}},{"type":"Feature","id":"way/779267468","properties":{"id":"way/779267468","building":"yes","_elevM":10,"_bbox":[99.9727159,8.3900055,99.9730706,8.3903911]},"geometry":{"type":"Polygon","coordinates":[[[99.97305,8.39039],[99.97272,8.39037],[99.97274,8.39001],[99.97307,8.39003],[99.97306,8.39018],[99.97287,8.39017],[99.97287,8.39024],[99.97306,8.39025],[99.97305,8.39039]]]}},{"type":"Feature","id":"way/779267469","properties":{"id":"way/779267469","building":"yes","_elevM":10,"_bbox":[99.9727429,8.3895865,99.9731086,8.3899816]},"geometry":{"type":"Polygon","coordinates":[[[99.97307,8.38998],[99.97274,8.38995],[99.97278,8.38959],[99.97311,8.38962],[99.97309,8.38977],[99.9729,8.38976],[99.9729,8.38983],[99.97309,8.38984],[99.97307,8.38998]]]}},{"type":"Feature","id":"way/779267470","properties":{"id":"way/779267470","building":"yes","_elevM":10,"_bbox":[99.9726973,8.3904511,99.973032,8.390749]},"geometry":{"type":"Polygon","coordinates":[[[99.9727,8.39073],[99.97271,8.39045],[99.97303,8.39047],[99.97302,8.39075],[99.9727,8.39073]]]}},{"type":"Feature","id":"way/779267471","properties":{"id":"way/779267471","building":"yes","_elevM":10,"_bbox":[99.9730169,8.3916847,99.9733071,8.3918743]},"geometry":{"type":"Polygon","coordinates":[[[99.97302,8.39187],[99.97302,8.39176],[99.97304,8.39176],[99.97304,8.39168],[99.97312,8.39169],[99.97311,8.39184],[99.9732,8.39185],[99.9732,8.39176],[99.97331,8.39176],[99.9733,8.39186],[99.97318,8.39186],[99.97318,8.39187],[99.97302,8.39187]]]}},{"type":"Feature","id":"way/779267472","properties":{"id":"way/779267472","building":"yes","_elevM":10,"_bbox":[99.9733793,8.3918269,99.9735652,8.3919239]},"geometry":{"type":"Polygon","coordinates":[[[99.97338,8.39191],[99.97338,8.39183],[99.97357,8.39184],[99.97356,8.39192],[99.97338,8.39191]]]}},{"type":"Feature","id":"way/779267473","properties":{"id":"way/779267473","building":"yes","_elevM":10,"_bbox":[99.973598,8.3916833,99.9737903,8.3920335]},"geometry":{"type":"Polygon","coordinates":[[[99.9736,8.39202],[99.97363,8.39168],[99.97374,8.39169],[99.97372,8.39193],[99.97379,8.39194],[99.97378,8.39203],[99.9736,8.39202]]]}},{"type":"Feature","id":"way/779267474","properties":{"id":"way/779267474","building":"yes","_elevM":10,"_bbox":[99.9739555,8.3916894,99.9740558,8.3919711]},"geometry":{"type":"Polygon","coordinates":[[[99.97396,8.39197],[99.97397,8.39169],[99.97406,8.39169],[99.97404,8.39197],[99.97396,8.39197]]]}},{"type":"Feature","id":"way/779267477","properties":{"id":"way/779267477","building":"yes","_elevM":10,"_bbox":[99.9736851,8.3910702,99.9739077,8.3915658]},"geometry":{"type":"Polygon","coordinates":[[[99.97369,8.39155],[99.97373,8.39107],[99.97391,8.39109],[99.97386,8.39157],[99.97369,8.39155]]]}},{"type":"Feature","id":"way/779267478","properties":{"id":"way/779267478","building":"yes","_elevM":10,"_bbox":[99.9735547,8.3896573,99.9740259,8.3904055]},"geometry":{"type":"Polygon","coordinates":[[[99.97355,8.39039],[99.97358,8.38996],[99.97379,8.38997],[99.9738,8.38983],[99.9736,8.38982],[99.97361,8.38966],[99.97403,8.38968],[99.97401,8.38999],[99.97386,8.38998],[99.97384,8.39023],[99.9739,8.39024],[99.97389,8.39041],[99.97355,8.39039]]]}},{"type":"Feature","id":"way/779267479","properties":{"id":"way/779267479","building":"yes","mnType":"hospital","_elevM":18,"_bbox":[99.9738696,8.3906181,99.9739838,8.3908791]},"geometry":{"type":"Polygon","coordinates":[[[99.97387,8.39087],[99.97389,8.39062],[99.97398,8.39063],[99.97396,8.39088],[99.97387,8.39087]]]}},{"type":"Feature","id":"way/779267480","properties":{"id":"way/779267480","building":"yes","mnType":"temple","_elevM":28,"_bbox":[99.971479,8.3830117,99.9718431,8.3832426]},"geometry":{"type":"Polygon","coordinates":[[[99.97148,8.38321],[99.9715,8.38301],[99.97184,8.38305],[99.97182,8.38324],[99.97148,8.38321]]]}},{"type":"Feature","id":"way/779267481","properties":{"id":"way/779267481","building":"yes","mnType":"temple","_elevM":28,"_bbox":[99.9716053,8.3826234,99.971832,8.3827705]},"geometry":{"type":"Polygon","coordinates":[[[99.97161,8.38274],[99.97162,8.38262],[99.97183,8.38266],[99.97181,8.38277],[99.97161,8.38274]]]}},{"type":"Feature","id":"way/779267485","properties":{"id":"way/779267485","name":"Central Nakhon Si","building":"yes","shop":"mall","_elevM":10,"_bbox":[99.9691337,8.3805539,99.9706047,8.3834738]},"geometry":{"type":"Polygon","coordinates":[[[99.96998,8.38347],[99.9693,8.38201],[99.96913,8.38166],[99.96916,8.38064],[99.96935,8.38057],[99.96954,8.38055],[99.96973,8.38059],[99.96989,8.38069],[99.96996,8.38085],[99.97003,8.38088],[99.97014,8.38095],[99.97017,8.38103],[99.97012,8.38114],[99.9701,8.38128],[99.97007,8.38136],[99.97001,8.38141],[99.96986,8.38147],[99.97,8.38209],[99.97024,8.38261],[99.97038,8.38247],[99.9706,8.38298],[99.97058,8.38319],[99.96998,8.38347]]]}},{"type":"Feature","id":"way/779267486","properties":{"id":"way/779267486","building":"yes","_elevM":10,"_bbox":[99.9701935,8.380918,99.9707492,8.3811709]},"geometry":{"type":"Polygon","coordinates":[[[99.97019,8.381],[99.97058,8.38092],[99.97075,8.38103],[99.97021,8.38117],[99.97019,8.381]]]}},{"type":"Feature","id":"way/779267487","properties":{"id":"way/779267487","building":"yes","_elevM":10,"_bbox":[99.9693423,8.3831685,99.9695693,8.3833229]},"geometry":{"type":"Polygon","coordinates":[[[99.96937,8.38332],[99.96934,8.38326],[99.96954,8.38317],[99.96957,8.38323],[99.96937,8.38332]]]}},{"type":"Feature","id":"way/779267488","properties":{"id":"way/779267488","building":"yes","_elevM":10,"_bbox":[99.9690932,8.3829931,99.9695025,8.3832428]},"geometry":{"type":"Polygon","coordinates":[[[99.96912,8.38324],[99.96909,8.38318],[99.96947,8.38299],[99.9695,8.38305],[99.96912,8.38324]]]}},{"type":"Feature","id":"way/779267489","properties":{"id":"way/779267489","building":"yes","_elevM":10,"_bbox":[99.9689141,8.3828283,99.969422,8.3831308]},"geometry":{"type":"Polygon","coordinates":[[[99.96895,8.38313],[99.96891,8.38306],[99.96939,8.38283],[99.96942,8.3829],[99.96895,8.38313]]]}},{"type":"Feature","id":"way/779267490","properties":{"id":"way/779267490","building":"yes","_elevM":10,"_bbox":[99.9688389,8.3826645,99.9693469,8.382967]},"geometry":{"type":"Polygon","coordinates":[[[99.96887,8.38297],[99.96884,8.3829],[99.96931,8.38266],[99.96935,8.38273],[99.96887,8.38297]]]}},{"type":"Feature","id":"way/779267491","properties":{"id":"way/779267491","building":"yes","_elevM":10,"_bbox":[99.9687575,8.3825175,99.9692655,8.38282]},"geometry":{"type":"Polygon","coordinates":[[[99.96879,8.38282],[99.96876,8.38275],[99.96923,8.38252],[99.96927,8.38259],[99.96879,8.38282]]]}},{"type":"Feature","id":"way/779267492","properties":{"id":"way/779267492","building":"yes","_elevM":10,"_bbox":[99.9686796,8.3823354,99.9691876,8.3826379]},"geometry":{"type":"Polygon","coordinates":[[[99.96871,8.38264],[99.96868,8.38257],[99.96915,8.38234],[99.96919,8.3824],[99.96871,8.38264]]]}},{"type":"Feature","id":"way/779267493","properties":{"id":"way/779267493","building":"yes","_elevM":10,"_bbox":[99.9686689,8.382168,99.9690782,8.3824178]},"geometry":{"type":"Polygon","coordinates":[[[99.9687,8.38242],[99.96867,8.38236],[99.96905,8.38217],[99.96908,8.38223],[99.9687,8.38242]]]}},{"type":"Feature","id":"way/779267494","properties":{"id":"way/779267494","building":"yes","_elevM":10,"_bbox":[99.968747,8.3819884,99.9689797,8.3821479]},"geometry":{"type":"Polygon","coordinates":[[[99.96878,8.38215],[99.96875,8.38208],[99.96895,8.38199],[99.96898,8.38205],[99.96878,8.38215]]]}},{"type":"Feature","id":"way/779267495","properties":{"id":"way/779267495","building":"yes","_elevM":10,"_bbox":[99.9684664,8.3827913,99.9686965,8.3831414]},"geometry":{"type":"Polygon","coordinates":[[[99.96847,8.38309],[99.96853,8.38279],[99.9687,8.38314],[99.96847,8.38309]]]}},{"type":"Feature","id":"way/779267496","properties":{"id":"way/779267496","building":"yes","_elevM":10,"_bbox":[99.9686746,8.3830063,99.9688311,8.383175]},"geometry":{"type":"Polygon","coordinates":[[[99.96871,8.38313],[99.96867,8.38305],[99.96875,8.38301],[99.96883,8.38316],[99.9688,8.38317],[99.96871,8.38313]]]}},{"type":"Feature","id":"way/779267507","properties":{"id":"way/779267507","building":"yes","_elevM":10,"_bbox":[99.9591475,8.4431522,99.959409,8.4432835]},"geometry":{"type":"Polygon","coordinates":[[[99.95915,8.44325],[99.95916,8.44315],[99.95941,8.44319],[99.95939,8.44328],[99.95915,8.44325]]]}},{"type":"Feature","id":"way/779267508","properties":{"id":"way/779267508","building":"yes","_elevM":10,"_bbox":[99.9589131,8.4427954,99.9591445,8.4430937]},"geometry":{"type":"Polygon","coordinates":[[[99.95891,8.44305],[99.95898,8.4428],[99.95914,8.44284],[99.95908,8.44309],[99.95891,8.44305]]]}},{"type":"Feature","id":"way/779267509","properties":{"id":"way/779267509","building":"yes","_elevM":10,"_bbox":[99.9592694,8.4428637,99.9595346,8.4430492]},"geometry":{"type":"Polygon","coordinates":[[[99.95927,8.44297],[99.95931,8.44286],[99.95953,8.44294],[99.9595,8.44305],[99.95927,8.44297]]]}},{"type":"Feature","id":"way/779267510","properties":{"id":"way/779267510","building":"yes","_elevM":10,"_bbox":[99.9595747,8.4426035,99.9598044,8.4427928]},"geometry":{"type":"Polygon","coordinates":[[[99.95957,8.44274],[99.95961,8.4426],[99.9598,8.44266],[99.95977,8.44279],[99.95957,8.44274]]]}},{"type":"Feature","id":"way/779267512","properties":{"id":"way/779267512","building":"yes","_elevM":10,"_bbox":[99.9619528,8.4433827,99.9621784,8.4434988]},"geometry":{"type":"Polygon","coordinates":[[[99.96195,8.4435],[99.96195,8.44338],[99.96218,8.44338],[99.96218,8.4435],[99.96195,8.4435]]]}},{"type":"Feature","id":"way/779267513","properties":{"id":"way/779267513","building":"yes","_elevM":10,"_bbox":[99.9619026,8.4429644,99.962247,8.443141]},"geometry":{"type":"Polygon","coordinates":[[[99.9619,8.44309],[99.96192,8.44296],[99.96225,8.44301],[99.96223,8.44314],[99.9619,8.44309]]]}},{"type":"Feature","id":"way/779267514","properties":{"id":"way/779267514","building":"yes","_elevM":10,"_bbox":[99.9622605,8.443347,99.9624492,8.4435335]},"geometry":{"type":"Polygon","coordinates":[[[99.96226,8.44353],[99.96227,8.44335],[99.96245,8.44335],[99.96244,8.44353],[99.96226,8.44353]]]}},{"type":"Feature","id":"way/779267517","properties":{"id":"way/779267517","building":"yes","_elevM":10,"_bbox":[99.9594543,8.4472762,99.9596939,8.4473788]},"geometry":{"type":"Polygon","coordinates":[[[99.95945,8.44736],[99.95946,8.44728],[99.95969,8.4473],[99.95969,8.44738],[99.95945,8.44736]]]}},{"type":"Feature","id":"way/779267519","properties":{"id":"way/779267519","building":"yes","_elevM":10,"_bbox":[99.961078,8.4476663,99.9612729,8.4477677]},"geometry":{"type":"Polygon","coordinates":[[[99.96108,8.44776],[99.96108,8.44767],[99.96127,8.44768],[99.96127,8.44777],[99.96108,8.44776]]]}},{"type":"Feature","id":"way/779267521","properties":{"id":"way/779267521","building":"yes","_elevM":10,"_bbox":[99.9606098,8.4498787,99.9608753,8.4501122]},"geometry":{"type":"Polygon","coordinates":[[[99.96061,8.45003],[99.96066,8.44988],[99.96088,8.44995],[99.96083,8.45011],[99.96061,8.45003]]]}},{"type":"Feature","id":"way/779267522","properties":{"id":"way/779267522","building":"yes","_elevM":10,"_bbox":[99.9606854,8.449666,99.9608737,8.4497876]},"geometry":{"type":"Polygon","coordinates":[[[99.96069,8.44975],[99.96071,8.44967],[99.96087,8.44971],[99.96085,8.44979],[99.96069,8.44975]]]}},{"type":"Feature","id":"way/779267523","properties":{"id":"way/779267523","building":"yes","_elevM":10,"_bbox":[99.9593998,8.4467033,99.9597624,8.4472641]},"geometry":{"type":"Polygon","coordinates":[[[99.9594,8.44719],[99.95946,8.4467],[99.95976,8.44674],[99.9597,8.44726],[99.95953,8.44724],[99.95952,8.4472],[99.9594,8.44719]]]}},{"type":"Feature","id":"way/779267524","properties":{"id":"way/779267524","building":"yes","_elevM":10,"_bbox":[99.9598398,8.4473166,99.9599186,8.4474323]},"geometry":{"type":"Polygon","coordinates":[[[99.95984,8.44742],[99.95985,8.44732],[99.95992,8.44732],[99.9599,8.44743],[99.95984,8.44742]]]}},{"type":"Feature","id":"way/779267525","properties":{"id":"way/779267525","building":"yes","_elevM":10,"_bbox":[99.961075,8.4473194,99.9613801,8.4475238]},"geometry":{"type":"Polygon","coordinates":[[[99.96107,8.44751],[99.96108,8.44732],[99.96138,8.44733],[99.96137,8.44752],[99.96107,8.44751]]]}},{"type":"Feature","id":"way/779267526","properties":{"id":"way/779267526","building":"yes","_elevM":10,"_bbox":[99.9614718,8.4473597,99.9615886,8.4475666]},"geometry":{"type":"Polygon","coordinates":[[[99.96149,8.44757],[99.96147,8.44737],[99.96158,8.44736],[99.96159,8.44756],[99.96149,8.44757]]]}},{"type":"Feature","id":"way/781194536","properties":{"id":"way/781194536","building":"yes","_elevM":10,"_bbox":[99.9635666,8.4276448,99.9648522,8.4278005]},"geometry":{"type":"Polygon","coordinates":[[[99.96357,8.42768],[99.96357,8.42764],[99.96485,8.42777],[99.96485,8.4278],[99.96357,8.42768]]]}},{"type":"Feature","id":"way/781194537","properties":{"id":"way/781194537","building":"yes","_elevM":10,"_bbox":[99.961639,8.4272938,99.9625571,8.4274755]},"geometry":{"type":"Polygon","coordinates":[[[99.96164,8.42732],[99.96164,8.42729],[99.96256,8.42745],[99.96255,8.42748],[99.96164,8.42732]]]}},{"type":"Feature","id":"way/781194538","properties":{"id":"way/781194538","building":"yes","_elevM":10,"_bbox":[99.9628053,8.4274927,99.963259,8.4276029]},"geometry":{"type":"Polygon","coordinates":[[[99.96281,8.42752],[99.96281,8.42749],[99.96326,8.42757],[99.96325,8.4276],[99.96281,8.42752]]]}},{"type":"Feature","id":"way/781194539","properties":{"id":"way/781194539","building":"yes","_elevM":10,"_bbox":[99.9607533,8.4271858,99.961208,8.4274028]},"geometry":{"type":"Polygon","coordinates":[[[99.96084,8.4272],[99.96079,8.42734],[99.96121,8.42737],[99.9612,8.4274],[99.96075,8.42736],[99.96082,8.42719],[99.96084,8.4272]]]}},{"type":"Feature","id":"way/781194542","properties":{"id":"way/781194542","building":"yes","_elevM":10,"_bbox":[99.9670528,8.428885,99.9671595,8.4289688]},"geometry":{"type":"Polygon","coordinates":[[[99.96705,8.42895],[99.96707,8.42888],[99.96716,8.42891],[99.96714,8.42897],[99.96705,8.42895]]]}},{"type":"Feature","id":"way/998212277","properties":{"id":"way/998212277","building":"yes","_elevM":10,"_bbox":[99.9618458,8.4259549,99.9619738,8.4262357]},"geometry":{"type":"Polygon","coordinates":[[[99.96185,8.42607],[99.96186,8.42595],[99.96197,8.42598],[99.96192,8.42624],[99.96187,8.42623],[99.96191,8.42608],[99.96185,8.42607]]]}},{"type":"Feature","id":"way/998212408","properties":{"id":"way/998212408","building":"yes","_elevM":10,"_bbox":[99.9617301,8.4260977,99.9618497,8.4262371]},"geometry":{"type":"Polygon","coordinates":[[[99.96173,8.42622],[99.96176,8.4261],[99.96185,8.42612],[99.96182,8.42624],[99.96173,8.42622]]]}},{"type":"Feature","id":"way/998213101","properties":{"id":"way/998213101","building":"yes","_elevM":10,"_bbox":[99.9614769,8.4260741,99.9616617,8.4262242]},"geometry":{"type":"Polygon","coordinates":[[[99.96148,8.42621],[99.96151,8.42607],[99.96166,8.42611],[99.96164,8.4262],[99.96154,8.42618],[99.96154,8.42622],[99.96148,8.42621]]]}},{"type":"Feature","id":"way/1004122818","properties":{"id":"way/1004122818","building":"yes","mnType":"school","_elevM":12,"_bbox":[99.9626566,8.4261129,99.962788,8.4262673]},"geometry":{"type":"Polygon","coordinates":[[[99.96277,8.42627],[99.96266,8.42626],[99.96269,8.42611],[99.96279,8.42614],[99.96277,8.42627]]]}},{"type":"Feature","id":"way/1004122819","properties":{"id":"way/1004122819","building":"yes","mnType":"school","_elevM":12,"_bbox":[99.9629318,8.4258203,99.96309,8.4260845]},"geometry":{"type":"Polygon","coordinates":[[[99.96293,8.42607],[99.96299,8.42582],[99.96309,8.42582],[99.96304,8.42608],[99.96293,8.42607]]]}},{"type":"Feature","id":"way/1004132184","properties":{"id":"way/1004132184","building":"yes","_elevM":10,"_bbox":[99.9623012,8.4262023,99.9624183,8.426312]},"geometry":{"type":"Polygon","coordinates":[[[99.9623,8.42629],[99.96231,8.4262],[99.96242,8.42622],[99.9624,8.42631],[99.9623,8.42629]]]}},{"type":"Feature","id":"way/1033809692","properties":{"id":"way/1033809692","building":"industrial","_elevM":10,"_bbox":[99.9794564,8.3855125,99.9805255,8.3864208]},"geometry":{"type":"Polygon","coordinates":[[[99.97946,8.38625],[99.97961,8.38551],[99.98016,8.38562],[99.98053,8.38583],[99.98047,8.38622],[99.98041,8.38621],[99.98037,8.38642],[99.97946,8.38625]]]}},{"type":"Feature","id":"way/1033809693","properties":{"id":"way/1033809693","building":"yes","_elevM":10,"_bbox":[99.9809398,8.3862334,99.9815136,8.3867419]},"geometry":{"type":"Polygon","coordinates":[[[99.98151,8.38643],[99.98129,8.38674],[99.98094,8.38661],[99.98123,8.38623],[99.98151,8.38643]]]}},{"type":"Feature","id":"way/1033809694","properties":{"id":"way/1033809694","name":"7-Eleven","building":"yes","shop":"convenience","_elevM":10,"_bbox":[99.9814313,8.3864832,99.981637,8.3866968]},"geometry":{"type":"Polygon","coordinates":[[[99.98155,8.3867],[99.98143,8.38663],[99.98152,8.38648],[99.98164,8.38655],[99.98155,8.3867]]]}},{"type":"Feature","id":"way/1033809696","properties":{"id":"way/1033809696","building":"roof","amenity":"fuel","_elevM":10,"_bbox":[100.0298497,8.3863744,100.0300755,8.3866118]},"geometry":{"type":"Polygon","coordinates":[[[100.03,8.38661],[100.02985,8.38644],[100.02992,8.38637],[100.03008,8.38655],[100.03,8.38661]]]}},{"type":"Feature","id":"way/1037135690","properties":{"id":"way/1037135690","building":"industrial","_elevM":10,"_bbox":[99.9191163,8.4268495,99.9206007,8.4277526]},"geometry":{"type":"Polygon","coordinates":[[[99.92022,8.42751],[99.92024,8.42761],[99.91922,8.42775],[99.91912,8.42699],[99.92013,8.42685],[99.92018,8.4272],[99.92056,8.42714],[99.9206,8.42746],[99.92022,8.42751]]]}},{"type":"Feature","id":"way/1037135691","properties":{"id":"way/1037135691","building":"industrial","_elevM":10,"_bbox":[99.9196487,8.427267,99.9211612,8.4286205]},"geometry":{"type":"Polygon","coordinates":[[[99.91985,8.42861],[99.91983,8.42862],[99.91965,8.42824],[99.92024,8.42797],[99.92022,8.42794],[99.9205,8.42782],[99.92045,8.42749],[99.92081,8.42741],[99.92094,8.42741],[99.92101,8.42732],[99.9211,8.42727],[99.92115,8.42752],[99.92116,8.4277],[99.92082,8.42773],[99.92082,8.42765],[99.92074,8.42766],[99.92075,8.4277],[99.92094,8.42811],[99.91985,8.42861]]]}},{"type":"Feature","id":"way/1037135697","properties":{"id":"way/1037135697","name":"Esso","nameEn":"Esso","nameTh":"เอสโซ่","building":"roof","amenity":"fuel","_elevM":10,"_bbox":[99.9216863,8.4466977,99.9219471,8.4468741]},"geometry":{"type":"Polygon","coordinates":[[[99.92171,8.44687],[99.92169,8.44673],[99.92193,8.4467],[99.92195,8.44684],[99.92171,8.44687]]]}},{"type":"Feature","id":"way/1037135699","properties":{"id":"way/1037135699","building":"yes","_elevM":10,"_bbox":[99.9230844,8.4524603,99.9232084,8.4527772]},"geometry":{"type":"Polygon","coordinates":[[[99.9231,8.45278],[99.92308,8.45246],[99.9232,8.45246],[99.92321,8.45277],[99.9231,8.45278]]]}},{"type":"Feature","id":"way/1037135700","properties":{"id":"way/1037135700","building":"yes","_elevM":10,"_bbox":[99.9230488,8.4534452,99.9234009,8.4536368]},"geometry":{"type":"Polygon","coordinates":[[[99.92307,8.45364],[99.92305,8.45349],[99.92338,8.45345],[99.9234,8.45359],[99.92307,8.45364]]]}},{"type":"Feature","id":"way/1037135701","properties":{"id":"way/1037135701","building":"yes","_elevM":10,"_bbox":[99.9231611,8.452903,99.9237898,8.4532309]},"geometry":{"type":"Polygon","coordinates":[[[99.92318,8.45323],[99.92316,8.45293],[99.92378,8.4529],[99.92379,8.4532],[99.92318,8.45323]]]}},{"type":"Feature","id":"way/1037135704","properties":{"id":"way/1037135704","building":"mosque","amenity":"place_of_worship","religion":"muslim","mnType":"mosque","_elevM":22,"_bbox":[99.9220078,8.4667107,99.9225852,8.4672828]},"geometry":{"type":"Polygon","coordinates":[[[99.92209,8.4672],[99.92204,8.46712],[99.92201,8.46704],[99.92201,8.46694],[99.92204,8.46686],[99.9221,8.46678],[99.92218,8.46673],[99.92227,8.46671],[99.92236,8.46672],[99.92245,8.46675],[99.92252,8.46681],[99.92257,8.46689],[99.92259,8.46698],[99.92257,8.46707],[99.92253,8.46716],[99.92246,8.46723],[99.92237,8.46727],[99.92227,8.46728],[99.92218,8.46726],[99.92209,8.4672]]]}},{"type":"Feature","id":"way/1037135707","properties":{"id":"way/1037135707","building":"yes","_elevM":10,"_bbox":[99.9229181,8.4692683,99.9230576,8.4693691]},"geometry":{"type":"Polygon","coordinates":[[[99.92292,8.46937],[99.92292,8.46927],[99.92306,8.46927],[99.92306,8.46937],[99.92292,8.46937]]]}},{"type":"Feature","id":"way/1037135708","properties":{"id":"way/1037135708","building":"yes","_elevM":10,"_bbox":[99.9225077,8.4698754,99.9226933,8.4703932]},"geometry":{"type":"Polygon","coordinates":[[[99.92259,8.47039],[99.92251,8.46989],[99.92262,8.46988],[99.92269,8.47038],[99.92259,8.47039]]]}},{"type":"Feature","id":"way/1037135709","properties":{"id":"way/1037135709","building":"yes","_elevM":10,"_bbox":[99.9224132,8.4692721,99.9227008,8.4694142]},"geometry":{"type":"Polygon","coordinates":[[[99.92242,8.46941],[99.92241,8.4693],[99.92269,8.46927],[99.9227,8.46939],[99.92242,8.46941]]]}},{"type":"Feature","id":"way/1037135710","properties":{"id":"way/1037135710","building":"yes","_elevM":10,"_bbox":[99.9226437,8.4698679,99.9229878,8.4703762]},"geometry":{"type":"Polygon","coordinates":[[[99.92299,8.47034],[99.92271,8.47038],[99.92264,8.4699],[99.92293,8.46987],[99.92299,8.47034]]]}},{"type":"Feature","id":"way/1037135711","properties":{"id":"way/1037135711","name":"7-Eleven","building":"yes","shop":"convenience","_elevM":10,"_bbox":[99.9228644,8.4694859,99.92302,8.4696769]},"geometry":{"type":"Polygon","coordinates":[[[99.92302,8.46968],[99.92286,8.46968],[99.92286,8.46949],[99.92302,8.46949],[99.92302,8.46968]]]}},{"type":"Feature","id":"way/1090679797","properties":{"id":"way/1090679797","building":"yes","_elevM":10,"_bbox":[99.9458206,8.4171092,99.9459879,8.4174568]},"geometry":{"type":"Polygon","coordinates":[[[99.9459,8.41746],[99.94582,8.41718],[99.94592,8.41711],[99.94599,8.41741],[99.9459,8.41746]]]}},{"type":"Feature","id":"way/1104870872","properties":{"id":"way/1104870872","building":"yes","_elevM":10,"_bbox":[99.9702994,8.3835939,99.9705278,8.383745]},"geometry":{"type":"Polygon","coordinates":[[[99.9703,8.38371],[99.97032,8.38359],[99.97053,8.38363],[99.97051,8.38374],[99.9703,8.38371]]]}},{"type":"Feature","id":"way/1118223962","properties":{"id":"way/1118223962","building":"yes","_elevM":10,"_bbox":[99.9637333,8.4308405,99.9638947,8.4309564]},"geometry":{"type":"Polygon","coordinates":[[[99.96373,8.43094],[99.96375,8.43084],[99.96389,8.43086],[99.96388,8.43096],[99.96373,8.43094]]]}},{"type":"Feature","id":"way/1118223963","properties":{"id":"way/1118223963","building":"yes","_elevM":10,"_bbox":[99.9636896,8.4309573,99.9638191,8.4312549]},"geometry":{"type":"Polygon","coordinates":[[[99.96378,8.43125],[99.96369,8.43124],[99.96373,8.43096],[99.96382,8.43097],[99.96378,8.43125]]]}},{"type":"Feature","id":"way/1118223964","properties":{"id":"way/1118223964","building":"yes","_elevM":10,"_bbox":[99.9637963,8.4309859,99.9639497,8.4312615]},"geometry":{"type":"Polygon","coordinates":[[[99.9639,8.43126],[99.9638,8.43124],[99.96384,8.43099],[99.96395,8.43101],[99.9639,8.43126]]]}},{"type":"Feature","id":"way/1118223965","properties":{"id":"way/1118223965","building":"yes","_elevM":10,"_bbox":[99.9639022,8.4308993,99.9642029,8.4313038]},"geometry":{"type":"Polygon","coordinates":[[[99.9639,8.43126],[99.96397,8.4309],[99.9642,8.43094],[99.96414,8.4313],[99.9639,8.43126]]]}},{"type":"Feature","id":"way/1118223966","properties":{"id":"way/1118223966","building":"yes","_elevM":10,"_bbox":[99.9636588,8.4312615,99.9641168,8.4314464]},"geometry":{"type":"Polygon","coordinates":[[[99.96368,8.43126],[99.96412,8.43133],[99.9641,8.43145],[99.96366,8.43138],[99.96368,8.43126]]]}},{"type":"Feature","id":"way/1118223967","properties":{"id":"way/1118223967","building":"yes","_elevM":10,"_bbox":[99.9636391,8.4314167,99.9640913,8.4315645]},"geometry":{"type":"Polygon","coordinates":[[[99.96365,8.43142],[99.96409,8.43148],[99.96408,8.43156],[99.96364,8.4315],[99.96365,8.43142]]]}},{"type":"Feature","id":"way/1118223968","properties":{"id":"way/1118223968","building":"yes","_elevM":10,"_bbox":[99.9641329,8.4307614,99.9644589,8.4314564]},"geometry":{"type":"Polygon","coordinates":[[[99.96413,8.43142],[99.9643,8.43076],[99.96446,8.4308],[99.96429,8.43146],[99.96413,8.43142]]]}},{"type":"Feature","id":"way/1148376434","properties":{"id":"way/1148376434","building":"yes","_elevM":10,"_bbox":[99.9583489,8.4149626,99.9586257,8.4151372]},"geometry":{"type":"Polygon","coordinates":[[[99.95835,8.41511],[99.95837,8.41496],[99.95863,8.41499],[99.95861,8.41514],[99.95835,8.41511]]]}},{"type":"Feature","id":"way/1148376435","properties":{"id":"way/1148376435","building":"yes","_elevM":10,"_bbox":[99.958433,8.4145536,99.9586291,8.4149283]},"geometry":{"type":"Polygon","coordinates":[[[99.95848,8.41455],[99.95863,8.41457],[99.95858,8.41493],[99.95843,8.41491],[99.95848,8.41455]]]}},{"type":"Feature","id":"way/1148376437","properties":{"id":"way/1148376437","building":"yes","_elevM":10,"_bbox":[99.9589065,8.4151851,99.9590915,8.4152916]},"geometry":{"type":"Polygon","coordinates":[[[99.95891,8.41528],[99.95891,8.41519],[99.95909,8.4152],[99.95908,8.41529],[99.95891,8.41528]]]}},{"type":"Feature","id":"way/1148376438","properties":{"id":"way/1148376438","building":"yes","_elevM":10,"_bbox":[99.9588567,8.4157005,99.9590099,8.4159592]},"geometry":{"type":"Polygon","coordinates":[[[99.95886,8.41594],[99.95889,8.4157],[99.95901,8.41571],[99.95898,8.41596],[99.95886,8.41594]]]}},{"type":"Feature","id":"way/1148376439","properties":{"id":"way/1148376439","building":"yes","_elevM":10,"_bbox":[99.9587213,8.4136903,99.9589252,8.4140676]},"geometry":{"type":"Polygon","coordinates":[[[99.95872,8.41407],[99.95872,8.41369],[99.95892,8.41369],[99.95893,8.41407],[99.95872,8.41407]]]}},{"type":"Feature","id":"way/1148376442","properties":{"id":"way/1148376442","building":"yes","_elevM":10,"_bbox":[99.9586075,8.4161462,99.9586646,8.416207]},"geometry":{"type":"Polygon","coordinates":[[[99.95861,8.41621],[99.95861,8.41615],[99.95866,8.41615],[99.95866,8.41621],[99.95861,8.41621]]]}},{"type":"Feature","id":"way/1148376443","properties":{"id":"way/1148376443","building":"yes","_elevM":10,"_bbox":[99.9591893,8.4161842,99.9592313,8.4162352]},"geometry":{"type":"Polygon","coordinates":[[[99.95919,8.41623],[99.95919,8.41618],[99.95923,8.41619],[99.95923,8.41624],[99.95919,8.41623]]]}},{"type":"Feature","id":"way/1148376444","properties":{"id":"way/1148376444","building":"yes","_elevM":10,"_bbox":[99.9593159,8.4164267,99.9595493,8.4165526]},"geometry":{"type":"Polygon","coordinates":[[[99.95932,8.4165],[99.95933,8.41643],[99.95955,8.41648],[99.95953,8.41655],[99.95932,8.4165]]]}},{"type":"Feature","id":"way/1148376446","properties":{"id":"way/1148376446","building":"yes","_elevM":10,"_bbox":[99.9599673,8.4165527,99.9600329,8.4166172]},"geometry":{"type":"Polygon","coordinates":[[[99.95997,8.41657],[99.95997,8.41659],[99.95997,8.41658],[99.95997,8.41657]]]}},{"type":"Feature","id":"way/1148376447","properties":{"id":"way/1148376447","building":"yes","_elevM":10,"_bbox":[99.9592262,8.4150325,99.959284,8.4150817]},"geometry":{"type":"Polygon","coordinates":[[[99.95924,8.41508],[99.95924,8.41503],[99.95928,8.41506],[99.95924,8.41508]]]}},{"type":"Feature","id":"way/1148376448","properties":{"id":"way/1148376448","building":"yes","_elevM":10,"_bbox":[99.9596279,8.4158833,99.9596856,8.415934]},"geometry":{"type":"Polygon","coordinates":[[[99.95964,8.41593],[99.95965,8.41588],[99.95969,8.41591],[99.95964,8.41593]]]}},{"type":"Feature","id":"way/1148376450","properties":{"id":"way/1148376450","building":"yes","_elevM":10,"_bbox":[99.9602499,8.4147225,99.9603652,8.4148223]},"geometry":{"type":"Polygon","coordinates":[[[99.96028,8.41482],[99.96025,8.41477],[99.96028,8.41472],[99.96034,8.41472],[99.96037,8.41477],[99.96034,8.41482],[99.96028,8.41482]]]}},{"type":"Feature","id":"way/1148376451","properties":{"id":"way/1148376451","building":"yes","_elevM":10,"_bbox":[99.9606993,8.4155414,99.9609928,8.4156914]},"geometry":{"type":"Polygon","coordinates":[[[99.9607,8.41562],[99.96072,8.41554],[99.96099,8.41561],[99.96097,8.41569],[99.9607,8.41562]]]}},{"type":"Feature","id":"way/1148376452","properties":{"id":"way/1148376452","building":"yes","_elevM":10,"_bbox":[99.9600359,8.4145669,99.9600937,8.4146161]},"geometry":{"type":"Polygon","coordinates":[[[99.96005,8.41462],[99.96005,8.41457],[99.96009,8.41459],[99.96005,8.41462]]]}},{"type":"Feature","id":"way/1148376453","properties":{"id":"way/1148376453","building":"yes","_elevM":10,"_bbox":[99.9602669,8.4138248,99.9603632,8.4139412]},"geometry":{"type":"Polygon","coordinates":[[[99.96027,8.41394],[99.96027,8.41383],[99.96036,8.41382],[99.96036,8.41394],[99.96027,8.41394]]]}},{"type":"Feature","id":"way/1148376455","properties":{"id":"way/1148376455","building":"yes","_elevM":10,"_bbox":[99.9586933,8.4127952,99.9587531,8.4128654]},"geometry":{"type":"Polygon","coordinates":[[[99.9587,8.41287],[99.95869,8.4128],[99.95874,8.4128],[99.95875,8.41286],[99.9587,8.41287]]]}},{"type":"Feature","id":"way/1148376457","properties":{"id":"way/1148376457","building":"yes","_elevM":10,"_bbox":[99.9626244,8.4162432,99.9628133,8.4164795]},"geometry":{"type":"Polygon","coordinates":[[[99.96262,8.41645],[99.96267,8.41624],[99.96281,8.41627],[99.96277,8.41648],[99.96262,8.41645]]]}},{"type":"Feature","id":"way/1148750665","properties":{"id":"way/1148750665","building":"yes","_elevM":10,"_bbox":[100.0031981,8.401132,100.0033989,8.4014196]},"geometry":{"type":"Polygon","coordinates":[[[100.00327,8.40113],[100.0034,8.40115],[100.00338,8.40128],[100.00335,8.40128],[100.00332,8.40142],[100.0032,8.4014],[100.00322,8.40127],[100.00325,8.40127],[100.00327,8.40113]]]}},{"type":"Feature","id":"way/1148750666","properties":{"id":"way/1148750666","building":"yes","_elevM":10,"_bbox":[100.0031851,8.4015501,100.003396,8.4017748]},"geometry":{"type":"Polygon","coordinates":[[[100.00319,8.40175],[100.00322,8.40155],[100.0034,8.40158],[100.00337,8.40177],[100.00319,8.40175]]]}},{"type":"Feature","id":"way/1148750667","properties":{"id":"way/1148750667","building":"yes","_elevM":10,"_bbox":[100.0031353,8.4019507,100.0033584,8.4022089]},"geometry":{"type":"Polygon","coordinates":[[[100.00314,8.40219],[100.00315,8.40203],[100.00323,8.40204],[100.00324,8.40195],[100.00336,8.40196],[100.00333,8.40221],[100.00314,8.40219]]]}},{"type":"Feature","id":"way/1148750668","properties":{"id":"way/1148750668","building":"yes","_elevM":10,"_bbox":[100.0036497,8.4017984,100.0038193,8.4018888]},"geometry":{"type":"Polygon","coordinates":[[[100.00365,8.40188],[100.00366,8.4018],[100.00382,8.40181],[100.00381,8.40189],[100.00365,8.40188]]]}},{"type":"Feature","id":"way/1148750669","properties":{"id":"way/1148750669","building":"yes","_elevM":10,"_bbox":[100.0037031,8.4015477,100.0037808,8.4016857]},"geometry":{"type":"Polygon","coordinates":[[[100.0037,8.40168],[100.00372,8.40155],[100.00378,8.40155],[100.00377,8.40169],[100.0037,8.40168]]]}},{"type":"Feature","id":"way/1148750670","properties":{"id":"way/1148750670","building":"yes","_elevM":10,"_bbox":[100.003494,8.4017631,100.0036318,8.401836]},"geometry":{"type":"Polygon","coordinates":[[[100.0035,8.40176],[100.00363,8.40177],[100.00363,8.40184],[100.00349,8.40183],[100.0035,8.40176]]]}},{"type":"Feature","id":"way/1148750671","properties":{"id":"way/1148750671","building":"yes","_elevM":10,"_bbox":[100.0035434,8.4016551,100.0036004,8.4017278]},"geometry":{"type":"Polygon","coordinates":[[[100.00354,8.40172],[100.00355,8.40166],[100.0036,8.40166],[100.00359,8.40173],[100.00354,8.40172]]]}},{"type":"Feature","id":"way/1148750672","properties":{"id":"way/1148750672","building":"yes","_elevM":10,"_bbox":[100.0038662,8.4013549,100.0039335,8.4014148]},"geometry":{"type":"Polygon","coordinates":[[[100.00387,8.4014],[100.00388,8.40135],[100.00393,8.40137],[100.00392,8.40141],[100.00387,8.4014]]]}},{"type":"Feature","id":"way/1148750673","properties":{"id":"way/1148750673","building":"yes","_elevM":10,"_bbox":[100.0037132,8.4013049,100.0037985,8.4013759]},"geometry":{"type":"Polygon","coordinates":[[[100.00371,8.40135],[100.00373,8.4013],[100.0038,8.40133],[100.00378,8.40138],[100.00371,8.40135]]]}},{"type":"Feature","id":"way/1148750674","properties":{"id":"way/1148750674","building":"yes","_elevM":10,"_bbox":[100.0031959,8.402389,100.0033927,8.4024854]},"geometry":{"type":"Polygon","coordinates":[[[100.0032,8.40248],[100.0032,8.40239],[100.00339,8.4024],[100.00339,8.40249],[100.0032,8.40248]]]}},{"type":"Feature","id":"way/1148750675","properties":{"id":"way/1148750675","building":"yes","_elevM":10,"_bbox":[100.0033628,8.4022677,100.0034516,8.4023298]},"geometry":{"type":"Polygon","coordinates":[[[100.00336,8.40232],[100.00337,8.40227],[100.00345,8.40228],[100.00345,8.40233],[100.00336,8.40232]]]}},{"type":"Feature","id":"way/1148750676","properties":{"id":"way/1148750676","building":"yes","_elevM":10,"_bbox":[100.0033813,8.401951,100.0036313,8.4021911]},"geometry":{"type":"Polygon","coordinates":[[[100.00338,8.40218],[100.00341,8.40203],[100.00348,8.40204],[100.00349,8.40195],[100.00363,8.40197],[100.0036,8.40215],[100.00347,8.40213],[100.00346,8.40219],[100.00338,8.40218]]]}},{"type":"Feature","id":"way/1148750677","properties":{"id":"way/1148750677","building":"yes","_elevM":10,"_bbox":[100.0044111,8.4015003,100.0046158,8.4023154]},"geometry":{"type":"Polygon","coordinates":[[[100.00441,8.4023],[100.00447,8.4015],[100.00462,8.40151],[100.00455,8.40232],[100.00441,8.4023]]]}},{"type":"Feature","id":"way/1148750680","properties":{"id":"way/1148750680","building":"yes","_elevM":10,"_bbox":[100.0039266,8.4001149,100.004301,8.4005346]},"geometry":{"type":"Polygon","coordinates":[[[100.00398,8.40011],[100.0043,8.4002],[100.00421,8.40053],[100.00398,8.40048],[100.00402,8.40036],[100.00393,8.40033],[100.00398,8.40011]]]}},{"type":"Feature","id":"way/1148750681","properties":{"id":"way/1148750681","building":"yes","_elevM":10,"_bbox":[100.0034619,8.4004674,100.0036758,8.4007038]},"geometry":{"type":"Polygon","coordinates":[[[100.00346,8.40065],[100.00352,8.40047],[100.00368,8.40052],[100.00361,8.4007],[100.00346,8.40065]]]}},{"type":"Feature","id":"way/1148750682","properties":{"id":"way/1148750682","building":"yes","_elevM":10,"_bbox":[100.0038034,8.3997601,100.0038714,8.3998276]},"geometry":{"type":"Polygon","coordinates":[[[100.00383,8.39976],[100.00381,8.39977],[100.00382,8.39976],[100.00383,8.39976]]]}},{"type":"Feature","id":"way/1148750683","properties":{"id":"way/1148750683","building":"yes","_elevM":10,"_bbox":[100.004326,8.4005444,100.0044766,8.4009106]},"geometry":{"type":"Polygon","coordinates":[[[100.00433,8.4009],[100.00442,8.40054],[100.00448,8.40056],[100.00438,8.40091],[100.00433,8.4009]]]}},{"type":"Feature","id":"way/1148750684","properties":{"id":"way/1148750684","building":"yes","_elevM":10,"_bbox":[100.0043856,8.4002608,100.0045117,8.40052]},"geometry":{"type":"Polygon","coordinates":[[[100.00439,8.4005],[100.00446,8.40026],[100.00451,8.40028],[100.00444,8.40052],[100.00439,8.4005]]]}},{"type":"Feature","id":"way/1148750685","properties":{"id":"way/1148750685","building":"yes","_elevM":10,"_bbox":[100.0037498,8.4001183,100.0038527,8.4003088]},"geometry":{"type":"Polygon","coordinates":[[[100.00375,8.40029],[100.0038,8.40012],[100.00385,8.40013],[100.0038,8.40031],[100.00375,8.40029]]]}},{"type":"Feature","id":"way/1148750686","properties":{"id":"way/1148750686","building":"yes","_elevM":10,"_bbox":[100.0043031,8.3997077,100.0045805,8.40011]},"geometry":{"type":"Polygon","coordinates":[[[100.0043,8.40006],[100.00441,8.39971],[100.00458,8.39976],[100.00447,8.40011],[100.0043,8.40006]]]}},{"type":"Feature","id":"way/1148750687","properties":{"id":"way/1148750687","building":"yes","_elevM":10,"_bbox":[100.0040028,8.3996403,100.0043282,8.3997194]},"geometry":{"type":"Polygon","coordinates":[[[100.00401,8.39964],[100.00433,8.39967],[100.00432,8.39972],[100.004,8.39969],[100.00401,8.39964]]]}},{"type":"Feature","id":"way/1148750696","properties":{"id":"way/1148750696","building":"yes","_elevM":10,"_bbox":[99.9986131,8.4031531,99.9988715,8.4033423]},"geometry":{"type":"Polygon","coordinates":[[[99.99865,8.40315],[99.99887,8.40323],[99.99883,8.40334],[99.99861,8.40327],[99.99865,8.40315]]]}},{"type":"Feature","id":"way/1148750697","properties":{"id":"way/1148750697","building":"yes","_elevM":10,"_bbox":[99.999405,8.4031829,99.9995487,8.4034196]},"geometry":{"type":"Polygon","coordinates":[[[99.9994,8.4034],[99.99949,8.40318],[99.99955,8.40321],[99.99947,8.40342],[99.9994,8.4034]]]}},{"type":"Feature","id":"way/1148750698","properties":{"id":"way/1148750698","building":"yes","_elevM":10,"_bbox":[99.999254,8.4033861,99.999325,8.4034767]},"geometry":{"type":"Polygon","coordinates":[[[99.99925,8.40346],[99.99929,8.40339],[99.99932,8.4034],[99.99929,8.40348],[99.99925,8.40346]]]}},{"type":"Feature","id":"way/1148750699","properties":{"id":"way/1148750699","building":"yes","_elevM":10,"_bbox":[99.9992179,8.4035035,99.9993665,8.4036062]},"geometry":{"type":"Polygon","coordinates":[[[99.99924,8.4035],[99.99937,8.40355],[99.99935,8.40361],[99.99922,8.40356],[99.99924,8.4035]]]}},{"type":"Feature","id":"way/1148750700","properties":{"id":"way/1148750700","building":"yes","_elevM":10,"_bbox":[99.9991226,8.4037161,99.9992445,8.4038057]},"geometry":{"type":"Polygon","coordinates":[[[99.99914,8.40372],[99.99924,8.40376],[99.99922,8.40381],[99.99912,8.40377],[99.99914,8.40372]]]}},{"type":"Feature","id":"way/1148750701","properties":{"id":"way/1148750701","building":"yes","_elevM":10,"_bbox":[99.9988313,8.4027826,99.9989123,8.4028845]},"geometry":{"type":"Polygon","coordinates":[[[99.99883,8.40287],[99.99886,8.40278],[99.99891,8.4028],[99.99889,8.40288],[99.99883,8.40287]]]}},{"type":"Feature","id":"way/1148750702","properties":{"id":"way/1148750702","building":"yes","_elevM":10,"_bbox":[99.9989278,8.4028058,99.9990076,8.402912]},"geometry":{"type":"Polygon","coordinates":[[[99.99893,8.4029],[99.99896,8.40281],[99.99901,8.40282],[99.99898,8.40291],[99.99893,8.4029]]]}},{"type":"Feature","id":"way/1148750703","properties":{"id":"way/1148750703","building":"yes","_elevM":10,"_bbox":[99.9987966,8.4036949,99.9988918,8.4037922]},"geometry":{"type":"Polygon","coordinates":[[[99.9988,8.40377],[99.99882,8.40369],[99.99889,8.40372],[99.99887,8.40379],[99.9988,8.40377]]]}},{"type":"Feature","id":"way/1148750704","properties":{"id":"way/1148750704","building":"yes","_elevM":10,"_bbox":[99.9989088,8.4037336,99.9989785,8.403812]},"geometry":{"type":"Polygon","coordinates":[[[99.99891,8.4038],[99.99892,8.40373],[99.99898,8.40375],[99.99896,8.40381],[99.99891,8.4038]]]}},{"type":"Feature","id":"way/1148750705","properties":{"id":"way/1148750705","building":"yes","_elevM":10,"_bbox":[99.9990379,8.4034796,99.9990997,8.4035407]},"geometry":{"type":"Polygon","coordinates":[[[99.99904,8.40352],[99.99906,8.40348],[99.9991,8.4035],[99.99908,8.40354],[99.99904,8.40352]]]}},{"type":"Feature","id":"way/1148751746","properties":{"id":"way/1148751746","building":"yes","_elevM":10,"_bbox":[100.0031303,8.4018866,100.0031893,8.4019569]},"geometry":{"type":"Polygon","coordinates":[[[100.00313,8.40195],[100.00314,8.40189],[100.00319,8.40189],[100.00318,8.40196],[100.00313,8.40195]]]}},{"type":"Feature","id":"way/1148751747","properties":{"id":"way/1148751747","building":"yes","_elevM":10,"_bbox":[100.0031394,8.4018195,100.0031983,8.4018898]},"geometry":{"type":"Polygon","coordinates":[[[100.00314,8.40188],[100.00315,8.40182],[100.0032,8.40183],[100.00319,8.40189],[100.00314,8.40188]]]}},{"type":"Feature","id":"way/1148751748","properties":{"id":"way/1148751748","building":"yes","_elevM":10,"_bbox":[100.0031494,8.4017525,100.0032084,8.4018228]},"geometry":{"type":"Polygon","coordinates":[[[100.00315,8.40182],[100.00316,8.40175],[100.00321,8.40176],[100.0032,8.40182],[100.00315,8.40182]]]}},{"type":"Feature","id":"way/1154651850","properties":{"id":"way/1154651850","building":"yes","mnType":"hospital","_elevM":18,"_bbox":[99.9670975,8.4554741,99.9678151,8.4557263]},"geometry":{"type":"Polygon","coordinates":[[[99.9671,8.45551],[99.96711,8.45547],[99.96782,8.45569],[99.9678,8.45573],[99.9676,8.45567],[99.9671,8.45551]]]}},{"type":"Feature","id":"way/1154651853","properties":{"id":"way/1154651853","building":"yes","_elevM":10,"_bbox":[99.968683,8.4561211,99.968929,8.4563302]},"geometry":{"type":"Polygon","coordinates":[[[99.96868,8.45628],[99.96871,8.4562],[99.9688,8.45618],[99.96884,8.45618],[99.96885,8.45612],[99.96893,8.45614],[99.96887,8.45633],[99.96868,8.45628]]]}},{"type":"Feature","id":"way/1154651855","properties":{"id":"way/1154651855","building":"yes","_elevM":10,"_bbox":[99.9687904,8.4557261,99.9689775,8.4560061]},"geometry":{"type":"Polygon","coordinates":[[[99.96879,8.45597],[99.96887,8.45573],[99.96898,8.45576],[99.96889,8.45601],[99.96879,8.45597]]]}},{"type":"Feature","id":"way/1154651856","properties":{"id":"way/1154651856","building":"yes","_elevM":10,"_bbox":[99.9689421,8.4557687,99.9691292,8.4560487]},"geometry":{"type":"Polygon","coordinates":[[[99.96894,8.45601],[99.96903,8.45577],[99.96913,8.4558],[99.96905,8.45605],[99.96894,8.45601]]]}},{"type":"Feature","id":"way/1154651857","properties":{"id":"way/1154651857","building":"yes","_elevM":10,"_bbox":[99.9690957,8.4557959,99.9692797,8.4560561]},"geometry":{"type":"Polygon","coordinates":[[[99.9691,8.45602],[99.96917,8.4558],[99.96928,8.45583],[99.9692,8.45606],[99.9691,8.45602]]]}},{"type":"Feature","id":"way/1156034542","properties":{"id":"way/1156034542","building":"yes","_elevM":10,"_bbox":[99.9525587,8.4359758,99.9527365,8.4361507]},"geometry":{"type":"Polygon","coordinates":[[[99.95272,8.43601],[99.95273,8.43609],[99.95268,8.43615],[99.9526,8.43614],[99.95256,8.43606],[99.95261,8.43599],[99.95269,8.43599],[99.95272,8.43601]]]}},{"type":"Feature","id":"way/1156034543","properties":{"id":"way/1156034543","building":"yes","_elevM":10,"_bbox":[99.9525525,8.4357995,99.9527303,8.4359744]},"geometry":{"type":"Polygon","coordinates":[[[99.95271,8.43583],[99.95273,8.43591],[99.95267,8.43597],[99.95259,8.43596],[99.95255,8.43588],[99.9526,8.43581],[99.95269,8.43581],[99.95271,8.43583]]]}},{"type":"Feature","id":"way/1156034544","properties":{"id":"way/1156034544","building":"yes","_elevM":10,"_bbox":[99.952631,8.4356319,99.9528088,8.4358068]},"geometry":{"type":"Polygon","coordinates":[[[99.95279,8.43566],[99.95281,8.43574],[99.95275,8.4358],[99.95267,8.43579],[99.95263,8.43571],[99.95268,8.43564],[99.95276,8.43564],[99.95279,8.43566]]]}},{"type":"Feature","id":"way/1157428757","properties":{"id":"way/1157428757","building":"yes","_elevM":10,"_bbox":[99.9641344,8.4392676,99.9644951,8.4396077]},"geometry":{"type":"Polygon","coordinates":[[[99.96413,8.43955],[99.96418,8.43927],[99.9645,8.43932],[99.96445,8.43961],[99.96413,8.43955]]]}},{"type":"Feature","id":"way/1157428758","properties":{"id":"way/1157428758","building":"yes","_elevM":10,"_bbox":[99.9642205,8.4390415,99.9649439,8.4393481]},"geometry":{"type":"Polygon","coordinates":[[[99.96422,8.43923],[99.96425,8.43904],[99.96494,8.43916],[99.96491,8.43935],[99.96422,8.43923]]]}},{"type":"Feature","id":"way/1157428759","properties":{"id":"way/1157428759","building":"yes","_elevM":10,"_bbox":[99.9643152,8.4388243,99.9646523,8.4390494]},"geometry":{"type":"Polygon","coordinates":[[[99.96432,8.43897],[99.96435,8.43882],[99.96465,8.4389],[99.96461,8.43905],[99.96432,8.43897]]]}},{"type":"Feature","id":"way/1157428760","properties":{"id":"way/1157428760","building":"yes","_elevM":10,"_bbox":[99.9647614,8.4395125,99.9649843,8.4396645]},"geometry":{"type":"Polygon","coordinates":[[[99.96476,8.43963],[99.96478,8.43951],[99.96498,8.43955],[99.96496,8.43966],[99.96476,8.43963]]]}},{"type":"Feature","id":"way/1157434709","properties":{"id":"way/1157434709","building":"yes","_elevM":10,"_bbox":[99.9777503,8.3895731,99.9779305,8.3900543]},"geometry":{"type":"Polygon","coordinates":[[[99.97775,8.39004],[99.97778,8.38957],[99.97793,8.38958],[99.9779,8.39005],[99.97775,8.39004]]]}},{"type":"Feature","id":"way/1157434710","properties":{"id":"way/1157434710","building":"yes","_elevM":10,"_bbox":[99.9772202,8.3895439,99.9777088,8.3897918]},"geometry":{"type":"Polygon","coordinates":[[[99.97722,8.38975],[99.97724,8.38954],[99.97771,8.38958],[99.97769,8.38979],[99.97722,8.38975]]]}},{"type":"Feature","id":"way/1157434711","properties":{"id":"way/1157434711","building":"yes","_elevM":10,"_bbox":[99.9777672,8.3902671,99.9781087,8.3903384]},"geometry":{"type":"Polygon","coordinates":[[[99.97777,8.39032],[99.97777,8.39027],[99.97811,8.39029],[99.97811,8.39034],[99.97777,8.39032]]]}},{"type":"Feature","id":"way/1157434712","properties":{"id":"way/1157434712","building":"yes","_elevM":10,"_bbox":[99.9771873,8.3901272,99.9776947,8.3903227]},"geometry":{"type":"Polygon","coordinates":[[[99.97719,8.3903],[99.9772,8.39013],[99.97769,8.39015],[99.97769,8.39032],[99.97719,8.3903]]]}},{"type":"Feature","id":"way/1157434713","properties":{"id":"way/1157434713","building":"yes","_elevM":10,"_bbox":[99.9779983,8.3901847,99.9780462,8.3902283]},"geometry":{"type":"Polygon","coordinates":[[[99.978,8.39022],[99.978,8.39018],[99.97805,8.39019],[99.97804,8.39023],[99.978,8.39022]]]}},{"type":"Feature","id":"way/1157434714","properties":{"id":"way/1157434714","building":"yes","_elevM":10,"_bbox":[99.9773163,8.3904114,99.977835,8.3910184]},"geometry":{"type":"Polygon","coordinates":[[[99.97767,8.39071],[99.97769,8.39045],[99.97783,8.39046],[99.97781,8.39075],[99.97783,8.39075],[99.97783,8.39082],[99.97776,8.39081],[99.97773,8.39083],[99.97772,8.39102],[99.97766,8.39101],[99.97767,8.39097],[99.9776,8.39096],[99.97762,8.39075],[99.97755,8.39074],[99.97753,8.39101],[99.97732,8.391],[99.97733,8.39085],[99.97736,8.39085],[99.97739,8.39041],[99.97749,8.39042],[99.97747,8.3907],[99.97767,8.39071]]]}},{"type":"Feature","id":"way/1157434715","properties":{"id":"way/1157434715","building":"yes","_elevM":10,"_bbox":[99.9772212,8.3908852,99.977286,8.3910738]},"geometry":{"type":"Polygon","coordinates":[[[99.97722,8.39107],[99.97723,8.39089],[99.97729,8.39089],[99.97728,8.39107],[99.97722,8.39107]]]}},{"type":"Feature","id":"way/1157434716","properties":{"id":"way/1157434716","building":"yes","_elevM":10,"_bbox":[99.9778124,8.3910266,99.9779629,8.39109]},"geometry":{"type":"Polygon","coordinates":[[[99.97781,8.39108],[99.97782,8.39103],[99.97796,8.39104],[99.97796,8.39109],[99.97781,8.39108]]]}},{"type":"Feature","id":"way/1157434717","properties":{"id":"way/1157434717","building":"yes","_elevM":10,"_bbox":[99.9773576,8.391026,99.9774344,8.3911115]},"geometry":{"type":"Polygon","coordinates":[[[99.97736,8.39111],[99.97736,8.39103],[99.97743,8.39103],[99.97743,8.39111],[99.97736,8.39111]]]}},{"type":"Feature","id":"way/1157434718","properties":{"id":"way/1157434718","building":"yes","_elevM":10,"_bbox":[99.9765656,8.3895363,99.9770647,8.3898543]},"geometry":{"type":"Polygon","coordinates":[[[99.97657,8.38982],[99.97659,8.38954],[99.97706,8.38957],[99.97704,8.38985],[99.97657,8.38982]]]}},{"type":"Feature","id":"way/1157434719","properties":{"id":"way/1157434719","building":"yes","_elevM":10,"_bbox":[99.9765546,8.3899075,99.9771097,8.3902111]},"geometry":{"type":"Polygon","coordinates":[[[99.97657,8.38991],[99.97689,8.38994],[99.97688,8.39003],[99.97711,8.39006],[99.97709,8.39021],[99.97674,8.39018],[99.97675,8.39009],[99.97655,8.39007],[99.97657,8.38991]]]}},{"type":"Feature","id":"way/1157434720","properties":{"id":"way/1157434720","building":"yes","_elevM":10,"_bbox":[99.9766698,8.3902895,99.9769839,8.3908632]},"geometry":{"type":"Polygon","coordinates":[[[99.97667,8.39083],[99.97673,8.39029],[99.97686,8.3903],[99.97682,8.39069],[99.97698,8.39071],[99.97697,8.39086],[99.97667,8.39083]]]}},{"type":"Feature","id":"way/1157434721","properties":{"id":"way/1157434721","building":"yes","_elevM":10,"_bbox":[99.9761589,8.3904178,99.9765984,8.3907168]},"geometry":{"type":"Polygon","coordinates":[[[99.97616,8.39069],[99.97618,8.39042],[99.9766,8.39045],[99.97658,8.39072],[99.97616,8.39069]]]}},{"type":"Feature","id":"way/1157434722","properties":{"id":"way/1157434722","building":"yes","_elevM":10,"_bbox":[99.9761831,8.3899522,99.9765372,8.3903414]},"geometry":{"type":"Polygon","coordinates":[[[99.97618,8.39034],[99.9762,8.38995],[99.97654,8.38996],[99.97653,8.3902],[99.97632,8.39019],[99.97631,8.39034],[99.97618,8.39034]]]}},{"type":"Feature","id":"way/1157434723","properties":{"id":"way/1157434723","building":"yes","_elevM":10,"_bbox":[99.9765263,8.3902083,99.9766069,8.3902865]},"geometry":{"type":"Polygon","coordinates":[[[99.97653,8.39028],[99.97653,8.39021],[99.97661,8.39021],[99.9766,8.39029],[99.97653,8.39028]]]}},{"type":"Feature","id":"way/1157434724","properties":{"id":"way/1157434724","building":"yes","_elevM":10,"_bbox":[99.97579,8.3895509,99.9760974,8.3896791]},"geometry":{"type":"Polygon","coordinates":[[[99.9758,8.38955],[99.9761,8.38958],[99.97609,8.38968],[99.97579,8.38965],[99.9758,8.38955]]]}},{"type":"Feature","id":"way/1157434725","properties":{"id":"way/1157434725","building":"yes","_elevM":10,"_bbox":[99.9754986,8.3895326,99.9757659,8.3896526]},"geometry":{"type":"Polygon","coordinates":[[[99.97551,8.38953],[99.97577,8.38956],[99.97576,8.38965],[99.9755,8.38963],[99.97551,8.38953]]]}},{"type":"Feature","id":"way/1157434726","properties":{"id":"way/1157434726","building":"yes","_elevM":10,"_bbox":[99.9752231,8.3895191,99.9754904,8.3896391]},"geometry":{"type":"Polygon","coordinates":[[[99.97523,8.38952],[99.97549,8.38954],[99.97548,8.38964],[99.97522,8.38962],[99.97523,8.38952]]]}},{"type":"Feature","id":"way/1157434727","properties":{"id":"way/1157434727","building":"yes","_elevM":10,"_bbox":[99.9756223,8.3899051,99.9757122,8.39]},"geometry":{"type":"Polygon","coordinates":[[[99.97562,8.38999],[99.97563,8.38991],[99.97571,8.38991],[99.9757,8.39],[99.97562,8.38999]]]}},{"type":"Feature","id":"way/1157434728","properties":{"id":"way/1157434728","building":"yes","_elevM":10,"_bbox":[99.9757918,8.389917,99.9758817,8.3900119]},"geometry":{"type":"Polygon","coordinates":[[[99.97579,8.39],[99.9758,8.38992],[99.97588,8.38992],[99.97587,8.39001],[99.97579,8.39]]]}},{"type":"Feature","id":"way/1157434729","properties":{"id":"way/1157434729","building":"yes","_elevM":10,"_bbox":[99.9759604,8.3899245,99.9760504,8.3900194]},"geometry":{"type":"Polygon","coordinates":[[[99.97596,8.39001],[99.97597,8.38992],[99.97605,8.38993],[99.97604,8.39002],[99.97596,8.39001]]]}},{"type":"Feature","id":"way/1157434730","properties":{"id":"way/1157434730","building":"yes","_elevM":10,"_bbox":[99.975623,8.389734,99.9758414,8.3898227]},"geometry":{"type":"Polygon","coordinates":[[[99.97562,8.38981],[99.97563,8.38973],[99.97584,8.38975],[99.97584,8.38982],[99.97562,8.38981]]]}},{"type":"Feature","id":"way/1157434731","properties":{"id":"way/1157434731","building":"yes","_elevM":10,"_bbox":[99.9758684,8.3897501,99.9760897,8.3898346]},"geometry":{"type":"Polygon","coordinates":[[[99.97587,8.38982],[99.97587,8.38975],[99.97609,8.38976],[99.97609,8.38983],[99.97587,8.38982]]]}},{"type":"Feature","id":"way/1157434732","properties":{"id":"way/1157434732","building":"yes","_elevM":10,"_bbox":[99.9751421,8.3898886,99.9755121,8.3899858]},"geometry":{"type":"Polygon","coordinates":[[[99.97514,8.38996],[99.97515,8.38989],[99.97551,8.38991],[99.97551,8.38999],[99.97514,8.38996]]]}},{"type":"Feature","id":"way/1157434733","properties":{"id":"way/1157434733","building":"yes","_elevM":10,"_bbox":[99.9751554,8.3897092,99.9755254,8.3898063]},"geometry":{"type":"Polygon","coordinates":[[[99.97516,8.38978],[99.97516,8.38971],[99.97553,8.38973],[99.97552,8.38981],[99.97516,8.38978]]]}},{"type":"Feature","id":"way/1157434734","properties":{"id":"way/1157434734","building":"yes","_elevM":10,"_bbox":[99.9760025,8.3912037,99.9761796,8.3912988]},"geometry":{"type":"Polygon","coordinates":[[[99.976,8.3913],[99.976,8.3912],[99.97618,8.39121],[99.97618,8.3913],[99.976,8.3913]]]}},{"type":"Feature","id":"way/1157434735","properties":{"id":"way/1157434735","building":"yes","_elevM":10,"_bbox":[99.9759861,8.3913686,99.9761632,8.3914637]},"geometry":{"type":"Polygon","coordinates":[[[99.97599,8.39146],[99.97599,8.39137],[99.97616,8.39137],[99.97616,8.39146],[99.97599,8.39146]]]}},{"type":"Feature","id":"way/1157434736","properties":{"id":"way/1157434736","building":"yes","_elevM":10,"_bbox":[99.9757447,8.3913616,99.9759218,8.3914566]},"geometry":{"type":"Polygon","coordinates":[[[99.97574,8.39145],[99.97575,8.39136],[99.97592,8.39136],[99.97592,8.39146],[99.97574,8.39145]]]}},{"type":"Feature","id":"way/1157434737","properties":{"id":"way/1157434737","building":"yes","_elevM":10,"_bbox":[99.9757643,8.3912059,99.9759415,8.3913009]},"geometry":{"type":"Polygon","coordinates":[[[99.97576,8.3913],[99.97577,8.39121],[99.97594,8.39121],[99.97594,8.3913],[99.97576,8.3913]]]}},{"type":"Feature","id":"way/1157434738","properties":{"id":"way/1157434738","building":"yes","_elevM":10,"_bbox":[99.9763037,8.3912079,99.9764308,8.3915508]},"geometry":{"type":"Polygon","coordinates":[[[99.9763,8.39155],[99.97632,8.39121],[99.97643,8.39121],[99.97641,8.39155],[99.9763,8.39155]]]}},{"type":"Feature","id":"way/1157434739","properties":{"id":"way/1157434739","building":"yes","_elevM":10,"_bbox":[99.9766709,8.3912253,99.977228,8.3915923]},"geometry":{"type":"Polygon","coordinates":[[[99.97667,8.39156],[99.97669,8.39123],[99.97723,8.39125],[99.97721,8.39159],[99.97667,8.39156]]]}},{"type":"Feature","id":"way/1157434740","properties":{"id":"way/1157434740","building":"yes","_elevM":10,"_bbox":[99.9767611,8.3920663,99.9768763,8.3922855]},"geometry":{"type":"Polygon","coordinates":[[[99.97676,8.39228],[99.97678,8.39207],[99.97688,8.39207],[99.97686,8.39229],[99.97676,8.39228]]]}},{"type":"Feature","id":"way/1157434741","properties":{"id":"way/1157434741","building":"yes","_elevM":10,"_bbox":[99.9767716,8.3917824,99.9768868,8.3920016]},"geometry":{"type":"Polygon","coordinates":[[[99.97677,8.392],[99.97679,8.39178],[99.97689,8.39179],[99.97687,8.392],[99.97677,8.392]]]}},{"type":"Feature","id":"way/1157434742","properties":{"id":"way/1157434742","building":"yes","_elevM":10,"_bbox":[99.9769844,8.3920902,99.9770996,8.3923094]},"geometry":{"type":"Polygon","coordinates":[[[99.97698,8.3923],[99.977,8.39209],[99.9771,8.3921],[99.97709,8.39231],[99.97698,8.3923]]]}},{"type":"Feature","id":"way/1157434743","properties":{"id":"way/1157434743","building":"yes","_elevM":10,"_bbox":[99.976997,8.3917877,99.9771121,8.392007]},"geometry":{"type":"Polygon","coordinates":[[[99.977,8.392],[99.97701,8.39179],[99.97711,8.39179],[99.9771,8.39201],[99.977,8.392]]]}},{"type":"Feature","id":"way/1157434744","properties":{"id":"way/1157434744","building":"yes","_elevM":10,"_bbox":[99.9771722,8.3917859,99.9772873,8.3920052]},"geometry":{"type":"Polygon","coordinates":[[[99.97717,8.392],[99.97719,8.39179],[99.97729,8.39179],[99.97727,8.39201],[99.97717,8.392]]]}},{"type":"Feature","id":"way/1157434745","properties":{"id":"way/1157434745","building":"yes","_elevM":10,"_bbox":[99.9765875,8.392069,99.9767026,8.3922882]},"geometry":{"type":"Polygon","coordinates":[[[99.97659,8.39228],[99.9766,8.39207],[99.9767,8.39208],[99.97669,8.39229],[99.97659,8.39228]]]}},{"type":"Feature","id":"way/1157434746","properties":{"id":"way/1157434746","building":"yes","_elevM":10,"_bbox":[99.9766089,8.3917612,99.9767241,8.3919804]},"geometry":{"type":"Polygon","coordinates":[[[99.97661,8.39197],[99.97662,8.39176],[99.97672,8.39177],[99.97671,8.39198],[99.97661,8.39197]]]}},{"type":"Feature","id":"way/1157434747","properties":{"id":"way/1157434747","building":"yes","_elevM":10,"_bbox":[99.9771238,8.3921112,99.9773034,8.3925315]},"geometry":{"type":"Polygon","coordinates":[[[99.97712,8.39252],[99.97716,8.39211],[99.9773,8.39212],[99.97727,8.39253],[99.97712,8.39252]]]}},{"type":"Feature","id":"way/1157434748","properties":{"id":"way/1157434748","building":"yes","mnType":"hospital","_elevM":18,"_bbox":[99.97478,8.3910203,99.9749876,8.3914068]},"geometry":{"type":"Polygon","coordinates":[[[99.97478,8.3914],[99.9748,8.39108],[99.97486,8.39109],[99.97487,8.39102],[99.97499,8.39103],[99.97497,8.39131],[99.97487,8.3913],[99.97486,8.39141],[99.97478,8.3914]]]}},{"type":"Feature","id":"way/1157434749","properties":{"id":"way/1157434749","building":"yes","mnType":"hospital","_elevM":18,"_bbox":[99.9749857,8.3912426,99.9751046,8.3914376]},"geometry":{"type":"Polygon","coordinates":[[[99.97499,8.39142],[99.97502,8.39124],[99.9751,8.39126],[99.97507,8.39144],[99.97499,8.39142]]]}},{"type":"Feature","id":"way/1157434750","properties":{"id":"way/1157434750","building":"yes","mnType":"hospital","_elevM":18,"_bbox":[99.9750228,8.3910551,99.9751416,8.3912501]},"geometry":{"type":"Polygon","coordinates":[[[99.97502,8.39124],[99.97505,8.39106],[99.97514,8.39107],[99.97511,8.39125],[99.97502,8.39124]]]}},{"type":"Feature","id":"way/1157434751","properties":{"id":"way/1157434751","building":"yes","mnType":"hospital","_elevM":18,"_bbox":[99.9752403,8.3913008,99.9753623,8.391417]},"geometry":{"type":"Polygon","coordinates":[[[99.97524,8.39141],[99.97525,8.3913],[99.97536,8.39131],[99.97535,8.39142],[99.97524,8.39141]]]}},{"type":"Feature","id":"way/1157434752","properties":{"id":"way/1157434752","building":"yes","mnType":"hospital","_elevM":18,"_bbox":[99.9752358,8.3911175,99.9753578,8.3912337]},"geometry":{"type":"Polygon","coordinates":[[[99.97524,8.39123],[99.97524,8.39112],[99.97536,8.39113],[99.97535,8.39123],[99.97524,8.39123]]]}},{"type":"Feature","id":"way/1157434753","properties":{"id":"way/1157434753","building":"yes","_elevM":10,"_bbox":[99.9745035,8.391729,99.9746163,8.3919729]},"geometry":{"type":"Polygon","coordinates":[[[99.9745,8.39196],[99.97453,8.39173],[99.97462,8.39174],[99.97459,8.39197],[99.9745,8.39196]]]}},{"type":"Feature","id":"way/1157434754","properties":{"id":"way/1157434754","building":"yes","_elevM":10,"_bbox":[99.97472,8.3917418,99.9748329,8.3919856]},"geometry":{"type":"Polygon","coordinates":[[[99.97472,8.39198],[99.97475,8.39174],[99.97483,8.39175],[99.97481,8.39199],[99.97472,8.39198]]]}},{"type":"Feature","id":"way/1157434755","properties":{"id":"way/1157434755","building":"yes","_elevM":10,"_bbox":[99.9756934,8.3916674,99.9757981,8.3921771]},"geometry":{"type":"Polygon","coordinates":[[[99.97569,8.39217],[99.97574,8.39167],[99.9758,8.39167],[99.97575,8.39218],[99.97569,8.39217]]]}},{"type":"Feature","id":"way/1157434756","properties":{"id":"way/1157434756","building":"yes","_elevM":10,"_bbox":[99.9754491,8.391682,99.9755538,8.3921917]},"geometry":{"type":"Polygon","coordinates":[[[99.97545,8.39219],[99.97549,8.39168],[99.97555,8.39169],[99.97551,8.39219],[99.97545,8.39219]]]}},{"type":"Feature","id":"way/1157434757","properties":{"id":"way/1157434757","building":"yes","_elevM":10,"_bbox":[99.975176,8.3916763,99.9752807,8.392186]},"geometry":{"type":"Polygon","coordinates":[[[99.97518,8.39218],[99.97522,8.39168],[99.97528,8.39168],[99.97524,8.39219],[99.97518,8.39218]]]}},{"type":"Feature","id":"way/1157434758","properties":{"id":"way/1157434758","building":"yes","_elevM":10,"_bbox":[99.9759028,8.3916788,99.9759936,8.3920145]},"geometry":{"type":"Polygon","coordinates":[[[99.9759,8.39201],[99.97593,8.39168],[99.97599,8.39168],[99.97597,8.39201],[99.9759,8.39201]]]}},{"type":"Feature","id":"way/1157434759","properties":{"id":"way/1157434759","building":"yes","_elevM":10,"_bbox":[99.9749201,8.3916641,99.9750109,8.3919998]},"geometry":{"type":"Polygon","coordinates":[[[99.97492,8.39199],[99.97494,8.39166],[99.97501,8.39167],[99.97499,8.392],[99.97492,8.39199]]]}},{"type":"Feature","id":"way/1157434760","properties":{"id":"way/1157434760","building":"yes","_elevM":10,"_bbox":[99.9735279,8.3904153,99.9737703,8.3907947]},"geometry":{"type":"Polygon","coordinates":[[[99.97353,8.39078],[99.97355,8.39042],[99.97377,8.39043],[99.97374,8.39079],[99.97353,8.39078]]]}},{"type":"Feature","id":"way/1157436061","properties":{"id":"way/1157436061","building":"yes","mnType":"hospital","_elevM":18,"_bbox":[99.9747186,8.3901178,99.9748936,8.3902927]},"geometry":{"type":"Polygon","coordinates":[[[99.97472,8.39027],[99.97475,8.39012],[99.97489,8.39015],[99.97487,8.39029],[99.97472,8.39027]]]}},{"type":"Feature","id":"way/1157436062","properties":{"id":"way/1157436062","building":"yes","_elevM":10,"_bbox":[99.974774,8.3897954,99.9750269,8.390092]},"geometry":{"type":"Polygon","coordinates":[[[99.97477,8.39002],[99.97479,8.3899],[99.97491,8.38991],[99.97492,8.3898],[99.97503,8.38981],[99.97499,8.39009],[99.97486,8.39008],[99.97487,8.39003],[99.97477,8.39002]]]}},{"type":"Feature","id":"way/1157436063","properties":{"id":"way/1157436063","building":"yes","_elevM":10,"_bbox":[99.9712443,8.389236,99.9714092,8.3893354]},"geometry":{"type":"Polygon","coordinates":[[[99.97124,8.38932],[99.97125,8.38924],[99.97141,8.38925],[99.9714,8.38934],[99.97124,8.38932]]]}},{"type":"Feature","id":"way/1157436064","properties":{"id":"way/1157436064","building":"yes","_elevM":10,"_bbox":[99.9711521,8.3892458,99.9712042,8.3893127]},"geometry":{"type":"Polygon","coordinates":[[[99.97115,8.38931],[99.97116,8.38925],[99.9712,8.38925],[99.9712,8.38931],[99.97115,8.38931]]]}},{"type":"Feature","id":"way/1157436065","properties":{"id":"way/1157436065","building":"yes","_elevM":10,"_bbox":[99.9714951,8.3892554,99.9717291,8.389348]},"geometry":{"type":"Polygon","coordinates":[[[99.9715,8.38933],[99.9715,8.38929],[99.97155,8.38929],[99.97156,8.38926],[99.97173,8.38927],[99.97172,8.38935],[99.9715,8.38933]]]}},{"type":"Feature","id":"way/1157436066","properties":{"id":"way/1157436066","building":"yes","_elevM":10,"_bbox":[99.9743598,8.3898862,99.974606,8.3899903]},"geometry":{"type":"Polygon","coordinates":[[[99.97437,8.38989],[99.97461,8.3899],[99.9746,8.38999],[99.97436,8.38997],[99.97437,8.38989]]]}},{"type":"Feature","id":"way/1157436067","properties":{"id":"way/1157436067","building":"yes","_elevM":10,"_bbox":[99.9731103,8.3909596,99.9733411,8.3911236]},"geometry":{"type":"Polygon","coordinates":[[[99.97311,8.3911],[99.97313,8.39096],[99.97324,8.39097],[99.97323,8.39103],[99.97334,8.39105],[99.97333,8.39112],[99.97311,8.3911]]]}},{"type":"Feature","id":"way/1158162262","properties":{"id":"way/1158162262","building":"yes","mnType":"school","_elevM":12,"_bbox":[99.965367,8.4460125,99.9657245,8.4466081]},"geometry":{"type":"Polygon","coordinates":[[[99.96558,8.44601],[99.96567,8.44605],[99.96563,8.44617],[99.96572,8.4462],[99.96559,8.44657],[99.96551,8.44654],[99.96548,8.44661],[99.96537,8.44657],[99.96558,8.44601]]]}},{"type":"Feature","id":"way/1158162263","properties":{"id":"way/1158162263","building":"yes","mnType":"school","_elevM":12,"_bbox":[99.9646424,8.4463556,99.9653885,8.4467312]},"geometry":{"type":"Polygon","coordinates":[[[99.96464,8.44648],[99.96469,8.44636],[99.96539,8.44661],[99.96534,8.44673],[99.96464,8.44648]]]}},{"type":"Feature","id":"way/1159032517","properties":{"id":"way/1159032517","name":"Robinson Ocean Nakhon Si Thammarat","building":"yes","shop":"mall","_elevM":10,"_bbox":[99.968137,8.4370695,99.9696725,8.4377767]},"geometry":{"type":"Polygon","coordinates":[[[99.96814,8.43748],[99.96822,8.43707],[99.96967,8.43737],[99.96959,8.43778],[99.96814,8.43748]]]}},{"type":"Feature","id":"way/1159796946","properties":{"id":"way/1159796946","building":"grandstand","_elevM":10,"_bbox":[99.959056,8.4543139,99.9593273,8.4552659]},"geometry":{"type":"Polygon","coordinates":[[[99.95906,8.45525],[99.95917,8.45431],[99.95933,8.45433],[99.95921,8.45527],[99.95906,8.45525]]]}},{"type":"Feature","id":"way/1159796947","properties":{"id":"way/1159796947","building":"grandstand","_elevM":10,"_bbox":[99.9578447,8.4541968,99.9581679,8.4550585]},"geometry":{"type":"Polygon","coordinates":[[[99.95784,8.45503],[99.95797,8.4542],[99.95817,8.45423],[99.95805,8.45506],[99.95784,8.45503]]]}},{"type":"Feature","id":"way/1159796948","properties":{"id":"way/1159796948","building":"yes","_elevM":10,"_bbox":[99.957362,8.4554696,99.9575829,8.4560486]},"geometry":{"type":"Polygon","coordinates":[[[99.95736,8.45603],[99.95745,8.45547],[99.95758,8.45549],[99.95749,8.45605],[99.95736,8.45603]]]}},{"type":"Feature","id":"way/1159796950","properties":{"id":"way/1159796950","building":"yes","_elevM":10,"_bbox":[99.9588566,8.4560254,99.9592009,8.4562955]},"geometry":{"type":"Polygon","coordinates":[[[99.95886,8.45622],[99.95889,8.45604],[99.95896,8.45605],[99.95897,8.45603],[99.95913,8.45606],[99.95913,8.45608],[99.9592,8.45609],[99.95916,8.45628],[99.95912,8.45627],[99.95911,8.4563],[99.95891,8.45626],[99.95892,8.45623],[99.95886,8.45622]]]}},{"type":"Feature","id":"way/1159797927","properties":{"id":"way/1159797927","building":"yes","mnType":"school","_elevM":12,"_bbox":[99.9614767,8.4383336,99.9617385,8.438711]},"geometry":{"type":"Polygon","coordinates":[[[99.96148,8.43867],[99.96156,8.43833],[99.96174,8.43838],[99.96165,8.43871],[99.96148,8.43867]]]}},{"type":"Feature","id":"way/1159797928","properties":{"id":"way/1159797928","building":"yes","mnType":"temple","_elevM":28,"_bbox":[99.9616035,8.4381665,99.9617772,8.4383463]},"geometry":{"type":"Polygon","coordinates":[[[99.96163,8.43832],[99.96164,8.43828],[99.9616,8.43827],[99.96162,8.43821],[99.96166,8.43822],[99.96167,8.43817],[99.96175,8.43819],[99.96174,8.43823],[99.96178,8.43824],[99.96176,8.43831],[99.96174,8.4383],[99.96173,8.43835],[99.96163,8.43832]]]}},{"type":"Feature","id":"way/1159797929","properties":{"id":"way/1159797929","building":"yes","mnType":"temple","_elevM":28,"_bbox":[99.961782,8.4382362,99.961951,8.4383581]},"geometry":{"type":"Polygon","coordinates":[[[99.96178,8.43833],[99.9618,8.43824],[99.96195,8.43827],[99.96193,8.43836],[99.96178,8.43833]]]}},{"type":"Feature","id":"way/1159797930","properties":{"id":"way/1159797930","building":"yes","mnType":"school","_elevM":12,"_bbox":[99.9618474,8.438459,99.9620111,8.4387642]},"geometry":{"type":"Polygon","coordinates":[[[99.96185,8.43875],[99.96187,8.43846],[99.96201,8.43847],[99.96199,8.43876],[99.96185,8.43875]]]}},{"type":"Feature","id":"way/1159797931","properties":{"id":"way/1159797931","building":"yes","mnType":"temple","_elevM":28,"_bbox":[99.9616611,8.4378455,99.9618048,8.4380126]},"geometry":{"type":"Polygon","coordinates":[[[99.96166,8.43799],[99.96169,8.43785],[99.9618,8.43787],[99.96177,8.43801],[99.96166,8.43799]]]}},{"type":"Feature","id":"way/1159797932","properties":{"id":"way/1159797932","building":"yes","mnType":"temple","_elevM":28,"_bbox":[99.96175,8.4376215,99.9620197,8.4378237]},"geometry":{"type":"Polygon","coordinates":[[[99.96175,8.43776],[99.96179,8.43762],[99.96202,8.43769],[99.96198,8.43782],[99.96175,8.43776]]]}},{"type":"Feature","id":"way/1159797933","properties":{"id":"way/1159797933","building":"yes","_elevM":10,"_bbox":[99.9618149,8.4374017,99.9620479,8.4375327]},"geometry":{"type":"Polygon","coordinates":[[[99.96181,8.43749],[99.96183,8.4374],[99.96205,8.43744],[99.96203,8.43753],[99.96181,8.43749]]]}},{"type":"Feature","id":"way/1159798351","properties":{"id":"way/1159798351","name":"วัดวังตะวันออก","building":"yes","mnType":"temple","_elevM":28,"_bbox":[99.9630036,8.4378008,99.9631637,8.4380318]},"geometry":{"type":"Polygon","coordinates":[[[99.963,8.43802],[99.96302,8.4378],[99.96316,8.43781],[99.96315,8.43803],[99.963,8.43802]]]}},{"type":"Feature","id":"way/1159798352","properties":{"id":"way/1159798352","building":"yes","mnType":"temple","_elevM":28,"_bbox":[99.9627598,8.4380213,99.9628466,8.4381077]},"geometry":{"type":"Polygon","coordinates":[[[99.96276,8.4381],[99.96276,8.43802],[99.96285,8.43803],[99.96284,8.43811],[99.96276,8.4381]]]}},{"type":"Feature","id":"way/1159798353","properties":{"id":"way/1159798353","building":"yes","mnType":"temple","_elevM":28,"_bbox":[99.9627193,8.4378697,99.9628486,8.4379999]},"geometry":{"type":"Polygon","coordinates":[[[99.96272,8.43799],[99.96273,8.43787],[99.96285,8.43788],[99.96284,8.438],[99.96272,8.43799]]]}},{"type":"Feature","id":"way/1159798354","properties":{"id":"way/1159798354","building":"yes","mnType":"temple","_elevM":28,"_bbox":[99.9628463,8.4375672,99.9630988,8.4377469]},"geometry":{"type":"Polygon","coordinates":[[[99.96285,8.43773],[99.96286,8.43757],[99.9631,8.43758],[99.96309,8.43775],[99.96285,8.43773]]]}},{"type":"Feature","id":"way/1159798355","properties":{"id":"way/1159798355","building":"yes","mnType":"temple","_elevM":28,"_bbox":[99.9631138,8.4375882,99.9633245,8.4377574]},"geometry":{"type":"Polygon","coordinates":[[[99.96311,8.43774],[99.96313,8.43759],[99.96332,8.43761],[99.96331,8.43776],[99.96311,8.43774]]]}},{"type":"Feature","id":"way/1161331466","properties":{"id":"way/1161331466","building":"yes","mnType":"temple","_elevM":28,"_bbox":[99.9658736,8.4055429,99.9660945,8.4056796]},"geometry":{"type":"Polygon","coordinates":[[[99.96587,8.40562],[99.9659,8.40554],[99.96609,8.4056],[99.96607,8.40568],[99.96587,8.40562]]]}},{"type":"Feature","id":"way/1161331467","properties":{"id":"way/1161331467","building":"yes","mnType":"temple","_elevM":28,"_bbox":[99.9657323,8.4057458,99.9660696,8.4059448]},"geometry":{"type":"Polygon","coordinates":[[[99.96573,8.40584],[99.96577,8.40575],[99.96607,8.40585],[99.96604,8.40594],[99.96573,8.40584]]]}},{"type":"Feature","id":"way/1161331468","properties":{"id":"way/1161331468","building":"yes","mnType":"temple","_elevM":28,"_bbox":[99.965598,8.4058692,99.9661294,8.4061999]},"geometry":{"type":"Polygon","coordinates":[[[99.9656,8.40604],[99.96563,8.40595],[99.96569,8.40597],[99.96573,8.40587],[99.96602,8.40596],[99.96599,8.40604],[99.96613,8.40609],[99.96609,8.4062],[99.9656,8.40604]]]}},{"type":"Feature","id":"way/1161331469","properties":{"id":"way/1161331469","building":"yes","mnType":"temple","_elevM":28,"_bbox":[99.9658729,8.4057193,99.9659837,8.4057968]},"geometry":{"type":"Polygon","coordinates":[[[99.96587,8.40576],[99.96589,8.40572],[99.96598,8.40575],[99.96597,8.4058],[99.96587,8.40576]]]}},{"type":"Feature","id":"way/1161331470","properties":{"id":"way/1161331470","building":"yes","mnType":"temple","_elevM":28,"_bbox":[99.9656687,8.4057651,99.9657423,8.4058303]},"geometry":{"type":"Polygon","coordinates":[[[99.96567,8.40581],[99.96568,8.40577],[99.96574,8.40578],[99.96573,8.40583],[99.96567,8.40581]]]}},{"type":"Feature","id":"way/1161331471","properties":{"id":"way/1161331471","building":"yes","mnType":"temple","_elevM":28,"_bbox":[99.9661634,8.4058254,99.9662898,8.4059847]},"geometry":{"type":"Polygon","coordinates":[[[99.96616,8.40595],[99.96622,8.40583],[99.96629,8.40586],[99.96623,8.40598],[99.96616,8.40595]]]}},{"type":"Feature","id":"way/1161331472","properties":{"id":"way/1161331472","building":"yes","mnType":"temple","_elevM":28,"_bbox":[99.9655798,8.4056483,99.9656472,8.4057264]},"geometry":{"type":"Polygon","coordinates":[[[99.96558,8.40571],[99.9656,8.40565],[99.96565,8.40566],[99.96563,8.40573],[99.96558,8.40571]]]}},{"type":"Feature","id":"way/1161332914","properties":{"id":"way/1161332914","building":"yes","_elevM":10,"_bbox":[99.9663016,8.4041926,99.9663528,8.4042287]},"geometry":{"type":"Polygon","coordinates":[[[99.9663,8.40422],[99.96631,8.40419],[99.96635,8.4042],[99.96635,8.40423],[99.9663,8.40422]]]}},{"type":"Feature","id":"way/1161332915","properties":{"id":"way/1161332915","building":"yes","_elevM":10,"_bbox":[99.9663388,8.4040281,99.9664563,8.4041485]},"geometry":{"type":"Polygon","coordinates":[[[99.96634,8.40413],[99.96636,8.40403],[99.96646,8.40405],[99.96644,8.40415],[99.96634,8.40413]]]}},{"type":"Feature","id":"way/1161332916","properties":{"id":"way/1161332916","building":"yes","_elevM":10,"_bbox":[99.9663608,8.4039329,99.9664447,8.4039949]},"geometry":{"type":"Polygon","coordinates":[[[99.96636,8.40398],[99.96637,8.40393],[99.96644,8.40395],[99.96643,8.40399],[99.96636,8.40398]]]}},{"type":"Feature","id":"way/1161332917","properties":{"id":"way/1161332917","building":"yes","_elevM":10,"_bbox":[99.9660394,8.4041195,99.966213,8.4042459]},"geometry":{"type":"Polygon","coordinates":[[[99.96604,8.40422],[99.96606,8.40412],[99.96621,8.40415],[99.96619,8.40425],[99.96604,8.40422]]]}},{"type":"Feature","id":"way/1161332918","properties":{"id":"way/1161332918","building":"yes","mnType":"temple","_elevM":28,"_bbox":[99.9662902,8.4043197,99.9664451,8.4044654]},"geometry":{"type":"Polygon","coordinates":[[[99.96629,8.40439],[99.9663,8.40434],[99.96639,8.40435],[99.96639,8.40432],[99.96645,8.40433],[99.96642,8.40447],[99.96637,8.40446],[99.96638,8.40441],[99.96629,8.40439]]]}},{"type":"Feature","id":"way/1161332919","properties":{"id":"way/1161332919","building":"yes","_elevM":10,"_bbox":[99.9664933,8.4040161,99.9667677,8.4043919]},"geometry":{"type":"Polygon","coordinates":[[[99.96649,8.40431],[99.96651,8.40424],[99.96649,8.40424],[99.96652,8.40413],[99.96652,8.40408],[99.96661,8.4041],[99.96663,8.40402],[99.96677,8.40405],[99.96669,8.40439],[99.96657,8.40437],[99.96658,8.40433],[99.96649,8.40431]]]}},{"type":"Feature","id":"way/1161332920","properties":{"id":"way/1161332920","building":"yes","_elevM":10,"_bbox":[99.9664856,8.4038727,99.9665714,8.4039638]},"geometry":{"type":"Polygon","coordinates":[[[99.96649,8.40394],[99.96651,8.40387],[99.96657,8.40389],[99.96655,8.40396],[99.96649,8.40394]]]}},{"type":"Feature","id":"way/1161332921","properties":{"id":"way/1161332921","building":"yes","_elevM":10,"_bbox":[99.9666674,8.4039429,99.9667492,8.4040205]},"geometry":{"type":"Polygon","coordinates":[[[99.96667,8.404],[99.96669,8.40394],[99.96675,8.40396],[99.96673,8.40402],[99.96667,8.404]]]}},{"type":"Feature","id":"way/1161332922","properties":{"id":"way/1161332922","building":"yes","mnType":"temple","_elevM":28,"_bbox":[99.9660665,8.4045423,99.9664711,8.404799]},"geometry":{"type":"Polygon","coordinates":[[[99.96609,8.40454],[99.96647,8.40462],[99.96645,8.40474],[99.96631,8.40472],[99.96629,8.4048],[99.96619,8.40478],[99.9662,8.40469],[99.96607,8.40467],[99.96609,8.40454]]]}},{"type":"Feature","id":"way/1161332923","properties":{"id":"way/1161332923","building":"yes","_elevM":10,"_bbox":[99.9655306,8.4043368,99.9658621,8.4044892]},"geometry":{"type":"Polygon","coordinates":[[[99.96553,8.40448],[99.96556,8.40434],[99.96586,8.40439],[99.96585,8.40445],[99.96562,8.40441],[99.9656,8.40449],[99.96553,8.40448]]]}},{"type":"Feature","id":"way/1161332924","properties":{"id":"way/1161332924","building":"yes","mnType":"temple","_elevM":28,"_bbox":[99.965646,8.404213,99.9659714,8.4043891]},"geometry":{"type":"Polygon","coordinates":[[[99.96565,8.40433],[99.96566,8.40425],[99.9658,8.40428],[99.96581,8.40421],[99.96593,8.40424],[99.96592,8.40431],[99.96597,8.40432],[99.96596,8.40439],[99.96565,8.40433]]]}},{"type":"Feature","id":"way/1161332925","properties":{"id":"way/1161332925","building":"yes","mnType":"temple","_elevM":28,"_bbox":[99.9658581,8.4043406,99.9662394,8.4046811]},"geometry":{"type":"Polygon","coordinates":[[[99.96586,8.40465],[99.9659,8.40441],[99.96597,8.40442],[99.96599,8.40434],[99.96624,8.40438],[99.96622,8.40452],[99.96608,8.4045],[99.96605,8.40468],[99.96586,8.40465]]]}},{"type":"Feature","id":"way/1161332926","properties":{"id":"way/1161332926","building":"yes","mnType":"temple","_elevM":28,"_bbox":[99.9662614,8.4044498,99.9663968,8.4045456]},"geometry":{"type":"Polygon","coordinates":[[[99.96626,8.40451],[99.96628,8.40445],[99.9664,8.40448],[99.96638,8.40455],[99.96626,8.40451]]]}},{"type":"Feature","id":"way/1161332927","properties":{"id":"way/1161332927","building":"yes","mnType":"temple","_elevM":28,"_bbox":[99.9664577,8.4043763,99.9666562,8.4046907]},"geometry":{"type":"Polygon","coordinates":[[[99.96649,8.40467],[99.96653,8.4045],[99.96646,8.40449],[99.96648,8.40438],[99.96666,8.40441],[99.9666,8.40469],[99.96649,8.40467]]]}},{"type":"Feature","id":"way/1161332928","properties":{"id":"way/1161332928","building":"yes","mnType":"temple","_elevM":28,"_bbox":[99.9657756,8.4047862,99.9660607,8.4049315]},"geometry":{"type":"Polygon","coordinates":[[[99.96578,8.40486],[99.96585,8.40486],[99.96586,8.40479],[99.96595,8.4048],[99.96606,8.40481],[99.96605,8.40493],[99.96578,8.40491],[99.96578,8.40486]]]}},{"type":"Feature","id":"way/1161332929","properties":{"id":"way/1161332929","building":"yes","mnType":"temple","_elevM":28,"_bbox":[99.9661065,8.4047567,99.9664352,8.4049747]},"geometry":{"type":"Polygon","coordinates":[[[99.96611,8.40493],[99.96613,8.4048],[99.9663,8.40482],[99.96631,8.40476],[99.96644,8.40478],[99.9664,8.40497],[99.96611,8.40493]]]}},{"type":"Feature","id":"way/1161332930","properties":{"id":"way/1161332930","building":"yes","mnType":"temple","_elevM":28,"_bbox":[99.9655061,8.4047438,99.9658373,8.4048379]},"geometry":{"type":"Polygon","coordinates":[[[99.96551,8.4048],[99.96551,8.40474],[99.96584,8.40478],[99.96583,8.40484],[99.96551,8.4048]]]}},{"type":"Feature","id":"way/1161332931","properties":{"id":"way/1161332931","building":"yes","_elevM":10,"_bbox":[99.9656993,8.4053067,99.9657723,8.4053997]},"geometry":{"type":"Polygon","coordinates":[[[99.9657,8.40539],[99.96572,8.40531],[99.96577,8.40532],[99.96576,8.4054],[99.9657,8.40539]]]}},{"type":"Feature","id":"way/1161332932","properties":{"id":"way/1161332932","building":"yes","mnType":"temple","_elevM":28,"_bbox":[99.965791,8.405331,99.965864,8.405424]},"geometry":{"type":"Polygon","coordinates":[[[99.96579,8.40541],[99.96581,8.40533],[99.96586,8.40534],[99.96585,8.40542],[99.96579,8.40541]]]}},{"type":"Feature","id":"way/1161332933","properties":{"id":"way/1161332933","building":"yes","mnType":"temple","_elevM":28,"_bbox":[99.9658911,8.4053574,99.9659641,8.4054504]},"geometry":{"type":"Polygon","coordinates":[[[99.96589,8.40544],[99.96591,8.40536],[99.96596,8.40537],[99.96595,8.40545],[99.96589,8.40544]]]}},{"type":"Feature","id":"way/1161332934","properties":{"id":"way/1161332934","building":"yes","mnType":"temple","_elevM":28,"_bbox":[99.9659828,8.4053822,99.9660558,8.4054752]},"geometry":{"type":"Polygon","coordinates":[[[99.96598,8.40546],[99.966,8.40538],[99.96606,8.40539],[99.96604,8.40548],[99.96598,8.40546]]]}},{"type":"Feature","id":"way/1161332935","properties":{"id":"way/1161332935","building":"yes","_elevM":10,"_bbox":[99.9660779,8.4054069,99.9661509,8.4054999]},"geometry":{"type":"Polygon","coordinates":[[[99.96608,8.40549],[99.96609,8.40541],[99.96615,8.40542],[99.96613,8.4055],[99.96608,8.40549]]]}},{"type":"Feature","id":"way/1161332936","properties":{"id":"way/1161332936","building":"yes","_elevM":10,"_bbox":[99.9661663,8.4054333,99.9662394,8.4055263]},"geometry":{"type":"Polygon","coordinates":[[[99.96617,8.40552],[99.96618,8.40543],[99.96624,8.40544],[99.96622,8.40553],[99.96617,8.40552]]]}},{"type":"Feature","id":"way/1161332937","properties":{"id":"way/1161332937","building":"yes","_elevM":10,"_bbox":[99.9662698,8.4054564,99.9663428,8.4055494]},"geometry":{"type":"Polygon","coordinates":[[[99.96627,8.40554],[99.96629,8.40546],[99.96634,8.40547],[99.96633,8.40555],[99.96627,8.40554]]]}},{"type":"Feature","id":"way/1161339319","properties":{"id":"way/1161339319","building":"yes","_elevM":10,"_bbox":[99.9629209,8.4289614,99.9629394,8.4290318]},"geometry":{"type":"Polygon","coordinates":[[[99.96292,8.42903],[99.96294,8.42896],[99.96293,8.42903],[99.96292,8.42903]]]}},{"type":"Feature","id":"way/1161339320","properties":{"id":"way/1161339320","building":"yes","_elevM":10,"_bbox":[99.9614066,8.428137,99.9618832,8.4285007]},"geometry":{"type":"Polygon","coordinates":[[[99.96177,8.42822],[99.96188,8.42824],[99.96185,8.4285],[99.96141,8.42844],[99.96144,8.42818],[99.96158,8.4282],[99.96159,8.42814],[99.96178,8.42816],[99.96177,8.42822]]]}},{"type":"Feature","id":"way/1161339321","properties":{"id":"way/1161339321","building":"yes","_elevM":10,"_bbox":[99.9614877,8.4278666,99.9621615,8.4280538]},"geometry":{"type":"Polygon","coordinates":[[[99.96149,8.42803],[99.9615,8.42787],[99.96216,8.42791],[99.96215,8.42801],[99.96193,8.428],[99.96192,8.42805],[99.96149,8.42803]]]}},{"type":"Feature","id":"way/1161339322","properties":{"id":"way/1161339322","building":"yes","_elevM":10,"_bbox":[99.9607127,8.4276669,99.96137,8.428758]},"geometry":{"type":"Polygon","coordinates":[[[99.96071,8.42873],[99.96078,8.42818],[99.96085,8.42819],[99.96086,8.42801],[99.96075,8.42797],[99.96076,8.42786],[99.96079,8.42787],[99.9608,8.4278],[99.96088,8.42781],[99.96086,8.42788],[99.96099,8.42791],[99.96111,8.42767],[99.96137,8.42773],[99.9612,8.42876],[99.96071,8.42873]]]}},{"type":"Feature","id":"way/1161339323","properties":{"id":"way/1161339323","building":"yes","_elevM":10,"_bbox":[99.9610568,8.4302243,99.961419,8.4304776]},"geometry":{"type":"Polygon","coordinates":[[[99.9611,8.43043],[99.96112,8.43031],[99.96106,8.43029],[99.96107,8.43022],[99.96142,8.43029],[99.96138,8.43048],[99.9611,8.43043]]]}},{"type":"Feature","id":"way/1161339324","properties":{"id":"way/1161339324","building":"yes","_elevM":10,"_bbox":[99.9611286,8.4305401,99.9613948,8.4306945]},"geometry":{"type":"Polygon","coordinates":[[[99.96113,8.43065],[99.96115,8.43054],[99.96139,8.43058],[99.96137,8.43069],[99.96113,8.43065]]]}},{"type":"Feature","id":"way/1163822101","properties":{"id":"way/1163822101","building":"yes","_elevM":10,"_bbox":[99.9531642,8.4492186,99.9533998,8.449373]},"geometry":{"type":"Polygon","coordinates":[[[99.95316,8.44934],[99.95318,8.44922],[99.9534,8.44926],[99.95338,8.44937],[99.95316,8.44934]]]}},{"type":"Feature","id":"way/1163822102","properties":{"id":"way/1163822102","building":"yes","_elevM":10,"_bbox":[99.9529059,8.4496835,99.9530133,8.4497849]},"geometry":{"type":"Polygon","coordinates":[[[99.95293,8.44968],[99.95301,8.4497],[99.95299,8.44978],[99.95291,8.44976],[99.95293,8.44968]]]}},{"type":"Feature","id":"way/1163822103","properties":{"id":"way/1163822103","building":"yes","_elevM":10,"_bbox":[99.953061,8.4503698,99.953167,8.4504747]},"geometry":{"type":"Polygon","coordinates":[[[99.95306,8.45042],[99.95311,8.45037],[99.95317,8.45042],[99.95311,8.45047],[99.95306,8.45042]]]}},{"type":"Feature","id":"way/1163822104","properties":{"id":"way/1163822104","building":"yes","_elevM":10,"_bbox":[99.951348,8.4505054,99.9515431,8.4506835]},"geometry":{"type":"Polygon","coordinates":[[[99.95135,8.45066],[99.95137,8.45051],[99.95154,8.45053],[99.95152,8.45068],[99.95135,8.45066]]]}},{"type":"Feature","id":"way/1163822106","properties":{"id":"way/1163822106","building":"yes","_elevM":10,"_bbox":[99.9508997,8.4507154,99.9511786,8.4510839]},"geometry":{"type":"Polygon","coordinates":[[[99.95093,8.45107],[99.95094,8.45095],[99.9509,8.45095],[99.95091,8.45085],[99.95094,8.45085],[99.95095,8.45072],[99.95112,8.45073],[99.95111,8.45088],[99.95118,8.45089],[99.95117,8.45097],[99.9511,8.45096],[99.95109,8.45108],[99.95093,8.45107]]]}},{"type":"Feature","id":"way/1163822108","properties":{"id":"way/1163822108","building":"yes","_elevM":10,"_bbox":[99.9526525,8.4501001,99.9527311,8.4501779]},"geometry":{"type":"Polygon","coordinates":[[[99.95267,8.45011],[99.95265,8.45013],[99.95266,8.45012],[99.95267,8.45011]]]}},{"type":"Feature","id":"way/1163822109","properties":{"id":"way/1163822109","building":"yes","_elevM":10,"_bbox":[99.9535614,8.4494294,99.9537461,8.4496124]},"geometry":{"type":"Polygon","coordinates":[[[99.9536,8.44945],[99.95369,8.44943],[99.95374,8.4495],[99.95372,8.44959],[99.95363,8.44961],[99.95357,8.44955],[99.95358,8.44947],[99.9536,8.44945]]]}},{"type":"Feature","id":"way/1163822112","properties":{"id":"way/1163822112","building":"yes","_elevM":10,"_bbox":[99.9529343,8.4516812,99.9531926,8.4519553]},"geometry":{"type":"Polygon","coordinates":[[[99.95293,8.45187],[99.95308,8.45168],[99.95319,8.45177],[99.95305,8.45196],[99.95293,8.45187]]]}},{"type":"Feature","id":"way/1163822113","properties":{"id":"way/1163822113","building":"yes","_elevM":10,"_bbox":[99.9528883,8.4520903,99.9529877,8.4522402]},"geometry":{"type":"Polygon","coordinates":[[[99.95289,8.45222],[99.95293,8.45209],[99.95299,8.45211],[99.95294,8.45224],[99.95289,8.45222]]]}},{"type":"Feature","id":"way/1163822114","properties":{"id":"way/1163822114","building":"yes","_elevM":10,"_bbox":[99.9529011,8.4523581,99.953084,8.4524742]},"geometry":{"type":"Polygon","coordinates":[[[99.9529,8.45246],[99.95291,8.45236],[99.95308,8.45237],[99.95307,8.45247],[99.9529,8.45246]]]}},{"type":"Feature","id":"way/1163822115","properties":{"id":"way/1163822115","building":"yes","_elevM":10,"_bbox":[99.9500755,8.4522457,99.951013,8.452916]},"geometry":{"type":"Polygon","coordinates":[[[99.95018,8.45278],[99.95019,8.45272],[99.95014,8.45271],[99.95015,8.45268],[99.95008,8.45266],[99.95017,8.45231],[99.95025,8.45233],[99.95028,8.45229],[99.95033,8.45229],[99.95034,8.45225],[99.95086,8.45239],[99.95084,8.45246],[99.95092,8.45248],[99.9509,8.45255],[99.95096,8.45256],[99.95094,8.45261],[99.95101,8.45263],[99.95095,8.45284],[99.95087,8.45282],[99.95086,8.45287],[99.95079,8.45285],[99.95078,8.45289],[99.9507,8.45287],[99.95068,8.45292],[99.95018,8.45278]]]}},{"type":"Feature","id":"way/1163822116","properties":{"id":"way/1163822116","building":"yes","_elevM":10,"_bbox":[99.9524741,8.4540676,99.9526045,8.4542467]},"geometry":{"type":"Polygon","coordinates":[[[99.95254,8.45425],[99.95247,8.4541],[99.95254,8.45407],[99.9526,8.45422],[99.95254,8.45425]]]}},{"type":"Feature","id":"way/1163822117","properties":{"id":"way/1163822117","building":"yes","_elevM":10,"_bbox":[99.9525735,8.4540693,99.9526632,8.4541859]},"geometry":{"type":"Polygon","coordinates":[[[99.95262,8.45419],[99.95257,8.45409],[99.95262,8.45407],[99.95266,8.45417],[99.95262,8.45419]]]}},{"type":"Feature","id":"way/1163822118","properties":{"id":"way/1163822118","building":"yes","_elevM":10,"_bbox":[99.9520659,8.4543341,99.9521498,8.454423]},"geometry":{"type":"Polygon","coordinates":[[[99.95207,8.45439],[99.95211,8.45433],[99.95215,8.45436],[99.95211,8.45442],[99.95207,8.45439]]]}},{"type":"Feature","id":"way/1163822119","properties":{"id":"way/1163822119","building":"yes","_elevM":10,"_bbox":[99.9521451,8.4540217,99.9522204,8.4540954]},"geometry":{"type":"Polygon","coordinates":[[[99.95215,8.45406],[99.95218,8.45402],[99.95222,8.45406],[99.95219,8.4541],[99.95215,8.45406]]]}},{"type":"Feature","id":"way/1163822120","properties":{"id":"way/1163822120","building":"yes","_elevM":10,"_bbox":[99.9534911,8.4553873,99.9537491,8.4556248]},"geometry":{"type":"Polygon","coordinates":[[[99.95349,8.45554],[99.95356,8.45539],[99.95375,8.45547],[99.95368,8.45562],[99.95349,8.45554]]]}},{"type":"Feature","id":"way/1163822121","properties":{"id":"way/1163822121","building":"yes","_elevM":10,"_bbox":[99.9487325,8.4559044,99.9488571,8.4560122]},"geometry":{"type":"Polygon","coordinates":[[[99.94873,8.45597],[99.94876,8.4559],[99.94886,8.45595],[99.94883,8.45601],[99.94873,8.45597]]]}},{"type":"Feature","id":"way/1163822123","properties":{"id":"way/1163822123","building":"yes","_elevM":10,"_bbox":[99.9525753,8.4505286,99.9526767,8.4506481]},"geometry":{"type":"Polygon","coordinates":[[[99.95258,8.45063],[99.9526,8.45053],[99.95268,8.45054],[99.95266,8.45065],[99.95258,8.45063]]]}},{"type":"Feature","id":"way/1163822124","properties":{"id":"way/1163822124","building":"yes","_elevM":10,"_bbox":[99.9522784,8.450651,99.9525124,8.4507342]},"geometry":{"type":"Polygon","coordinates":[[[99.95228,8.45069],[99.95229,8.45065],[99.95251,8.4507],[99.9525,8.45073],[99.95228,8.45069]]]}},{"type":"Feature","id":"way/1163822127","properties":{"id":"way/1163822127","building":"yes","_elevM":10,"_bbox":[99.9523485,8.4540758,99.9524244,8.4541638]},"geometry":{"type":"Polygon","coordinates":[[[99.95235,8.45415],[99.95237,8.45408],[99.95242,8.45409],[99.95241,8.45416],[99.95235,8.45415]]]}},{"type":"Feature","id":"way/1163822128","properties":{"id":"way/1163822128","building":"yes","_elevM":10,"_bbox":[99.9519855,8.4538613,99.952046,8.453922]},"geometry":{"type":"Polygon","coordinates":[[[99.95199,8.4539],[99.95201,8.45386],[99.95205,8.45388],[99.95202,8.45392],[99.95199,8.4539]]]}},{"type":"Feature","id":"way/1163822129","properties":{"id":"way/1163822129","building":"yes","_elevM":10,"_bbox":[99.9528287,8.453476,99.9529164,8.4536985]},"geometry":{"type":"Polygon","coordinates":[[[99.95284,8.45348],[99.95292,8.45348],[99.95291,8.4537],[99.95283,8.4537],[99.95284,8.45348]]]}},{"type":"Feature","id":"way/1163822132","properties":{"id":"way/1163822132","building":"yes","_elevM":10,"_bbox":[99.9481405,8.4583516,99.9484153,8.4587243]},"geometry":{"type":"Polygon","coordinates":[[[99.94814,8.45867],[99.94828,8.45835],[99.94842,8.45841],[99.94828,8.45872],[99.94814,8.45867]]]}},{"type":"Feature","id":"way/1163822133","properties":{"id":"way/1163822133","building":"yes","_elevM":10,"_bbox":[99.9448748,8.4626727,99.945373,8.4630133]},"geometry":{"type":"Polygon","coordinates":[[[99.94487,8.46284],[99.94494,8.46267],[99.94537,8.46284],[99.9453,8.46301],[99.94487,8.46284]]]}},{"type":"Feature","id":"way/1163822134","properties":{"id":"way/1163822134","building":"yes","_elevM":10,"_bbox":[99.9450326,8.4624503,99.945395,8.4626425]},"geometry":{"type":"Polygon","coordinates":[[[99.94503,8.46251],[99.94506,8.46245],[99.9454,8.46259],[99.94537,8.46264],[99.94503,8.46251]]]}},{"type":"Feature","id":"way/1163822135","properties":{"id":"way/1163822135","building":"yes","_elevM":10,"_bbox":[99.9447975,8.4629774,99.9449812,8.4631269]},"geometry":{"type":"Polygon","coordinates":[[[99.9448,8.46306],[99.94484,8.46298],[99.94498,8.46305],[99.94494,8.46313],[99.9448,8.46306]]]}},{"type":"Feature","id":"way/1163822136","properties":{"id":"way/1163822136","building":"yes","_elevM":10,"_bbox":[99.9445546,8.4628986,99.9446482,8.4630001]},"geometry":{"type":"Polygon","coordinates":[[[99.94455,8.46297],[99.94459,8.4629],[99.94465,8.46293],[99.94461,8.463],[99.94455,8.46297]]]}},{"type":"Feature","id":"way/1167958480","properties":{"id":"way/1167958480","building":"yes","mnType":"government","_elevM":15,"_bbox":[99.9665722,8.4540584,99.9669559,8.4543177]},"geometry":{"type":"Polygon","coordinates":[[[99.96657,8.45418],[99.96662,8.45406],[99.96696,8.45419],[99.9669,8.45432],[99.96657,8.45418]]]}},{"type":"Feature","id":"way/1167958481","properties":{"id":"way/1167958481","building":"yes","mnType":"government","_elevM":15,"_bbox":[99.9662079,8.4539096,99.9665916,8.4541688]},"geometry":{"type":"Polygon","coordinates":[[[99.96621,8.45404],[99.96626,8.45391],[99.96659,8.45404],[99.96654,8.45417],[99.96621,8.45404]]]}},{"type":"Feature","id":"way/1167958482","properties":{"id":"way/1167958482","building":"yes","_elevM":10,"_bbox":[99.9658327,8.4537664,99.9662164,8.4540256]},"geometry":{"type":"Polygon","coordinates":[[[99.96583,8.45389],[99.96588,8.45377],[99.96622,8.4539],[99.96616,8.45403],[99.96583,8.45389]]]}},{"type":"Feature","id":"way/1167958483","properties":{"id":"way/1167958483","building":"yes","_elevM":10,"_bbox":[99.9656257,8.4542761,99.9660094,8.4545353]},"geometry":{"type":"Polygon","coordinates":[[[99.96563,8.4544],[99.96568,8.45428],[99.96601,8.45441],[99.96596,8.45454],[99.96563,8.4544]]]}},{"type":"Feature","id":"way/1167958484","properties":{"id":"way/1167958484","building":"yes","mnType":"government","_elevM":15,"_bbox":[99.9660164,8.4544316,99.9664001,8.4546908]},"geometry":{"type":"Polygon","coordinates":[[[99.96602,8.45456],[99.96607,8.45443],[99.9664,8.45456],[99.96635,8.45469],[99.96602,8.45456]]]}},{"type":"Feature","id":"way/1167958485","properties":{"id":"way/1167958485","building":"yes","_elevM":10,"_bbox":[99.9663869,8.4545809,99.9667706,8.4548401]},"geometry":{"type":"Polygon","coordinates":[[[99.96639,8.45471],[99.96644,8.45458],[99.96677,8.45471],[99.96672,8.45484],[99.96639,8.45471]]]}},{"type":"Feature","id":"way/1167958486","properties":{"id":"way/1167958486","building":"yes","_elevM":10,"_bbox":[99.9669515,8.4542153,99.9671101,8.4543787]},"geometry":{"type":"Polygon","coordinates":[[[99.96695,8.45433],[99.967,8.45422],[99.96711,8.45426],[99.96706,8.45438],[99.96695,8.45433]]]}},{"type":"Feature","id":"way/1167958487","properties":{"id":"way/1167958487","building":"yes","mnType":"hospital","_elevM":18,"_bbox":[99.9667579,8.4547397,99.9669164,8.4549031]},"geometry":{"type":"Polygon","coordinates":[[[99.96676,8.45486],[99.96681,8.45474],[99.96692,8.45479],[99.96686,8.4549],[99.96676,8.45486]]]}},{"type":"Feature","id":"way/1167958488","properties":{"id":"way/1167958488","building":"yes","_elevM":10,"_bbox":[99.9649121,8.4539628,99.9653275,8.4543548]},"geometry":{"type":"Polygon","coordinates":[[[99.96491,8.45407],[99.96504,8.45396],[99.9652,8.45415],[99.96533,8.4542],[99.96528,8.45435],[99.96512,8.45431],[99.96491,8.45407]]]}},{"type":"Feature","id":"way/1167958489","properties":{"id":"way/1167958489","building":"yes","_elevM":10,"_bbox":[99.9652827,8.4538283,99.9654447,8.4540559]},"geometry":{"type":"Polygon","coordinates":[[[99.96528,8.45403],[99.96534,8.45383],[99.96544,8.45386],[99.96539,8.45406],[99.96528,8.45403]]]}},{"type":"Feature","id":"way/1167958490","properties":{"id":"way/1167958490","building":"yes","_elevM":10,"_bbox":[99.9651421,8.4537918,99.9653041,8.4540194]},"geometry":{"type":"Polygon","coordinates":[[[99.96514,8.45399],[99.9652,8.45379],[99.9653,8.45382],[99.96525,8.45402],[99.96514,8.45399]]]}},{"type":"Feature","id":"way/1167958494","properties":{"id":"way/1167958494","building":"yes","_elevM":10,"_bbox":[99.9655987,8.4539772,99.9656341,8.4540415]},"geometry":{"type":"Polygon","coordinates":[[[99.9656,8.45404],[99.96562,8.45398],[99.96563,8.45398],[99.96562,8.45404],[99.9656,8.45404]]]}},{"type":"Feature","id":"way/1167958786","properties":{"id":"way/1167958786","building":"yes","_elevM":10,"_bbox":[99.96407,8.4643509,99.9644247,8.4645535]},"geometry":{"type":"Polygon","coordinates":[[[99.96407,8.4645],[99.96409,8.46435],[99.96442,8.4644],[99.9644,8.46455],[99.96407,8.4645]]]}},{"type":"Feature","id":"way/1167958787","properties":{"id":"way/1167958787","building":"yes","_elevM":10,"_bbox":[99.9642181,8.4639522,99.9644185,8.4641255]},"geometry":{"type":"Polygon","coordinates":[[[99.96422,8.4641],[99.96424,8.46395],[99.96442,8.46398],[99.9644,8.46413],[99.96422,8.4641]]]}},{"type":"Feature","id":"way/1167958788","properties":{"id":"way/1167958788","building":"yes","_elevM":10,"_bbox":[99.9639338,8.4638611,99.9641369,8.4640458]},"geometry":{"type":"Polygon","coordinates":[[[99.96393,8.464],[99.96397,8.46386],[99.96414,8.46391],[99.9641,8.46405],[99.96393,8.464]]]}},{"type":"Feature","id":"way/1167958789","properties":{"id":"way/1167958789","building":"yes","_elevM":10,"_bbox":[99.9636504,8.4642113,99.9639559,8.4643565]},"geometry":{"type":"Polygon","coordinates":[[[99.96365,8.46426],[99.96367,8.46421],[99.96396,8.46431],[99.96394,8.46436],[99.96365,8.46426]]]}},{"type":"Feature","id":"way/1167958790","properties":{"id":"way/1167958790","building":"yes","_elevM":10,"_bbox":[99.9635752,8.4642959,99.9639907,8.46448]},"geometry":{"type":"Polygon","coordinates":[[[99.96358,8.46435],[99.96359,8.4643],[99.96399,8.46442],[99.96397,8.46448],[99.96358,8.46435]]]}},{"type":"Feature","id":"way/1167958791","properties":{"id":"way/1167958791","building":"yes","_elevM":10,"_bbox":[99.964302,8.4642258,99.9644168,8.4643169]},"geometry":{"type":"Polygon","coordinates":[[[99.9643,8.4643],[99.96431,8.46423],[99.96442,8.46424],[99.96441,8.46432],[99.9643,8.4643]]]}},{"type":"Feature","id":"way/1167958792","properties":{"id":"way/1167958792","building":"yes","_elevM":10,"_bbox":[99.9641334,8.4642003,99.9642603,8.4642928]},"geometry":{"type":"Polygon","coordinates":[[[99.96413,8.46427],[99.96415,8.4642],[99.96426,8.46422],[99.96425,8.46429],[99.96413,8.46427]]]}},{"type":"Feature","id":"way/1167959119","properties":{"id":"way/1167959119","building":"yes","_elevM":10,"_bbox":[99.9645744,8.4690468,99.9652804,8.4694257]},"geometry":{"type":"Polygon","coordinates":[[[99.96469,8.46922],[99.96457,8.46918],[99.96462,8.46905],[99.96528,8.46928],[99.96523,8.46943],[99.9648,8.46927],[99.96478,8.46933],[99.96467,8.46929],[99.96469,8.46922]]]}},{"type":"Feature","id":"way/1167960083","properties":{"id":"way/1167960083","building":"yes","_elevM":10,"_bbox":[99.9640098,8.47241,99.9642031,8.472635]},"geometry":{"type":"Polygon","coordinates":[[[99.96401,8.47258],[99.96401,8.47241],[99.9642,8.47242],[99.9642,8.47264],[99.96401,8.47258]]]}},{"type":"Feature","id":"way/1167960084","properties":{"id":"way/1167960084","building":"yes","_elevM":10,"_bbox":[99.9640178,8.4721239,99.9642067,8.472378]},"geometry":{"type":"Polygon","coordinates":[[[99.96402,8.47237],[99.96403,8.47212],[99.96421,8.47213],[99.9642,8.47238],[99.96402,8.47237]]]}},{"type":"Feature","id":"way/1249454300","properties":{"id":"way/1249454300","building":"yes","amenity":"cafe","_elevM":10,"_bbox":[99.960739,8.4394766,99.9608403,8.4395825]},"geometry":{"type":"Polygon","coordinates":[[[99.96074,8.43957],[99.96075,8.43948],[99.96084,8.43949],[99.96083,8.43958],[99.96074,8.43957]]]}},{"type":"Feature","id":"way/1249510493","properties":{"id":"way/1249510493","name":"Unique Gas","building":"yes","shop":"fuel","_elevM":10,"_bbox":[99.9219847,8.452841,99.9222114,8.4529828]},"geometry":{"type":"Polygon","coordinates":[[[99.92199,8.45298],[99.92198,8.45285],[99.9222,8.45284],[99.92221,8.45297],[99.92199,8.45298]]]}},{"type":"Feature","id":"way/1259700312","properties":{"id":"way/1259700312","name":"PTT","nameEn":"PTT","nameTh":"ป.ต.ท.","building":"roof","amenity":"fuel","_elevM":10,"_bbox":[99.9483062,8.4327113,99.9485244,8.433008]},"geometry":{"type":"Polygon","coordinates":[[[99.94831,8.43296],[99.94841,8.43271],[99.94852,8.43276],[99.94842,8.43301],[99.94831,8.43296]]]}},{"type":"Feature","id":"way/1259700313","properties":{"id":"way/1259700313","name":"KFC","building":"yes","amenity":"fast_food","_elevM":10,"_bbox":[99.9486362,8.4328868,99.9487545,8.4330631]},"geometry":{"type":"Polygon","coordinates":[[[99.94864,8.43306],[99.94864,8.43289],[99.94875,8.43289],[99.94875,8.43306],[99.94864,8.43306]]]}},{"type":"Feature","id":"way/1259700314","properties":{"id":"way/1259700314","name":"5 Star Chicken","building":"yes","amenity":"fast_food","_elevM":10,"_bbox":[99.9481076,8.4330672,99.9481647,8.433112]},"geometry":{"type":"Polygon","coordinates":[[[99.94811,8.43311],[99.94811,8.43307],[99.94816,8.43307],[99.94816,8.43311],[99.94811,8.43311]]]}},{"type":"Feature","id":"way/1259700315","properties":{"id":"way/1259700315","name":"7-Eleven","building":"yes","shop":"convenience","_elevM":10,"_bbox":[99.9480129,8.4327238,99.9481741,8.4329894]},"geometry":{"type":"Polygon","coordinates":[[[99.94803,8.43299],[99.94801,8.43273],[99.94816,8.43272],[99.94817,8.43298],[99.94803,8.43299]]]}},{"type":"Feature","id":"way/1327565349","properties":{"id":"way/1327565349","building":"yes","_elevM":10,"_bbox":[99.9698784,8.3990765,99.9701658,8.3993134]},"geometry":{"type":"Polygon","coordinates":[[[99.96988,8.39926],[99.96992,8.39908],[99.97008,8.39911],[99.97007,8.39917],[99.97017,8.39919],[99.97014,8.39931],[99.96988,8.39926]]]}},{"type":"Feature","id":"way/1327565949","properties":{"id":"way/1327565949","building":"yes","_elevM":10,"_bbox":[99.9680627,8.3986591,99.9682147,8.3987939]},"geometry":{"type":"Polygon","coordinates":[[[99.96807,8.39866],[99.96821,8.39867],[99.9682,8.39879],[99.96806,8.39878],[99.96807,8.39866]]]}},{"type":"Feature","id":"way/1327828298","properties":{"id":"way/1327828298","building":"yes","_elevM":10,"_bbox":[99.9648508,8.4209917,99.9650329,8.4211669]},"geometry":{"type":"Polygon","coordinates":[[[99.96485,8.42113],[99.96487,8.42099],[99.96503,8.42103],[99.96501,8.42117],[99.96485,8.42113]]]}},{"type":"Feature","id":"way/1351988349","properties":{"id":"way/1351988349","name":"Yummy to my Tummy","building":"yes","amenity":"restaurant","_elevM":10,"_bbox":[99.9649418,8.4202667,99.9650632,8.4204055]},"geometry":{"type":"Polygon","coordinates":[[[99.96494,8.42039],[99.96495,8.42027],[99.96506,8.42027],[99.96505,8.42041],[99.96494,8.42039]]]}},{"type":"Feature","id":"way/1427655346","properties":{"id":"way/1427655346","building":"yes","mnType":"hospital","_elevM":18,"_bbox":[99.9671139,8.4556848,99.9685344,8.4562008]},"geometry":{"type":"Polygon","coordinates":[[[99.96711,8.45584],[99.96715,8.45576],[99.96724,8.45571],[99.96737,8.45571],[99.96738,8.45568],[99.96763,8.45576],[99.96791,8.45584],[99.9679,8.45587],[99.96806,8.45591],[99.96807,8.45589],[99.96853,8.456],[99.96844,8.4562],[99.96794,8.45607],[99.96795,8.45603],[99.96761,8.45594],[99.96753,8.456],[99.96711,8.45584]]]}},{"type":"Feature","id":"way/1427658651","properties":{"id":"way/1427658651","building":"yes","_elevM":10,"_bbox":[99.9590071,8.4192796,99.9591668,8.4194376]},"geometry":{"type":"Polygon","coordinates":[[[99.95901,8.41941],[99.95903,8.41928],[99.95917,8.41932],[99.95914,8.41944],[99.95901,8.41941]]]}},{"type":"Feature","id":"way/1428461180","properties":{"id":"way/1428461180","building":"terrace","_elevM":10,"_bbox":[99.9676833,8.4074081,99.9679522,8.4076768]},"geometry":{"type":"Polygon","coordinates":[[[99.96768,8.40758],[99.96773,8.40741],[99.96795,8.40745],[99.96792,8.40758],[99.96793,8.40767],[99.96786,8.40768],[99.96768,8.40758]]]}},{"type":"Feature","id":"way/1442773704","properties":{"id":"way/1442773704","building":"yes","_elevM":10,"_bbox":[99.9630089,8.4404229,99.9636445,8.4418672]},"geometry":{"type":"Polygon","coordinates":[[[99.96301,8.4418],[99.96326,8.44042],[99.96364,8.44049],[99.96339,8.44187],[99.96301,8.4418]]]}},{"type":"Feature","id":"way/1442773706","properties":{"id":"way/1442773706","building":"yes","_elevM":10,"_bbox":[99.9627979,8.4568777,99.9644999,8.4578697]},"geometry":{"type":"Polygon","coordinates":[[[99.96303,8.45714],[99.96309,8.45688],[99.9645,8.45729],[99.96435,8.45784],[99.96421,8.45787],[99.96323,8.45763],[99.96318,8.45756],[99.9628,8.45746],[99.96289,8.45712],[99.96303,8.45714]]]}},{"type":"Feature","id":"way/1442773707","properties":{"id":"way/1442773707","building":"yes","_elevM":10,"_bbox":[99.9646277,8.4572674,99.9650918,8.4574828]},"geometry":{"type":"Polygon","coordinates":[[[99.96463,8.45737],[99.96465,8.45727],[99.96509,8.45738],[99.96506,8.45748],[99.96463,8.45737]]]}},{"type":"Feature","id":"way/1442773708","properties":{"id":"way/1442773708","building":"yes","_elevM":10,"_bbox":[99.9645638,8.4574413,99.9650278,8.4576567]},"geometry":{"type":"Polygon","coordinates":[[[99.96456,8.45754],[99.96459,8.45744],[99.96503,8.45756],[99.965,8.45766],[99.96456,8.45754]]]}},{"type":"Feature","id":"way/1442773709","properties":{"id":"way/1442773709","building":"yes","_elevM":10,"_bbox":[99.9651248,8.4575843,99.9655888,8.4577997]},"geometry":{"type":"Polygon","coordinates":[[[99.96512,8.45769],[99.96515,8.45758],[99.96559,8.4577],[99.96556,8.4578],[99.96512,8.45769]]]}},{"type":"Feature","id":"way/1442773710","properties":{"id":"way/1442773710","building":"yes","_elevM":10,"_bbox":[99.9649903,8.4579934,99.9653818,8.4581774]},"geometry":{"type":"Polygon","coordinates":[[[99.96499,8.45808],[99.96501,8.45799],[99.96538,8.45809],[99.96536,8.45818],[99.96499,8.45808]]]}},{"type":"Feature","id":"way/1442773711","properties":{"id":"way/1442773711","building":"yes","_elevM":10,"_bbox":[99.9645287,8.4578602,99.964905,8.4580511]},"geometry":{"type":"Polygon","coordinates":[[[99.96453,8.45795],[99.96456,8.45786],[99.96491,8.45796],[99.96488,8.45805],[99.96453,8.45795]]]}},{"type":"Feature","id":"way/1442773715","properties":{"id":"way/1442773715","building":"yes","_elevM":10,"_bbox":[99.9730756,8.4239387,99.9734947,8.4244054]},"geometry":{"type":"Polygon","coordinates":[[[99.97308,8.42431],[99.97319,8.42394],[99.97349,8.42403],[99.97338,8.42441],[99.97308,8.42431]]]}},{"type":"Feature","id":"way/1442773716","properties":{"id":"way/1442773716","building":"yes","_elevM":10,"_bbox":[99.9733632,8.4237395,99.9735212,8.42388]},"geometry":{"type":"Polygon","coordinates":[[[99.97336,8.42385],[99.97339,8.42374],[99.97352,8.42377],[99.97349,8.42388],[99.97336,8.42385]]]}},{"type":"Feature","id":"way/1442773717","properties":{"id":"way/1442773717","building":"yes","_elevM":10,"_bbox":[99.9733054,8.4232954,99.97358,8.4234901]},"geometry":{"type":"Polygon","coordinates":[[[99.97331,8.42343],[99.97334,8.4233],[99.97358,8.42336],[99.97354,8.42349],[99.97331,8.42343]]]}},{"type":"Feature","id":"way/1442773718","properties":{"id":"way/1442773718","building":"yes","_elevM":10,"_bbox":[99.9732776,8.4237259,99.9733127,8.423796]},"geometry":{"type":"Polygon","coordinates":[[[99.97328,8.42379],[99.97329,8.42373],[99.97331,8.42373],[99.9733,8.4238],[99.97328,8.42379]]]}},{"type":"Feature","id":"way/1442773719","properties":{"id":"way/1442773719","building":"yes","_elevM":10,"_bbox":[99.9736688,8.4235139,99.9738489,8.4236854]},"geometry":{"type":"Polygon","coordinates":[[[99.97367,8.42365],[99.97371,8.42351],[99.97385,8.42355],[99.97381,8.42369],[99.97367,8.42365]]]}},{"type":"Feature","id":"way/1442773720","properties":{"id":"way/1442773720","building":"yes","_elevM":10,"_bbox":[99.9736112,8.424112,99.9739881,8.4243571]},"geometry":{"type":"Polygon","coordinates":[[[99.97361,8.42425],[99.97366,8.42411],[99.97399,8.42422],[99.97394,8.42436],[99.97361,8.42425]]]}},{"type":"Feature","id":"way/1442773721","properties":{"id":"way/1442773721","building":"yes","_elevM":10,"_bbox":[99.9739858,8.4242455,99.9743627,8.4244906]},"geometry":{"type":"Polygon","coordinates":[[[99.97399,8.42438],[99.97403,8.42425],[99.97436,8.42436],[99.97432,8.42449],[99.97399,8.42438]]]}},{"type":"Feature","id":"way/1442773722","properties":{"id":"way/1442773722","building":"yes","_elevM":10,"_bbox":[99.9743679,8.4243709,99.9747449,8.424616]},"geometry":{"type":"Polygon","coordinates":[[[99.97437,8.4245],[99.97441,8.42437],[99.97474,8.42448],[99.9747,8.42462],[99.97437,8.4245]]]}},{"type":"Feature","id":"way/1442773723","properties":{"id":"way/1442773723","building":"yes","_elevM":10,"_bbox":[99.9747548,8.4245011,99.9751317,8.4247462]},"geometry":{"type":"Polygon","coordinates":[[[99.97475,8.42463],[99.9748,8.4245],[99.97513,8.42461],[99.97509,8.42475],[99.97475,8.42463]]]}},{"type":"Feature","id":"way/1442773724","properties":{"id":"way/1442773724","building":"yes","_elevM":10,"_bbox":[99.9738463,8.423535,99.9742232,8.42378]},"geometry":{"type":"Polygon","coordinates":[[[99.97385,8.42367],[99.97389,8.42353],[99.97422,8.42365],[99.97418,8.42378],[99.97385,8.42367]]]}},{"type":"Feature","id":"way/1442773725","properties":{"id":"way/1442773725","building":"yes","_elevM":10,"_bbox":[99.9741999,8.4236573,99.9745768,8.4239024]},"geometry":{"type":"Polygon","coordinates":[[[99.9742,8.42379],[99.97425,8.42366],[99.97458,8.42377],[99.97453,8.4239],[99.9742,8.42379]]]}},{"type":"Feature","id":"way/1442773726","properties":{"id":"way/1442773726","building":"yes","_elevM":10,"_bbox":[99.9745677,8.4237765,99.9749446,8.4240216]},"geometry":{"type":"Polygon","coordinates":[[[99.97457,8.42391],[99.97461,8.42378],[99.97494,8.42389],[99.9749,8.42402],[99.97457,8.42391]]]}},{"type":"Feature","id":"way/1442773727","properties":{"id":"way/1442773727","building":"yes","_elevM":10,"_bbox":[99.9749498,8.4238988,99.9753268,8.4241439]},"geometry":{"type":"Polygon","coordinates":[[[99.97495,8.42403],[99.975,8.4239],[99.97533,8.42401],[99.97528,8.42414],[99.97495,8.42403]]]}},{"type":"Feature","id":"way/1442773728","properties":{"id":"way/1442773728","building":"yes","_elevM":10,"_bbox":[99.975443,8.4240708,99.97582,8.4243159]},"geometry":{"type":"Polygon","coordinates":[[[99.97544,8.4242],[99.97549,8.42407],[99.97582,8.42418],[99.97577,8.42432],[99.97544,8.4242]]]}},{"type":"Feature","id":"way/1442773729","properties":{"id":"way/1442773729","building":"yes","_elevM":10,"_bbox":[99.9758616,8.4242117,99.9762385,8.4244568]},"geometry":{"type":"Polygon","coordinates":[[[99.97586,8.42434],[99.97591,8.42421],[99.97624,8.42432],[99.97619,8.42446],[99.97586,8.42434]]]}},{"type":"Feature","id":"way/1442773730","properties":{"id":"way/1442773730","building":"yes","_elevM":10,"_bbox":[99.9762716,8.4243504,99.9766485,8.4245955]},"geometry":{"type":"Polygon","coordinates":[[[99.97627,8.42448],[99.97632,8.42435],[99.97665,8.42446],[99.9766,8.4246],[99.97627,8.42448]]]}},{"type":"Feature","id":"way/1442773731","properties":{"id":"way/1442773731","building":"yes","_elevM":10,"_bbox":[99.97521,8.4248178,99.9755869,8.4250629]},"geometry":{"type":"Polygon","coordinates":[[[99.97521,8.42495],[99.97526,8.42482],[99.97559,8.42493],[99.97554,8.42506],[99.97521,8.42495]]]}},{"type":"Feature","id":"way/1442773732","properties":{"id":"way/1442773732","building":"yes","_elevM":10,"_bbox":[99.9755984,8.4249438,99.9759753,8.4251889]},"geometry":{"type":"Polygon","coordinates":[[[99.9756,8.42508],[99.97564,8.42494],[99.97598,8.42506],[99.97593,8.42519],[99.9756,8.42508]]]}},{"type":"Feature","id":"way/1442773733","properties":{"id":"way/1442773733","building":"yes","_elevM":10,"_bbox":[99.9759825,8.4250782,99.9763594,8.4253233]},"geometry":{"type":"Polygon","coordinates":[[[99.97598,8.42521],[99.97603,8.42508],[99.97636,8.42519],[99.97631,8.42532],[99.97598,8.42521]]]}},{"type":"Feature","id":"way/1442773734","properties":{"id":"way/1442773734","building":"yes","_elevM":10,"_bbox":[99.9753578,8.4245302,99.9756298,8.4247216]},"geometry":{"type":"Polygon","coordinates":[[[99.97536,8.42464],[99.9754,8.42453],[99.97563,8.42461],[99.97559,8.42472],[99.97536,8.42464]]]}},{"type":"Feature","id":"way/1442773735","properties":{"id":"way/1442773735","building":"yes","_elevM":10,"_bbox":[99.9733599,8.4230437,99.9736707,8.4232115]},"geometry":{"type":"Polygon","coordinates":[[[99.97336,8.42314],[99.97338,8.42304],[99.97367,8.42312],[99.97365,8.42321],[99.97336,8.42314]]]}},{"type":"Feature","id":"way/1442798960","properties":{"id":"way/1442798960","building":"yes","_elevM":10,"_bbox":[99.9677367,8.4092371,99.967879,8.4093883]},"geometry":{"type":"Polygon","coordinates":[[[99.96774,8.40937],[99.96775,8.40924],[99.96788,8.40925],[99.96786,8.40939],[99.96774,8.40937]]]}},{"type":"Feature","id":"way/1442798961","properties":{"id":"way/1442798961","building":"yes","_elevM":10,"_bbox":[99.9678701,8.4094205,99.9680302,8.4095165]},"geometry":{"type":"Polygon","coordinates":[[[99.96787,8.40949],[99.96788,8.40942],[99.96803,8.40945],[99.96802,8.40952],[99.96787,8.40949]]]}},{"type":"Feature","id":"way/1442798962","properties":{"id":"way/1442798962","building":"yes","_elevM":10,"_bbox":[99.9673034,8.4096231,99.9674873,8.4097279]},"geometry":{"type":"Polygon","coordinates":[[[99.9673,8.40968],[99.96732,8.40962],[99.96749,8.40967],[99.96747,8.40973],[99.9673,8.40968]]]}},{"type":"Feature","id":"way/1442798963","properties":{"id":"way/1442798963","building":"yes","_elevM":10,"_bbox":[99.9673136,8.4093468,99.9676218,8.4094876]},"geometry":{"type":"Polygon","coordinates":[[[99.96762,8.40937],[99.96761,8.40949],[99.96731,8.40947],[99.96732,8.40935],[99.96762,8.40937]]]}},{"type":"Feature","id":"way/1442798964","properties":{"id":"way/1442798964","building":"yes","_elevM":10,"_bbox":[99.9675381,8.4095224,99.9677022,8.4096991]},"geometry":{"type":"Polygon","coordinates":[[[99.96754,8.40966],[99.96755,8.40955],[99.96758,8.40952],[99.9677,8.40954],[99.96768,8.4097],[99.96755,8.40968],[99.96754,8.40966]]]}},{"type":"Feature","id":"way/1442798967","properties":{"id":"way/1442798967","building":"yes","_elevM":10,"_bbox":[99.9664599,8.4091943,99.9665162,8.4092504]},"geometry":{"type":"Polygon","coordinates":[[[99.96646,8.40924],[99.96647,8.40919],[99.96652,8.40921],[99.9665,8.40925],[99.96646,8.40924]]]}},{"type":"Feature","id":"way/1442798968","properties":{"id":"way/1442798968","building":"yes","_elevM":10,"_bbox":[99.9663579,8.4093329,99.9665636,8.4095888]},"geometry":{"type":"Polygon","coordinates":[[[99.96636,8.40956],[99.9664,8.40933],[99.96656,8.40936],[99.96652,8.40959],[99.96636,8.40956]]]}},{"type":"Feature","id":"way/1442798969","properties":{"id":"way/1442798969","building":"yes","_elevM":10,"_bbox":[99.9665125,8.4091838,99.9665996,8.4093345]},"geometry":{"type":"Polygon","coordinates":[[[99.96651,8.40932],[99.96654,8.40918],[99.9666,8.4092],[99.96657,8.40933],[99.96651,8.40932]]]}},{"type":"Feature","id":"way/1442798970","properties":{"id":"way/1442798970","building":"yes","_elevM":10,"_bbox":[99.9665568,8.409038,99.9666439,8.4091887]},"geometry":{"type":"Polygon","coordinates":[[[99.96656,8.40918],[99.96659,8.40904],[99.96664,8.40905],[99.96662,8.40919],[99.96656,8.40918]]]}},{"type":"Feature","id":"way/1442798971","properties":{"id":"way/1442798971","building":"yes","_elevM":10,"_bbox":[99.9664558,8.4089204,99.9665185,8.4090277]},"geometry":{"type":"Polygon","coordinates":[[[99.96646,8.40902],[99.96648,8.40892],[99.96652,8.40893],[99.9665,8.40903],[99.96646,8.40902]]]}},{"type":"Feature","id":"way/1442798972","properties":{"id":"way/1442798972","building":"yes","_elevM":10,"_bbox":[99.9665115,8.4088795,99.9666721,8.4090337]},"geometry":{"type":"Polygon","coordinates":[[[99.96651,8.40901],[99.96654,8.40888],[99.96667,8.4089],[99.96665,8.40903],[99.96651,8.40901]]]}},{"type":"Feature","id":"way/1442798973","properties":{"id":"way/1442798973","building":"yes","_elevM":10,"_bbox":[99.9662062,8.4086635,99.9663308,8.4087669]},"geometry":{"type":"Polygon","coordinates":[[[99.96627,8.40873],[99.96621,8.40872],[99.96622,8.40866],[99.96633,8.40868],[99.96632,8.40877],[99.96627,8.40876],[99.96627,8.40873]]]}},{"type":"Feature","id":"way/1442798974","properties":{"id":"way/1442798974","building":"yes","_elevM":10,"_bbox":[99.9662981,8.4087984,99.9663487,8.4088512]},"geometry":{"type":"Polygon","coordinates":[[[99.9663,8.40884],[99.96631,8.4088],[99.96635,8.40881],[99.96634,8.40885],[99.9663,8.40884]]]}},{"type":"Feature","id":"way/1442798976","properties":{"id":"way/1442798976","building":"yes","_elevM":10,"_bbox":[99.9647854,8.4126802,99.9650586,8.4128099]},"geometry":{"type":"Polygon","coordinates":[[[99.96479,8.41279],[99.9648,8.41268],[99.96506,8.4127],[99.96505,8.41281],[99.96479,8.41279]]]}},{"type":"Feature","id":"way/1442798977","properties":{"id":"way/1442798977","building":"yes","_elevM":10,"_bbox":[99.9643597,8.4123984,99.9645223,8.4124975]},"geometry":{"type":"Polygon","coordinates":[[[99.96436,8.41248],[99.96437,8.4124],[99.96452,8.41242],[99.96451,8.4125],[99.96436,8.41248]]]}},{"type":"Feature","id":"way/1442798978","properties":{"id":"way/1442798978","building":"yes","_elevM":10,"_bbox":[99.9643726,8.412307,99.9645353,8.412406]},"geometry":{"type":"Polygon","coordinates":[[[99.96437,8.41239],[99.96438,8.41231],[99.96454,8.41232],[99.96453,8.41241],[99.96437,8.41239]]]}},{"type":"Feature","id":"way/1442798979","properties":{"id":"way/1442798979","building":"yes","_elevM":10,"_bbox":[99.9643917,8.4121922,99.9645544,8.4122913]},"geometry":{"type":"Polygon","coordinates":[[[99.96439,8.41227],[99.9644,8.41219],[99.96455,8.41221],[99.96455,8.41229],[99.96439,8.41227]]]}},{"type":"Feature","id":"way/1442798980","properties":{"id":"way/1442798980","building":"yes","_elevM":10,"_bbox":[99.9652595,8.4125184,99.9653602,8.4125982]},"geometry":{"type":"Polygon","coordinates":[[[99.96526,8.41259],[99.96527,8.41252],[99.96536,8.41253],[99.96535,8.4126],[99.96526,8.41259]]]}},{"type":"Feature","id":"way/1442798981","properties":{"id":"way/1442798981","building":"yes","_elevM":10,"_bbox":[99.9650881,8.4126015,99.9653501,8.4128217]},"geometry":{"type":"Polygon","coordinates":[[[99.96509,8.4128],[99.9651,8.4126],[99.96535,8.41262],[99.96533,8.41282],[99.96509,8.4128]]]}},{"type":"Feature","id":"way/1442798982","properties":{"id":"way/1442798982","building":"yes","_elevM":10,"_bbox":[99.9645463,8.4122924,99.9648062,8.4125583]},"geometry":{"type":"Polygon","coordinates":[[[99.96455,8.41255],[99.96457,8.41229],[99.96481,8.41231],[99.9648,8.41243],[99.96468,8.41242],[99.96467,8.41256],[99.96455,8.41255]]]}},{"type":"Feature","id":"way/1442798983","properties":{"id":"way/1442798983","building":"yes","_elevM":10,"_bbox":[99.9648115,8.4120745,99.9649782,8.4124238]},"geometry":{"type":"Polygon","coordinates":[[[99.96481,8.41242],[99.96484,8.41207],[99.96495,8.41208],[99.96494,8.41218],[99.96498,8.41218],[99.96497,8.41229],[99.96493,8.41228],[99.96492,8.41242],[99.96481,8.41242]]]}},{"type":"Feature","id":"way/1442798984","properties":{"id":"way/1442798984","building":"yes","_elevM":10,"_bbox":[99.9644094,8.4120258,99.9648203,8.4122839]},"geometry":{"type":"Polygon","coordinates":[[[99.96441,8.41216],[99.96441,8.41208],[99.96448,8.41209],[99.96448,8.41203],[99.9646,8.41203],[99.9646,8.41209],[99.9647,8.41209],[99.9647,8.41205],[99.96482,8.41206],[99.9648,8.41228],[99.96458,8.41227],[99.96459,8.41217],[99.96441,8.41216]]]}},{"type":"Feature","id":"way/1442798986","properties":{"id":"way/1442798986","building":"yes","_elevM":10,"_bbox":[99.9649817,8.412042,99.9650981,8.4120943]},"geometry":{"type":"Polygon","coordinates":[[[99.96498,8.41209],[99.96498,8.41204],[99.9651,8.41205],[99.96509,8.41209],[99.96498,8.41209]]]}},{"type":"Feature","id":"way/1442798987","properties":{"id":"way/1442798987","building":"yes","_elevM":10,"_bbox":[99.9662459,8.4096934,99.9663817,8.4097884]},"geometry":{"type":"Polygon","coordinates":[[[99.96625,8.40977],[99.96626,8.40969],[99.96638,8.40971],[99.96637,8.40979],[99.96625,8.40977]]]}},{"type":"Feature","id":"way/1442798988","properties":{"id":"way/1442798988","building":"yes","mnType":"temple","_elevM":28,"_bbox":[99.9669263,8.4134275,99.9674044,8.4139053]},"geometry":{"type":"Polygon","coordinates":[[[99.96693,8.41371],[99.96696,8.41343],[99.9674,8.41344],[99.96739,8.4137],[99.96733,8.41391],[99.96702,8.41385],[99.96703,8.41373],[99.96693,8.41371]]]}},{"type":"Feature","id":"way/1442798989","properties":{"id":"way/1442798989","building":"yes","mnType":"temple","_elevM":28,"_bbox":[99.9664625,8.4137623,99.967276,8.4140986]},"geometry":{"type":"Polygon","coordinates":[[[99.96646,8.41393],[99.9665,8.41376],[99.96728,8.41393],[99.96724,8.4141],[99.96646,8.41393]]]}},{"type":"Feature","id":"way/1442798990","properties":{"id":"way/1442798990","building":"yes","mnType":"temple","_elevM":28,"_bbox":[99.9665356,8.4136203,99.9668915,8.413785]},"geometry":{"type":"Polygon","coordinates":[[[99.96654,8.41372],[99.96655,8.41362],[99.96689,8.41368],[99.96687,8.41379],[99.96654,8.41372]]]}},{"type":"Feature","id":"way/1442798992","properties":{"id":"way/1442798992","building":"yes","_elevM":10,"_bbox":[99.9674496,8.4178012,99.9677212,8.4184792]},"geometry":{"type":"Polygon","coordinates":[[[99.96745,8.41845],[99.96761,8.4178],[99.96772,8.41783],[99.96756,8.41848],[99.96745,8.41845]]]}},{"type":"Feature","id":"way/1442798993","properties":{"id":"way/1442798993","building":"yes","_elevM":10,"_bbox":[99.9640509,8.4268022,99.9642236,8.4269725]},"geometry":{"type":"Polygon","coordinates":[[[99.96405,8.42694],[99.96408,8.4268],[99.96422,8.42683],[99.96419,8.42697],[99.96405,8.42694]]]}},{"type":"Feature","id":"way/1442798994","properties":{"id":"way/1442798994","building":"yes","_elevM":10,"_bbox":[99.963761,8.426615,99.9639337,8.4267854]},"geometry":{"type":"Polygon","coordinates":[[[99.96376,8.42675],[99.96379,8.42661],[99.96393,8.42665],[99.9639,8.42679],[99.96376,8.42675]]]}},{"type":"Feature","id":"way/1442798995","properties":{"id":"way/1442798995","building":"yes","_elevM":10,"_bbox":[99.9637167,8.4270057,99.9638849,8.4271715]},"geometry":{"type":"Polygon","coordinates":[[[99.96372,8.42715],[99.96374,8.42701],[99.96388,8.42703],[99.96386,8.42717],[99.96372,8.42715]]]}},{"type":"Feature","id":"way/1442798996","properties":{"id":"way/1442798996","building":"yes","_elevM":10,"_bbox":[99.9638209,8.4274168,99.9638799,8.4274563]},"geometry":{"type":"Polygon","coordinates":[[[99.96382,8.42745],[99.96383,8.42742],[99.96388,8.42743],[99.96387,8.42746],[99.96382,8.42745]]]}},{"type":"Feature","id":"way/1442799001","properties":{"id":"way/1442799001","building":"yes","_elevM":10,"_bbox":[99.960774,8.4471229,99.9610461,8.4472736]},"geometry":{"type":"Polygon","coordinates":[[[99.96077,8.44726],[99.96078,8.44712],[99.96105,8.44714],[99.96104,8.44727],[99.96077,8.44726]]]}},{"type":"Feature","id":"way/1442799002","properties":{"id":"way/1442799002","building":"yes","_elevM":10,"_bbox":[99.9610858,8.4470903,99.961358,8.4472409]},"geometry":{"type":"Polygon","coordinates":[[[99.96109,8.44723],[99.96109,8.44709],[99.96136,8.4471],[99.96135,8.44724],[99.96109,8.44723]]]}},{"type":"Feature","id":"way/1442799003","properties":{"id":"way/1442799003","building":"yes","_elevM":10,"_bbox":[99.9613912,8.447101,99.9616083,8.4472594]},"geometry":{"type":"Polygon","coordinates":[[[99.96139,8.44725],[99.9614,8.4471],[99.96161,8.44711],[99.9616,8.44726],[99.96139,8.44725]]]}},{"type":"Feature","id":"way/1442799004","properties":{"id":"way/1442799004","building":"yes","_elevM":10,"_bbox":[99.9616972,8.4471049,99.9618255,8.4472943]},"geometry":{"type":"Polygon","coordinates":[[[99.9617,8.44729],[99.9617,8.44711],[99.96182,8.4471],[99.96183,8.44729],[99.9617,8.44729]]]}},{"type":"Feature","id":"way/1442799005","properties":{"id":"way/1442799005","building":"yes","_elevM":10,"_bbox":[99.9616966,8.4474918,99.9618387,8.447698]},"geometry":{"type":"Polygon","coordinates":[[[99.9617,8.4477],[99.9617,8.44749],[99.96183,8.44749],[99.96184,8.4477],[99.9617,8.4477]]]}},{"type":"Feature","id":"way/1442799006","properties":{"id":"way/1442799006","building":"yes","_elevM":10,"_bbox":[99.9617152,8.4473503,99.9618249,8.4474467]},"geometry":{"type":"Polygon","coordinates":[[[99.96172,8.44744],[99.96172,8.44735],[99.96182,8.44735],[99.96182,8.44745],[99.96172,8.44744]]]}},{"type":"Feature","id":"way/1442799007","properties":{"id":"way/1442799007","building":"yes","_elevM":10,"_bbox":[99.9615109,8.4476694,99.9616062,8.4477464]},"geometry":{"type":"Polygon","coordinates":[[[99.96151,8.44775],[99.96151,8.44767],[99.9616,8.44767],[99.96161,8.44774],[99.96151,8.44775]]]}},{"type":"Feature","id":"way/1442799008","properties":{"id":"way/1442799008","building":"yes","_elevM":10,"_bbox":[99.9613204,8.4481008,99.9616313,8.4482666]},"geometry":{"type":"Polygon","coordinates":[[[99.96132,8.44825],[99.96133,8.4481],[99.96163,8.44812],[99.96162,8.44827],[99.96132,8.44825]]]}},{"type":"Feature","id":"way/1442799009","properties":{"id":"way/1442799009","building":"yes","_elevM":10,"_bbox":[99.9608624,8.4487655,99.9609222,8.4488211]},"geometry":{"type":"Polygon","coordinates":[[[99.96086,8.44882],[99.96087,8.44877],[99.96092,8.44877],[99.96092,8.44882],[99.96086,8.44882]]]}},{"type":"Feature","id":"way/1442799010","properties":{"id":"way/1442799010","building":"yes","_elevM":10,"_bbox":[99.9606372,8.4483476,99.9607985,8.4485622]},"geometry":{"type":"Polygon","coordinates":[[[99.96064,8.44854],[99.96067,8.44835],[99.9608,8.44837],[99.96077,8.44856],[99.96064,8.44854]]]}},{"type":"Feature","id":"way/1442799011","properties":{"id":"way/1442799011","building":"yes","_elevM":10,"_bbox":[99.960983,8.4482491,99.9616483,8.4484429]},"geometry":{"type":"Polygon","coordinates":[[[99.96098,8.44841],[99.96099,8.44825],[99.96165,8.44828],[99.96164,8.44844],[99.96098,8.44841]]]}},{"type":"Feature","id":"way/1442799012","properties":{"id":"way/1442799012","building":"yes","_elevM":10,"_bbox":[99.9610312,8.4479676,99.9613159,8.4480962]},"geometry":{"type":"Polygon","coordinates":[[[99.96103,8.44808],[99.96104,8.44797],[99.96132,8.44799],[99.96131,8.4481],[99.96103,8.44808]]]}},{"type":"Feature","id":"way/1442799013","properties":{"id":"way/1442799013","building":"yes","_elevM":10,"_bbox":[99.96066,8.4478313,99.9609172,8.4478875]},"geometry":{"type":"Polygon","coordinates":[[[99.96066,8.44789],[99.96066,8.44783],[99.96092,8.44783],[99.96092,8.44789],[99.96066,8.44789]]]}},{"type":"Feature","id":"way/1442799014","properties":{"id":"way/1442799014","building":"yes","_elevM":10,"_bbox":[99.961335,8.448786,99.9614891,8.4488576]},"geometry":{"type":"Polygon","coordinates":[[[99.96134,8.44884],[99.96134,8.44879],[99.96149,8.44881],[99.96148,8.44886],[99.96134,8.44884]]]}},{"type":"Feature","id":"way/1442799015","properties":{"id":"way/1442799015","building":"yes","_elevM":10,"_bbox":[99.9615592,8.4487227,99.96185,8.4490871]},"geometry":{"type":"Polygon","coordinates":[[[99.96156,8.44906],[99.9616,8.44872],[99.96185,8.44875],[99.96181,8.44909],[99.96156,8.44906]]]}},{"type":"Feature","id":"way/1442799016","properties":{"id":"way/1442799016","building":"yes","_elevM":10,"_bbox":[99.9615883,8.4491081,99.9618097,8.4492271]},"geometry":{"type":"Polygon","coordinates":[[[99.96159,8.4492],[99.9616,8.44911],[99.96181,8.44914],[99.9618,8.44923],[99.96159,8.4492]]]}},{"type":"Feature","id":"way/1442799017","properties":{"id":"way/1442799017","building":"yes","_elevM":10,"_bbox":[99.9613066,8.4490506,99.9614946,8.4491594]},"geometry":{"type":"Polygon","coordinates":[[[99.96131,8.44914],[99.96132,8.44905],[99.96149,8.44907],[99.96148,8.44916],[99.96131,8.44914]]]}},{"type":"Feature","id":"way/1442799019","properties":{"id":"way/1442799019","building":"yes","_elevM":10,"_bbox":[99.9603036,8.45054,99.9607324,8.4507238]},"geometry":{"type":"Polygon","coordinates":[[[99.9603,8.45065],[99.96032,8.45054],[99.96073,8.45062],[99.96071,8.45072],[99.9603,8.45065]]]}},{"type":"Feature","id":"way/1442799020","properties":{"id":"way/1442799020","building":"yes","_elevM":10,"_bbox":[99.9603299,8.4514012,99.9611314,8.4518589]},"geometry":{"type":"Polygon","coordinates":[[[99.96033,8.45164],[99.96036,8.4514],[99.96052,8.45142],[99.9605,8.45153],[99.96069,8.45156],[99.9607,8.45148],[99.9608,8.45149],[99.96079,8.45161],[99.961,8.45164],[99.96102,8.45152],[99.96113,8.45153],[99.9611,8.45174],[99.96078,8.45169],[99.96076,8.45186],[99.96065,8.45184],[99.96067,8.45168],[99.96033,8.45164]]]}},{"type":"Feature","id":"way/1442799021","properties":{"id":"way/1442799021","building":"yes","_elevM":10,"_bbox":[99.9608268,8.4505027,99.9613899,8.4506588]},"geometry":{"type":"Polygon","coordinates":[[[99.96083,8.45061],[99.96084,8.4505],[99.96139,8.45056],[99.96138,8.45066],[99.96083,8.45061]]]}},{"type":"Feature","id":"way/1442799022","properties":{"id":"way/1442799022","building":"yes","_elevM":10,"_bbox":[99.9610454,8.4507234,99.9613749,8.4508918]},"geometry":{"type":"Polygon","coordinates":[[[99.96105,8.45087],[99.96106,8.45072],[99.96137,8.45074],[99.96137,8.45089],[99.96105,8.45087]]]}},{"type":"Feature","id":"way/1442799023","properties":{"id":"way/1442799023","building":"yes","_elevM":10,"_bbox":[99.9613903,8.4506535,99.9617197,8.450822]},"geometry":{"type":"Polygon","coordinates":[[[99.96139,8.4508],[99.9614,8.45065],[99.96172,8.45067],[99.96171,8.45082],[99.96139,8.4508]]]}},{"type":"Feature","id":"way/1442799024","properties":{"id":"way/1442799024","building":"yes","_elevM":10,"_bbox":[99.9614947,8.4508387,99.9619906,8.451085]},"geometry":{"type":"Polygon","coordinates":[[[99.96149,8.45104],[99.96151,8.45084],[99.96199,8.45088],[99.96197,8.45109],[99.96149,8.45104]]]}},{"type":"Feature","id":"way/1442799025","properties":{"id":"way/1442799025","building":"yes","_elevM":10,"_bbox":[99.9609379,8.4509892,99.9610618,8.4511256]},"geometry":{"type":"Polygon","coordinates":[[[99.96094,8.45111],[99.96096,8.45099],[99.96106,8.45101],[99.96104,8.45113],[99.96094,8.45111]]]}},{"type":"Feature","id":"way/1442799026","properties":{"id":"way/1442799026","building":"yes","_elevM":10,"_bbox":[99.9601966,8.4510862,99.9603206,8.4512226]},"geometry":{"type":"Polygon","coordinates":[[[99.9602,8.45121],[99.96022,8.45109],[99.96032,8.4511],[99.9603,8.45122],[99.9602,8.45121]]]}},{"type":"Feature","id":"way/1442799027","properties":{"id":"way/1442799027","building":"yes","_elevM":10,"_bbox":[99.961466,8.4510714,99.9619472,8.4514255]},"geometry":{"type":"Polygon","coordinates":[[[99.96147,8.45139],[99.96149,8.45107],[99.96195,8.45113],[99.9619,8.45143],[99.96147,8.45139]]]}},{"type":"Feature","id":"way/1442799028","properties":{"id":"way/1442799028","building":"yes","_elevM":10,"_bbox":[99.9616,8.4516359,99.9617997,8.4517344]},"geometry":{"type":"Polygon","coordinates":[[[99.9616,8.45172],[99.96161,8.45164],[99.9618,8.45166],[99.96179,8.45173],[99.9616,8.45172]]]}},{"type":"Feature","id":"way/1442799029","properties":{"id":"way/1442799029","building":"yes","_elevM":10,"_bbox":[99.9611406,8.4516982,99.9617742,8.4521454]},"geometry":{"type":"Polygon","coordinates":[[[99.96114,8.45199],[99.96119,8.4517],[99.96177,8.45181],[99.9617,8.45215],[99.96114,8.45199]]]}},{"type":"Feature","id":"way/1442799030","properties":{"id":"way/1442799030","building":"yes","_elevM":10,"_bbox":[99.9601364,8.4516329,99.9602845,8.4517936]},"geometry":{"type":"Polygon","coordinates":[[[99.96014,8.45177],[99.96016,8.45163],[99.96028,8.45166],[99.96026,8.45179],[99.96014,8.45177]]]}},{"type":"Feature","id":"way/1442799031","properties":{"id":"way/1442799031","building":"yes","_elevM":10,"_bbox":[99.9602806,8.4517557,99.9606158,8.4519016]},"geometry":{"type":"Polygon","coordinates":[[[99.96028,8.45184],[99.9603,8.45176],[99.96062,8.45181],[99.9606,8.4519],[99.96028,8.45184]]]}},{"type":"Feature","id":"way/1442799032","properties":{"id":"way/1442799032","building":"yes","_elevM":10,"_bbox":[99.9607727,8.4517699,99.9610741,8.4519975]},"geometry":{"type":"Polygon","coordinates":[[[99.96077,8.45194],[99.96079,8.45184],[99.96084,8.45185],[99.96086,8.45177],[99.96104,8.45181],[99.96102,8.45189],[99.96107,8.4519],[99.96105,8.452],[99.96077,8.45194]]]}},{"type":"Feature","id":"way/1442803197","properties":{"id":"way/1442803197","building":"yes","_elevM":10,"_bbox":[99.9491527,8.4581329,99.9495201,8.4584962]},"geometry":{"type":"Polygon","coordinates":[[[99.94921,8.45819],[99.94926,8.45815],[99.94932,8.45813],[99.94938,8.45814],[99.94944,8.45816],[99.94948,8.4582],[99.94951,8.45826],[99.94952,8.45832],[99.94948,8.45842],[99.94944,8.45846],[99.94939,8.45849],[99.94927,8.45848],[99.94922,8.45846],[99.94918,8.45841],[99.94916,8.45836],[99.94915,8.4583],[99.94917,8.45824],[99.94921,8.45819]]]}},{"type":"Feature","id":"way/1442803198","properties":{"id":"way/1442803198","building":"yes","_elevM":10,"_bbox":[99.9512163,8.4580342,99.9515837,8.4583976]},"geometry":{"type":"Polygon","coordinates":[[[99.95127,8.45809],[99.95132,8.45805],[99.95138,8.45803],[99.95144,8.45804],[99.9515,8.45806],[99.95155,8.45811],[99.95158,8.45816],[99.95158,8.45822],[99.95157,8.45827],[99.95155,8.45833],[99.9515,8.45837],[99.95145,8.45839],[99.95139,8.4584],[99.95134,8.45839],[99.95128,8.45836],[99.95125,8.45832],[99.95122,8.45826],[99.95122,8.4582],[99.95123,8.45814],[99.95127,8.45809]]]}},{"type":"Feature","id":"way/1442803199","properties":{"id":"way/1442803199","building":"yes","_elevM":10,"_bbox":[99.953633,8.4585505,99.9540004,8.4589138]},"geometry":{"type":"Polygon","coordinates":[[[99.95369,8.4586],[99.95374,8.45857],[99.9538,8.45855],[99.95386,8.45855],[99.95392,8.45858],[99.95396,8.45862],[99.95399,8.45868],[99.954,8.45873],[99.95399,8.45879],[99.95396,8.45884],[99.95392,8.45888],[99.95387,8.45891],[99.95381,8.45891],[99.95375,8.4589],[99.9537,8.45887],[99.95366,8.45883],[99.95364,8.45877],[99.95363,8.45871],[99.95369,8.4586]]]}},{"type":"Feature","id":"way/1442803202","properties":{"id":"way/1442803202","building":"yes","_elevM":10,"_bbox":[99.9479197,8.4602035,99.9482871,8.4605669]},"geometry":{"type":"Polygon","coordinates":[[[99.94797,8.46026],[99.94802,8.46022],[99.94808,8.4602],[99.94815,8.46021],[99.9482,8.46023],[99.94825,8.46027],[99.94828,8.46033],[99.94829,8.46039],[99.94828,8.46044],[99.94825,8.46049],[99.94821,8.46053],[99.94815,8.46056],[99.9481,8.46057],[99.94804,8.46056],[99.94799,8.46053],[99.94795,8.46048],[99.94792,8.46043],[99.94792,8.46037],[99.94794,8.46031],[99.94797,8.46026]]]}},{"type":"Feature","id":"way/1442803209","properties":{"id":"way/1442803209","building":"yes","_elevM":10,"_bbox":[99.9449875,8.4634196,99.9455684,8.4637627]},"geometry":{"type":"Polygon","coordinates":[[[99.94499,8.46353],[99.94504,8.46342],[99.94557,8.46366],[99.94552,8.46376],[99.94499,8.46353]]]}},{"type":"Feature","id":"way/1442803210","properties":{"id":"way/1442803210","building":"yes","_elevM":10,"_bbox":[99.9443682,8.4631892,99.9445644,8.463361]},"geometry":{"type":"Polygon","coordinates":[[[99.94437,8.4633],[99.94441,8.46319],[99.94456,8.46325],[99.94452,8.46336],[99.94437,8.4633]]]}},{"type":"Feature","id":"way/1442803211","properties":{"id":"way/1442803211","building":"yes","_elevM":10,"_bbox":[99.9450032,8.4632163,99.9451216,8.4633735]},"geometry":{"type":"Polygon","coordinates":[[[99.945,8.46335],[99.94505,8.46322],[99.94512,8.46324],[99.94507,8.46337],[99.945,8.46335]]]}},{"type":"Feature","id":"way/1442803212","properties":{"id":"way/1442803212","building":"yes","_elevM":10,"_bbox":[99.9472233,8.4597581,99.9473042,8.4598386]},"geometry":{"type":"Polygon","coordinates":[[[99.94723,8.45978],[99.9473,8.45981],[99.94722,8.4598],[99.94723,8.45978]]]}},{"type":"Feature","id":"way/1442803214","properties":{"id":"way/1442803214","building":"yes","_elevM":10,"_bbox":[99.9470871,8.4594251,99.9471497,8.459487]},"geometry":{"type":"Polygon","coordinates":[[[99.94713,8.45943],[99.94711,8.45943],[99.94712,8.45943],[99.94713,8.45943]]]}},{"type":"Feature","id":"way/1442803218","properties":{"id":"way/1442803218","building":"yes","_elevM":10,"_bbox":[99.9477903,8.4600122,99.947831,8.4600561]},"geometry":{"type":"Polygon","coordinates":[[[99.94779,8.46004],[99.94783,8.46003],[99.94781,8.46006],[99.94779,8.46004]]]}},{"type":"Feature","id":"way/1442803219","properties":{"id":"way/1442803219","building":"yes","_elevM":10,"_bbox":[99.9476967,8.4598566,99.9477721,8.4599146]},"geometry":{"type":"Polygon","coordinates":[[[99.9477,8.45991],[99.9477,8.45987],[99.94777,8.45986],[99.94777,8.45991],[99.9477,8.45991]]]}},{"type":"Feature","id":"way/1442803220","properties":{"id":"way/1442803220","building":"yes","_elevM":10,"_bbox":[99.9476623,8.459687,99.9477127,8.4597277]},"geometry":{"type":"Polygon","coordinates":[[[99.94766,8.45972],[99.94767,8.45969],[99.94771,8.4597],[99.94771,8.45973],[99.94766,8.45972]]]}},{"type":"Feature","id":"way/1442803221","properties":{"id":"way/1442803221","building":"yes","_elevM":10,"_bbox":[99.9477708,8.4594791,99.9478212,8.4595197]},"geometry":{"type":"Polygon","coordinates":[[[99.94777,8.45951],[99.94778,8.45948],[99.94782,8.45949],[99.94782,8.45952],[99.94777,8.45951]]]}},{"type":"Feature","id":"way/1442803222","properties":{"id":"way/1442803222","building":"yes","_elevM":10,"_bbox":[99.9483111,8.4597644,99.9483527,8.4598155]},"geometry":{"type":"Polygon","coordinates":[[[99.94831,8.45981],[99.94833,8.45976],[99.94835,8.45977],[99.94833,8.45982],[99.94831,8.45981]]]}},{"type":"Feature","id":"way/1442803223","properties":{"id":"way/1442803223","building":"yes","_elevM":10,"_bbox":[99.9483349,8.4596775,99.9483955,8.45974]},"geometry":{"type":"Polygon","coordinates":[[[99.94833,8.45972],[99.94835,8.45968],[99.9484,8.45969],[99.94838,8.45974],[99.94833,8.45972]]]}},{"type":"Feature","id":"way/1442803224","properties":{"id":"way/1442803224","building":"yes","_elevM":10,"_bbox":[99.9483834,8.4595788,99.9484441,8.4596413]},"geometry":{"type":"Polygon","coordinates":[[[99.94838,8.45962],[99.9484,8.45958],[99.94844,8.4596],[99.94842,8.45964],[99.94838,8.45962]]]}},{"type":"Feature","id":"way/1442803225","properties":{"id":"way/1442803225","building":"yes","_elevM":10,"_bbox":[99.9484398,8.459481,99.9485005,8.4595435]},"geometry":{"type":"Polygon","coordinates":[[[99.94844,8.45953],[99.94846,8.45948],[99.9485,8.4595],[99.94848,8.45954],[99.94844,8.45953]]]}},{"type":"Feature","id":"way/1442803226","properties":{"id":"way/1442803226","building":"yes","_elevM":10,"_bbox":[99.9486146,8.4591462,99.9486753,8.4592087]},"geometry":{"type":"Polygon","coordinates":[[[99.94861,8.45919],[99.94863,8.45915],[99.94868,8.45916],[99.94866,8.45921],[99.94861,8.45919]]]}},{"type":"Feature","id":"way/1442803227","properties":{"id":"way/1442803227","building":"yes","_elevM":10,"_bbox":[99.9486905,8.459009,99.9487511,8.4590715]},"geometry":{"type":"Polygon","coordinates":[[[99.94869,8.45905],[99.94871,8.45901],[99.94875,8.45903],[99.94873,8.45907],[99.94869,8.45905]]]}},{"type":"Feature","id":"way/1442803228","properties":{"id":"way/1442803228","building":"yes","_elevM":10,"_bbox":[99.9487534,8.4588818,99.948814,8.4589443]},"geometry":{"type":"Polygon","coordinates":[[[99.94875,8.45893],[99.94877,8.45888],[99.94881,8.4589],[99.94879,8.45894],[99.94875,8.45893]]]}},{"type":"Feature","id":"way/1442803238","properties":{"id":"way/1442803238","building":"yes","_elevM":10,"_bbox":[99.9480761,8.4580846,99.9482976,8.4584424]},"geometry":{"type":"Polygon","coordinates":[[[99.94808,8.45841],[99.94823,8.45808],[99.9483,8.45811],[99.94814,8.45844],[99.94808,8.45841]]]}},{"type":"Feature","id":"way/1442803239","properties":{"id":"way/1442803239","building":"yes","_elevM":10,"_bbox":[99.9482957,8.4577274,99.9484783,8.4580145]},"geometry":{"type":"Polygon","coordinates":[[[99.9483,8.45799],[99.94844,8.45773],[99.94848,8.45775],[99.94834,8.45801],[99.9483,8.45799]]]}},{"type":"Feature","id":"way/1442803250","properties":{"id":"way/1442803250","building":"yes","_elevM":10,"_bbox":[99.9511875,8.4507369,99.9512514,8.451135]},"geometry":{"type":"Polygon","coordinates":[[[99.95122,8.4511],[99.95119,8.45114],[99.95122,8.45074],[99.95125,8.45078],[99.95122,8.4511]]]}},{"type":"Feature","id":"way/1442803251","properties":{"id":"way/1442803251","building":"yes","_elevM":10,"_bbox":[99.9512228,8.4507369,99.9516114,8.4508109]},"geometry":{"type":"Polygon","coordinates":[[[99.95125,8.45078],[99.95122,8.45074],[99.95161,8.45078],[99.95157,8.45081],[99.95125,8.45078]]]}},{"type":"Feature","id":"way/1442803252","properties":{"id":"way/1442803252","building":"yes","_elevM":10,"_bbox":[99.9515353,8.4507808,99.9516114,8.4511714]},"geometry":{"type":"Polygon","coordinates":[[[99.95154,8.45113],[99.95157,8.45081],[99.95161,8.45078],[99.95157,8.45117],[99.95154,8.45113]]]}},{"type":"Feature","id":"way/1442803253","properties":{"id":"way/1442803253","building":"yes","_elevM":10,"_bbox":[99.9511875,8.4511033,99.9515708,8.4511714]},"geometry":{"type":"Polygon","coordinates":[[[99.95119,8.45114],[99.95122,8.4511],[99.95154,8.45113],[99.95157,8.45117],[99.95119,8.45114]]]}},{"type":"Feature","id":"way/1442803254","properties":{"id":"way/1442803254","building":"yes","_elevM":10,"_bbox":[99.9512278,8.451198,99.951484,8.4513661]},"geometry":{"type":"Polygon","coordinates":[[[99.95123,8.45134],[99.95124,8.45122],[99.95134,8.45123],[99.9514,8.4512],[99.95139,8.45124],[99.95148,8.45125],[99.95147,8.45137],[99.95123,8.45134]]]}},{"type":"Feature","id":"way/1442803255","properties":{"id":"way/1442803255","building":"yes","_elevM":10,"_bbox":[99.9512777,8.4513619,99.9514077,8.4514288]},"geometry":{"type":"Polygon","coordinates":[[[99.95128,8.45142],[99.95128,8.45136],[99.95141,8.45137],[99.9514,8.45143],[99.95128,8.45142]]]}},{"type":"Feature","id":"way/1442803256","properties":{"id":"way/1442803256","building":"yes","_elevM":10,"_bbox":[99.9516484,8.4508655,99.9518171,8.4511181]},"geometry":{"type":"Polygon","coordinates":[[[99.95167,8.45087],[99.95179,8.45088],[99.95178,8.45098],[99.95182,8.45098],[99.95181,8.45103],[99.95178,8.45103],[99.95177,8.45112],[99.95165,8.45111],[99.95167,8.45087]]]}},{"type":"Feature","id":"way/1442803263","properties":{"id":"way/1442803263","building":"yes","_elevM":10,"_bbox":[99.9530198,8.4497201,99.9530946,8.4497938]},"geometry":{"type":"Polygon","coordinates":[[[99.95303,8.44974],[99.95302,8.44976],[99.95302,8.44975],[99.95303,8.44974]]]}},{"type":"Feature","id":"way/1442803264","properties":{"id":"way/1442803264","building":"yes","_elevM":10,"_bbox":[99.95096,8.4686616,99.9512047,8.4688397]},"geometry":{"type":"Polygon","coordinates":[[[99.95096,8.46882],[99.95097,8.46866],[99.9512,8.46868],[99.95119,8.46884],[99.95096,8.46882]]]}},{"type":"Feature","id":"way/1442803265","properties":{"id":"way/1442803265","building":"yes","_elevM":10,"_bbox":[99.9512631,8.4687026,99.9514351,8.4688721]},"geometry":{"type":"Polygon","coordinates":[[[99.95128,8.46874],[99.95135,8.4687],[99.95142,8.46874],[99.95143,8.46882],[99.95136,8.46887],[99.95129,8.46885],[99.95127,8.46877],[99.95128,8.46874]]]}},{"type":"Feature","id":"way/1442803266","properties":{"id":"way/1442803266","building":"yes","_elevM":10,"_bbox":[99.9515822,8.4688894,99.9516386,8.468945]},"geometry":{"type":"Polygon","coordinates":[[[99.95161,8.46889],[99.95159,8.4689],[99.9516,8.46889],[99.95161,8.46889]]]}},{"type":"Feature","id":"way/1442805215","properties":{"id":"way/1442805215","building":"yes","_elevM":10,"_bbox":[99.9218721,8.466557,99.9221167,8.4666927]},"geometry":{"type":"Polygon","coordinates":[[[99.92188,8.46669],[99.92187,8.46657],[99.92211,8.46656],[99.92212,8.46668],[99.92188,8.46669]]]}},{"type":"Feature","id":"way/1442805218","properties":{"id":"way/1442805218","building":"yes","_elevM":10,"_bbox":[99.9519486,8.4932307,99.9522559,8.4934893]},"geometry":{"type":"Polygon","coordinates":[[[99.95195,8.49345],[99.95198,8.49323],[99.95226,8.49327],[99.95223,8.49349],[99.95195,8.49345]]]}},{"type":"Feature","id":"way/1442805219","properties":{"id":"way/1442805219","building":"yes","_elevM":10,"_bbox":[99.9520243,8.4927837,99.9523316,8.4930423]},"geometry":{"type":"Polygon","coordinates":[[[99.95202,8.49301],[99.95205,8.49278],[99.95233,8.49282],[99.9523,8.49304],[99.95202,8.49301]]]}},{"type":"Feature","id":"way/1442805220","properties":{"id":"way/1442805220","building":"yes","_elevM":10,"_bbox":[99.9518687,8.4924943,99.9520427,8.4927229]},"geometry":{"type":"Polygon","coordinates":[[[99.95187,8.49271],[99.95189,8.49249],[99.95204,8.49251],[99.95202,8.49272],[99.95187,8.49271]]]}},{"type":"Feature","id":"way/1442805221","properties":{"id":"way/1442805221","building":"yes","_elevM":10,"_bbox":[99.9522009,8.4941088,99.9523204,8.4941642]},"geometry":{"type":"Polygon","coordinates":[[[99.9522,8.49416],[99.9522,8.49411],[99.95232,8.49411],[99.95232,8.49416],[99.9522,8.49416]]]}},{"type":"Feature","id":"way/1444224356","properties":{"id":"way/1444224356","building":"yes","mnType":"temple","_elevM":28,"_bbox":[99.9508229,8.3823516,99.9510115,8.3824783]},"geometry":{"type":"Polygon","coordinates":[[[99.95082,8.38246],[99.95083,8.38235],[99.95101,8.38237],[99.951,8.38248],[99.95082,8.38246]]]}},{"type":"Feature","id":"way/1444224357","properties":{"id":"way/1444224357","building":"yes","mnType":"temple","_elevM":28,"_bbox":[99.9507646,8.3826876,99.9509531,8.3828143]},"geometry":{"type":"Polygon","coordinates":[[[99.95076,8.3828],[99.95078,8.38269],[99.95095,8.38271],[99.95094,8.38281],[99.95076,8.3828]]]}},{"type":"Feature","id":"way/1444224358","properties":{"id":"way/1444224358","building":"yes","mnType":"temple","_elevM":28,"_bbox":[99.950752,8.3829267,99.9509405,8.3830533]},"geometry":{"type":"Polygon","coordinates":[[[99.95075,8.38304],[99.95076,8.38293],[99.95094,8.38294],[99.95093,8.38305],[99.95075,8.38304]]]}},{"type":"Feature","id":"way/1444224359","properties":{"id":"way/1444224359","building":"yes","mnType":"temple","_elevM":28,"_bbox":[99.9507596,8.3828146,99.9509481,8.3829413]},"geometry":{"type":"Polygon","coordinates":[[[99.95076,8.38292],[99.95077,8.38281],[99.95095,8.38283],[99.95094,8.38294],[99.95076,8.38292]]]}},{"type":"Feature","id":"way/1444224360","properties":{"id":"way/1444224360","building":"yes","mnType":"temple","_elevM":28,"_bbox":[99.9505079,8.3823172,99.9507626,8.3825059]},"geometry":{"type":"Polygon","coordinates":[[[99.95051,8.38247],[99.95053,8.38232],[99.95076,8.38235],[99.95074,8.38251],[99.95051,8.38247]]]}},{"type":"Feature","id":"way/1444224361","properties":{"id":"way/1444224361","building":"yes","_elevM":10,"_bbox":[99.9510965,8.3829407,99.9512807,8.3831887]},"geometry":{"type":"Polygon","coordinates":[[[99.95125,8.38319],[99.9511,8.38317],[99.95112,8.38294],[99.95128,8.38296],[99.95125,8.38319]]]}},{"type":"Feature","id":"way/1444224363","properties":{"id":"way/1444224363","building":"yes","mnType":"temple","_elevM":28,"_bbox":[99.9507948,8.3821722,99.9509833,8.3822988]},"geometry":{"type":"Polygon","coordinates":[[[99.95079,8.38228],[99.95081,8.38217],[99.95098,8.38219],[99.95097,8.3823],[99.95079,8.38228]]]}},{"type":"Feature","id":"way/1444224364","properties":{"id":"way/1444224364","building":"yes","mnType":"temple","_elevM":28,"_bbox":[99.9505859,8.3821548,99.9507744,8.3822814]},"geometry":{"type":"Polygon","coordinates":[[[99.95059,8.38226],[99.9506,8.38215],[99.95077,8.38217],[99.95076,8.38228],[99.95059,8.38226]]]}},{"type":"Feature","id":"way/1444224365","properties":{"id":"way/1444224365","building":"yes","mnType":"temple","_elevM":28,"_bbox":[99.9506,8.3828664,99.9506938,8.3829359]},"geometry":{"type":"Polygon","coordinates":[[[99.9506,8.38293],[99.95061,8.38287],[99.95069,8.38287],[99.95069,8.38294],[99.9506,8.38293]]]}},{"type":"Feature","id":"way/1444224367","properties":{"id":"way/1444224367","building":"yes","mnType":"temple","_elevM":28,"_bbox":[99.9556497,8.3935576,99.9558433,8.3937627]},"geometry":{"type":"Polygon","coordinates":[[[99.9557,8.39376],[99.95565,8.3936],[99.95579,8.39356],[99.95584,8.39372],[99.9557,8.39376]]]}},{"type":"Feature","id":"way/1444224368","properties":{"id":"way/1444224368","building":"yes","mnType":"temple","_elevM":28,"_bbox":[99.9555685,8.3934308,99.9556948,8.3935802]},"geometry":{"type":"Polygon","coordinates":[[[99.95559,8.39358],[99.95557,8.39345],[99.95567,8.39343],[99.95569,8.39356],[99.95559,8.39358]]]}},{"type":"Feature","id":"way/1444224369","properties":{"id":"way/1444224369","building":"yes","mnType":"temple","_elevM":28,"_bbox":[99.9559064,8.3932152,99.9562253,8.3935557]},"geometry":{"type":"Polygon","coordinates":[[[99.95595,8.39356],[99.95591,8.39325],[99.95618,8.39322],[99.95623,8.39352],[99.95595,8.39356]]]}},{"type":"Feature","id":"way/1444224370","properties":{"id":"way/1444224370","building":"yes","mnType":"temple","_elevM":28,"_bbox":[99.9556666,8.3930095,99.9557286,8.3930839]},"geometry":{"type":"Polygon","coordinates":[[[99.95567,8.39308],[99.95567,8.39301],[99.95573,8.39301],[99.95573,8.39308],[99.95567,8.39308]]]}},{"type":"Feature","id":"way/1444224373","properties":{"id":"way/1444224373","building":"yes","_elevM":10,"_bbox":[99.957045,8.3946568,99.9571795,8.3947559]},"geometry":{"type":"Polygon","coordinates":[[[99.95704,8.39475],[99.95705,8.39466],[99.95718,8.39466],[99.95718,8.39476],[99.95704,8.39475]]]}},{"type":"Feature","id":"way/1444224376","properties":{"id":"way/1444224376","building":"yes","mnType":"temple","_elevM":28,"_bbox":[99.9569185,8.3956723,99.9571893,8.3958504]},"geometry":{"type":"Polygon","coordinates":[[[99.95692,8.39583],[99.95693,8.39567],[99.95719,8.39569],[99.95718,8.39585],[99.95692,8.39583]]]}},{"type":"Feature","id":"way/1444224377","properties":{"id":"way/1444224377","building":"yes","mnType":"temple","_elevM":28,"_bbox":[99.9571875,8.3955182,99.9574584,8.3956963]},"geometry":{"type":"Polygon","coordinates":[[[99.95719,8.39568],[99.9572,8.39552],[99.95746,8.39553],[99.95745,8.3957],[99.95719,8.39568]]]}},{"type":"Feature","id":"way/1444224378","properties":{"id":"way/1444224378","building":"yes","mnType":"temple","_elevM":28,"_bbox":[99.9569576,8.395458,99.9570974,8.395533]},"geometry":{"type":"Polygon","coordinates":[[[99.95696,8.39552],[99.95696,8.39546],[99.9571,8.39547],[99.95709,8.39553],[99.95696,8.39552]]]}},{"type":"Feature","id":"way/1444224379","properties":{"id":"way/1444224379","building":"yes","_elevM":10,"_bbox":[99.9568477,8.395909,99.9569517,8.396061]},"geometry":{"type":"Polygon","coordinates":[[[99.95687,8.39606],[99.95685,8.39592],[99.95693,8.39591],[99.95695,8.39605],[99.95687,8.39606]]]}},{"type":"Feature","id":"way/1444224380","properties":{"id":"way/1444224380","building":"yes","_elevM":10,"_bbox":[99.9565577,8.3951081,99.9566282,8.3952029]},"geometry":{"type":"Polygon","coordinates":[[[99.95656,8.3952],[99.95656,8.39511],[99.95663,8.39511],[99.95663,8.3952],[99.95656,8.3952]]]}},{"type":"Feature","id":"way/1444224387","properties":{"id":"way/1444224387","building":"yes","_elevM":10,"_bbox":[99.9482541,8.4155873,99.9484867,8.4157859]},"geometry":{"type":"Polygon","coordinates":[[[99.94829,8.41579],[99.94825,8.41563],[99.94845,8.41559],[99.94849,8.41574],[99.94829,8.41579]]]}},{"type":"Feature","id":"way/1444224388","properties":{"id":"way/1444224388","building":"yes","mnType":"temple","_elevM":28,"_bbox":[99.9484561,8.4158749,99.9486536,8.4159914]},"geometry":{"type":"Polygon","coordinates":[[[99.94846,8.41596],[99.94847,8.41587],[99.94865,8.4159],[99.94864,8.41599],[99.94846,8.41596]]]}},{"type":"Feature","id":"way/1444224389","properties":{"id":"way/1444224389","building":"yes","_elevM":10,"_bbox":[99.9478748,8.416426,99.948151,8.4169725]},"geometry":{"type":"Polygon","coordinates":[[[99.94797,8.41697],[99.94787,8.41646],[99.94805,8.41643],[99.94815,8.41694],[99.94797,8.41697]]]}},{"type":"Feature","id":"way/1444224390","properties":{"id":"way/1444224390","building":"yes","mnType":"temple","_elevM":28,"_bbox":[99.9484027,8.4164248,99.9485723,8.4166668]},"geometry":{"type":"Polygon","coordinates":[[[99.9484,8.41666],[99.94842,8.41642],[99.94857,8.41643],[99.94856,8.41667],[99.9484,8.41666]]]}},{"type":"Feature","id":"way/1444224391","properties":{"id":"way/1444224391","building":"yes","_elevM":10,"_bbox":[99.948769,8.4163905,99.9488887,8.416745]},"geometry":{"type":"Polygon","coordinates":[[[99.94877,8.41674],[99.94881,8.41639],[99.94889,8.4164],[99.94884,8.41675],[99.94877,8.41674]]]}},{"type":"Feature","id":"way/1444224392","properties":{"id":"way/1444224392","building":"yes","_elevM":10,"_bbox":[99.9488839,8.4166294,99.9489582,8.416752]},"geometry":{"type":"Polygon","coordinates":[[[99.94888,8.41674],[99.9489,8.41663],[99.94896,8.41664],[99.94894,8.41675],[99.94888,8.41674]]]}},{"type":"Feature","id":"way/1444224393","properties":{"id":"way/1444224393","building":"yes","mnType":"temple","_elevM":28,"_bbox":[99.9486092,8.4164698,99.9487726,8.416577]},"geometry":{"type":"Polygon","coordinates":[[[99.94861,8.41655],[99.94862,8.41647],[99.94877,8.41649],[99.94876,8.41658],[99.94861,8.41655]]]}},{"type":"Feature","id":"way/1444224394","properties":{"id":"way/1444224394","building":"yes","_elevM":10,"_bbox":[99.9485684,8.4167893,99.9486687,8.4168659]},"geometry":{"type":"Polygon","coordinates":[[[99.94857,8.41686],[99.94857,8.41679],[99.94867,8.41679],[99.94867,8.41687],[99.94857,8.41686]]]}},{"type":"Feature","id":"way/1444224395","properties":{"id":"way/1444224395","building":"yes","_elevM":10,"_bbox":[99.9484481,8.4167634,99.9485484,8.41684]},"geometry":{"type":"Polygon","coordinates":[[[99.94845,8.41684],[99.94845,8.41676],[99.94855,8.41677],[99.94855,8.41684],[99.94845,8.41684]]]}},{"type":"Feature","id":"way/1444224396","properties":{"id":"way/1444224396","building":"yes","mnType":"temple","_elevM":28,"_bbox":[99.9480666,8.4158359,99.9482868,8.4160172]},"geometry":{"type":"Polygon","coordinates":[[[99.94807,8.41599],[99.94809,8.41584],[99.94829,8.41586],[99.94827,8.41602],[99.94807,8.41599]]]}},{"type":"Feature","id":"way/1444224397","properties":{"id":"way/1444224397","building":"yes","mnType":"temple","_elevM":28,"_bbox":[99.9480454,8.4161781,99.9482002,8.4162684]},"geometry":{"type":"Polygon","coordinates":[[[99.94805,8.41626],[99.94805,8.41618],[99.9482,8.41618],[99.9482,8.41627],[99.94805,8.41626]]]}},{"type":"Feature","id":"way/1444224398","properties":{"id":"way/1444224398","building":"yes","_elevM":10,"_bbox":[99.9478499,8.4160198,99.9479092,8.4162371]},"geometry":{"type":"Polygon","coordinates":[[[99.94785,8.41624],[99.94785,8.41602],[99.94791,8.41602],[99.94791,8.41624],[99.94785,8.41624]]]}},{"type":"Feature","id":"way/1444224399","properties":{"id":"way/1444224399","building":"yes","_elevM":10,"_bbox":[99.9480275,8.4157187,99.9481282,8.4157914]},"geometry":{"type":"Polygon","coordinates":[[[99.94803,8.41579],[99.94803,8.41572],[99.94813,8.41572],[99.94813,8.41579],[99.94803,8.41579]]]}},{"type":"Feature","id":"way/1444224400","properties":{"id":"way/1444224400","building":"yes","_elevM":10,"_bbox":[99.9489401,8.4155716,99.9490523,8.415691]},"geometry":{"type":"Polygon","coordinates":[[[99.94894,8.41569],[99.94895,8.41557],[99.94905,8.41558],[99.94905,8.41569],[99.94894,8.41569]]]}},{"type":"Feature","id":"way/1444224401","properties":{"id":"way/1444224401","building":"yes","_elevM":10,"_bbox":[99.9491524,8.4155291,99.9492647,8.4156484]},"geometry":{"type":"Polygon","coordinates":[[[99.94915,8.41564],[99.94916,8.41553],[99.94926,8.41553],[99.94926,8.41565],[99.94915,8.41564]]]}},{"type":"Feature","id":"way/1444224402","properties":{"id":"way/1444224402","building":"yes","_elevM":10,"_bbox":[99.9490165,8.415719,99.9491287,8.4158384]},"geometry":{"type":"Polygon","coordinates":[[[99.94902,8.41583],[99.94902,8.41572],[99.94913,8.41572],[99.94912,8.41584],[99.94902,8.41583]]]}},{"type":"Feature","id":"way/1444224404","properties":{"id":"way/1444224404","building":"yes","_elevM":10,"_bbox":[99.9535809,8.4314901,99.9539088,8.4317206]},"geometry":{"type":"Polygon","coordinates":[[[99.95358,8.43169],[99.9536,8.43149],[99.95391,8.43152],[99.95389,8.43172],[99.95358,8.43169]]]}},{"type":"Feature","id":"way/1444224405","properties":{"id":"way/1444224405","building":"yes","_elevM":10,"_bbox":[99.9531657,8.4311569,99.9534412,8.43177]},"geometry":{"type":"Polygon","coordinates":[[[99.95317,8.43164],[99.95323,8.43116],[99.95344,8.43119],[99.95336,8.43177],[99.95317,8.43164]]]}},{"type":"Feature","id":"way/1444224406","properties":{"id":"way/1444224406","building":"yes","_elevM":10,"_bbox":[99.9542567,8.4316885,99.9544335,8.4318913]},"geometry":{"type":"Polygon","coordinates":[[[99.95431,8.43189],[99.95426,8.43173],[99.95438,8.43169],[99.95443,8.43185],[99.95431,8.43189]]]}},{"type":"Feature","id":"way/1444224407","properties":{"id":"way/1444224407","building":"yes","mnType":"temple","_elevM":28,"_bbox":[99.9536926,8.4312801,99.9538457,8.4313612]},"geometry":{"type":"Polygon","coordinates":[[[99.95369,8.43135],[99.9537,8.43128],[99.95385,8.43129],[99.95384,8.43136],[99.95369,8.43135]]]}},{"type":"Feature","id":"way/1444224408","properties":{"id":"way/1444224408","building":"yes","_elevM":10,"_bbox":[99.953437,8.430878,99.9537305,8.4310474]},"geometry":{"type":"Polygon","coordinates":[[[99.95344,8.43101],[99.95345,8.43088],[99.95373,8.43091],[99.95371,8.43105],[99.95344,8.43101]]]}},{"type":"Feature","id":"way/1444224409","properties":{"id":"way/1444224409","building":"yes","mnType":"temple","_elevM":28,"_bbox":[99.9541277,8.4309594,99.9543544,8.4311532]},"geometry":{"type":"Polygon","coordinates":[[[99.95413,8.43115],[99.95413,8.43097],[99.95435,8.43096],[99.95435,8.43115],[99.95413,8.43115]]]}},{"type":"Feature","id":"way/1444224410","properties":{"id":"way/1444224410","building":"yes","mnType":"temple","_elevM":28,"_bbox":[99.9541072,8.4307831,99.9543948,8.4309384]},"geometry":{"type":"Polygon","coordinates":[[[99.95412,8.43094],[99.95411,8.4308],[99.95438,8.43078],[99.95439,8.43092],[99.95412,8.43094]]]}},{"type":"Feature","id":"way/1444224411","properties":{"id":"way/1444224411","building":"yes","_elevM":10,"_bbox":[99.9534654,8.4304158,99.9536375,8.4307887]},"geometry":{"type":"Polygon","coordinates":[[[99.95347,8.43077],[99.95357,8.43042],[99.95364,8.43044],[99.95354,8.43079],[99.95347,8.43077]]]}},{"type":"Feature","id":"way/1444224412","properties":{"id":"way/1444224412","building":"yes","_elevM":10,"_bbox":[99.9536836,8.4303059,99.9540741,8.4307199]},"geometry":{"type":"Polygon","coordinates":[[[99.95368,8.43052],[99.95374,8.43031],[99.95407,8.43036],[99.95403,8.43072],[99.95394,8.43072],[99.95395,8.43056],[99.95368,8.43052]]]}},{"type":"Feature","id":"way/1444224413","properties":{"id":"way/1444224413","building":"yes","_elevM":10,"_bbox":[99.9536467,8.4319997,99.9538689,8.4321128]},"geometry":{"type":"Polygon","coordinates":[[[99.95365,8.43211],[99.95365,8.432],[99.95387,8.432],[99.95387,8.43211],[99.95365,8.43211]]]}},{"type":"Feature","id":"way/1444224414","properties":{"id":"way/1444224414","building":"yes","_elevM":10,"_bbox":[99.9219018,8.4332335,99.9220078,8.4333386]},"geometry":{"type":"Polygon","coordinates":[[[99.92193,8.43324],[99.922,8.43327],[99.92197,8.43334],[99.9219,8.43329],[99.92193,8.43324]]]}},{"type":"Feature","id":"way/1444224416","properties":{"id":"way/1444224416","building":"yes","mnType":"temple","_elevM":28,"_bbox":[99.909221,8.4294381,99.9093174,8.4296185]},"geometry":{"type":"Polygon","coordinates":[[[99.90922,8.42961],[99.90923,8.42944],[99.90932,8.42944],[99.90931,8.42962],[99.90922,8.42961]]]}},{"type":"Feature","id":"way/1444224417","properties":{"id":"way/1444224417","building":"yes","mnType":"temple","_elevM":28,"_bbox":[99.9089404,8.4294276,99.9090672,8.4296902]},"geometry":{"type":"Polygon","coordinates":[[[99.90894,8.42968],[99.90897,8.42943],[99.90907,8.42944],[99.90904,8.42969],[99.90894,8.42968]]]}},{"type":"Feature","id":"way/1444224418","properties":{"id":"way/1444224418","building":"yes","mnType":"temple","_elevM":28,"_bbox":[99.9087006,8.429531,99.9088886,8.4296537]},"geometry":{"type":"Polygon","coordinates":[[[99.9087,8.42965],[99.9087,8.42953],[99.90889,8.42953],[99.90889,8.42965],[99.9087,8.42965]]]}},{"type":"Feature","id":"way/1444224419","properties":{"id":"way/1444224419","building":"yes","mnType":"temple","_elevM":28,"_bbox":[99.9084877,8.4295273,99.9086757,8.42965]},"geometry":{"type":"Polygon","coordinates":[[[99.90849,8.42965],[99.90849,8.42953],[99.90868,8.42953],[99.90867,8.42965],[99.90849,8.42965]]]}},{"type":"Feature","id":"way/1444224420","properties":{"id":"way/1444224420","building":"yes","mnType":"temple","_elevM":28,"_bbox":[99.9087016,8.4298933,99.9088897,8.430016]},"geometry":{"type":"Polygon","coordinates":[[[99.9087,8.43001],[99.9087,8.42989],[99.90889,8.4299],[99.90889,8.43002],[99.9087,8.43001]]]}},{"type":"Feature","id":"way/1444224421","properties":{"id":"way/1444224421","building":"yes","_elevM":10,"_bbox":[99.9080044,8.4299904,99.9081925,8.4301131]},"geometry":{"type":"Polygon","coordinates":[[[99.908,8.43011],[99.90801,8.42999],[99.90819,8.42999],[99.90819,8.43011],[99.908,8.43011]]]}},{"type":"Feature","id":"way/1444224422","properties":{"id":"way/1444224422","building":"yes","_elevM":10,"_bbox":[99.9080936,8.429607,99.9083889,8.4298474]},"geometry":{"type":"Polygon","coordinates":[[[99.9081,8.42985],[99.90809,8.42961],[99.90838,8.42961],[99.90839,8.42984],[99.9081,8.42985]]]}},{"type":"Feature","id":"way/1444224423","properties":{"id":"way/1444224423","building":"yes","_elevM":10,"_bbox":[99.9084566,8.4302595,99.9086995,8.4303699]},"geometry":{"type":"Polygon","coordinates":[[[99.90846,8.43036],[99.90846,8.43026],[99.9087,8.43027],[99.90869,8.43037],[99.90846,8.43036]]]}},{"type":"Feature","id":"way/1444224424","properties":{"id":"way/1444224424","building":"yes","_elevM":10,"_bbox":[99.9096835,8.4294399,99.9099852,8.4298028]},"geometry":{"type":"Polygon","coordinates":[[[99.90968,8.42976],[99.90974,8.42944],[99.90999,8.42948],[99.90993,8.4298],[99.90968,8.42976]]]}},{"type":"Feature","id":"way/1444224425","properties":{"id":"way/1444224425","building":"yes","_elevM":10,"_bbox":[99.9084433,8.4300677,99.9085248,8.4302286]},"geometry":{"type":"Polygon","coordinates":[[[99.90844,8.43023],[99.90845,8.43007],[99.90852,8.43007],[99.90852,8.43023],[99.90844,8.43023]]]}},{"type":"Feature","id":"way/1444224426","properties":{"id":"way/1444224426","building":"yes","_elevM":10,"_bbox":[99.9085359,8.4300684,99.9086174,8.4302292]},"geometry":{"type":"Polygon","coordinates":[[[99.90854,8.43023],[99.90854,8.43007],[99.90862,8.43007],[99.90861,8.43023],[99.90854,8.43023]]]}},{"type":"Feature","id":"way/1444224427","properties":{"id":"way/1444224427","building":"yes","mnType":"temple","_elevM":28,"_bbox":[99.9086316,8.4300734,99.908713,8.4302342]},"geometry":{"type":"Polygon","coordinates":[[[99.90863,8.43023],[99.90864,8.43007],[99.90871,8.43008],[99.90871,8.43023],[99.90863,8.43023]]]}},{"type":"Feature","id":"way/1444224429","properties":{"id":"way/1444224429","building":"yes","_elevM":10,"_bbox":[99.9332791,8.4099138,99.9334065,8.4101399]},"geometry":{"type":"Polygon","coordinates":[[[99.93328,8.41014],[99.93328,8.40991],[99.93341,8.40991],[99.9334,8.41014],[99.93328,8.41014]]]}},{"type":"Feature","id":"way/1444224430","properties":{"id":"way/1444224430","building":"yes","mnType":"temple","_elevM":28,"_bbox":[99.9327336,8.4097147,99.9329384,8.4098015]},"geometry":{"type":"Polygon","coordinates":[[[99.93274,8.4098],[99.93273,8.40973],[99.93293,8.40971],[99.93294,8.40978],[99.93274,8.4098]]]}},{"type":"Feature","id":"way/1444224431","properties":{"id":"way/1444224431","name":"วัดทุ่งแย้","nameEn":"Wat Thung Yae","building":"yes","mnType":"temple","_elevM":28,"_bbox":[99.9327763,8.4099951,99.9329921,8.4101911]},"geometry":{"type":"Polygon","coordinates":[[[99.93279,8.41019],[99.93278,8.41001],[99.93298,8.41],[99.93299,8.41018],[99.93279,8.41019]]]}},{"type":"Feature","id":"way/1444224432","properties":{"id":"way/1444224432","building":"yes","mnType":"temple","_elevM":28,"_bbox":[99.9330276,8.4099953,99.9331535,8.4101735]},"geometry":{"type":"Polygon","coordinates":[[[99.93304,8.41017],[99.93303,8.41],[99.93314,8.41],[99.93315,8.41017],[99.93304,8.41017]]]}},{"type":"Feature","id":"way/1444224433","properties":{"id":"way/1444224433","building":"yes","_elevM":10,"_bbox":[99.9326785,8.410686,99.9329367,8.4107976]},"geometry":{"type":"Polygon","coordinates":[[[99.93269,8.41069],[99.93294,8.4107],[99.93293,8.4108],[99.93268,8.41078],[99.93269,8.41069]]]}},{"type":"Feature","id":"way/1444224434","properties":{"id":"way/1444224434","building":"yes","mnType":"temple","_elevM":28,"_bbox":[99.9324005,8.4103815,99.9325372,8.4104891]},"geometry":{"type":"Polygon","coordinates":[[[99.9324,8.41049],[99.9324,8.41038],[99.93254,8.41038],[99.93254,8.41049],[99.9324,8.41049]]]}},{"type":"Feature","id":"way/1444224435","properties":{"id":"way/1444224435","building":"yes","_elevM":10,"_bbox":[99.9325239,8.4106734,99.9326471,8.4107736]},"geometry":{"type":"Polygon","coordinates":[[[99.93252,8.41073],[99.93253,8.41067],[99.93265,8.41068],[99.93264,8.41077],[99.93252,8.41073]]]}},{"type":"Feature","id":"way/1444224436","properties":{"id":"way/1444224436","building":"yes","mnType":"temple","_elevM":28,"_bbox":[99.9325771,8.4098169,99.9326354,8.4099064]},"geometry":{"type":"Polygon","coordinates":[[[99.93258,8.40991],[99.93258,8.40982],[99.93263,8.40982],[99.93264,8.4099],[99.93258,8.40991]]]}},{"type":"Feature","id":"way/1444224437","properties":{"id":"way/1444224437","building":"yes","mnType":"temple","_elevM":28,"_bbox":[99.9324671,8.4100699,99.9325623,8.4101401]},"geometry":{"type":"Polygon","coordinates":[[[99.93247,8.41014],[99.93247,8.41007],[99.93256,8.41007],[99.93256,8.41014],[99.93247,8.41014]]]}},{"type":"Feature","id":"way/1444224438","properties":{"id":"way/1444224438","building":"yes","_elevM":10,"_bbox":[99.9322929,8.4104547,99.9323881,8.4105248]},"geometry":{"type":"Polygon","coordinates":[[[99.93229,8.41052],[99.93229,8.41045],[99.93239,8.41046],[99.93239,8.41052],[99.93229,8.41052]]]}},{"type":"Feature","id":"way/1444224439","properties":{"id":"way/1444224439","building":"yes","_elevM":10,"_bbox":[99.9322605,8.4103672,99.9323557,8.4104373]},"geometry":{"type":"Polygon","coordinates":[[[99.93226,8.41044],[99.93226,8.41037],[99.93236,8.41037],[99.93235,8.41044],[99.93226,8.41044]]]}},{"type":"Feature","id":"way/1444224440","properties":{"id":"way/1444224440","building":"yes","_elevM":10,"_bbox":[99.9323209,8.410619,99.9324161,8.4106892]},"geometry":{"type":"Polygon","coordinates":[[[99.93232,8.41069],[99.93232,8.41062],[99.93242,8.41062],[99.93241,8.41069],[99.93232,8.41069]]]}},{"type":"Feature","id":"way/1444224441","properties":{"id":"way/1444224441","building":"yes","_elevM":10,"_bbox":[99.9323334,8.409655,99.9324513,8.4098257]},"geometry":{"type":"Polygon","coordinates":[[[99.93235,8.40983],[99.93233,8.40967],[99.93243,8.40966],[99.93245,8.40982],[99.93235,8.40983]]]}},{"type":"Feature","id":"way/1444224444","properties":{"id":"way/1444224444","building":"yes","mnType":"temple","_elevM":28,"_bbox":[99.9226136,8.3929883,99.9228478,8.3931259]},"geometry":{"type":"Polygon","coordinates":[[[99.92262,8.39313],[99.92261,8.39299],[99.92284,8.39299],[99.92285,8.39312],[99.92262,8.39313]]]}},{"type":"Feature","id":"way/1444224445","properties":{"id":"way/1444224445","building":"yes","mnType":"temple","_elevM":28,"_bbox":[99.9226046,8.3932638,99.9228388,8.3934014]},"geometry":{"type":"Polygon","coordinates":[[[99.92261,8.3934],[99.9226,8.39327],[99.92284,8.39326],[99.92284,8.3934],[99.92261,8.3934]]]}},{"type":"Feature","id":"way/1444224446","properties":{"id":"way/1444224446","building":"yes","_elevM":10,"_bbox":[99.922385,8.3934137,99.9226553,8.3936174]},"geometry":{"type":"Polygon","coordinates":[[[99.92239,8.39359],[99.92241,8.39341],[99.92266,8.39344],[99.92263,8.39362],[99.92239,8.39359]]]}},{"type":"Feature","id":"way/1444224447","properties":{"id":"way/1444224447","building":"yes","mnType":"temple","_elevM":28,"_bbox":[99.9228611,8.3932592,99.9229377,8.3934095]},"geometry":{"type":"Polygon","coordinates":[[[99.92287,8.39341],[99.92286,8.39326],[99.92293,8.39326],[99.92294,8.39341],[99.92287,8.39341]]]}},{"type":"Feature","id":"way/1444224448","properties":{"id":"way/1444224448","building":"yes","_elevM":10,"_bbox":[99.9223002,8.3931567,99.9224499,8.3932276]},"geometry":{"type":"Polygon","coordinates":[[[99.9223,8.39316],[99.92245,8.39316],[99.92245,8.39323],[99.9223,8.39323],[99.9223,8.39316]]]}},{"type":"Feature","id":"way/1444224449","properties":{"id":"way/1444224449","building":"yes","mnType":"temple","_elevM":28,"_bbox":[99.9229659,8.3928386,99.9230988,8.3929359]},"geometry":{"type":"Polygon","coordinates":[[[99.92297,8.39293],[99.92297,8.39284],[99.9231,8.39284],[99.92309,8.39294],[99.92297,8.39293]]]}},{"type":"Feature","id":"way/1444224450","properties":{"id":"way/1444224450","building":"yes","mnType":"temple","_elevM":28,"_bbox":[99.9233114,8.3932824,99.9233786,8.3933586]},"geometry":{"type":"Polygon","coordinates":[[[99.92331,8.39336],[99.92331,8.39328],[99.92338,8.39328],[99.92338,8.39336],[99.92331,8.39336]]]}},{"type":"Feature","id":"way/1444224451","properties":{"id":"way/1444224451","building":"yes","mnType":"temple","_elevM":28,"_bbox":[99.9231183,8.3932772,99.9231856,8.3933534]},"geometry":{"type":"Polygon","coordinates":[[[99.92312,8.39335],[99.92312,8.39328],[99.92318,8.39328],[99.92319,8.39335],[99.92312,8.39335]]]}},{"type":"Feature","id":"way/1444224452","properties":{"id":"way/1444224452","building":"yes","_elevM":10,"_bbox":[99.9228553,8.3935373,99.9229225,8.3936136]},"geometry":{"type":"Polygon","coordinates":[[[99.92286,8.39361],[99.92286,8.39354],[99.92292,8.39354],[99.92292,8.39361],[99.92286,8.39361]]]}},{"type":"Feature","id":"way/1444224453","properties":{"id":"way/1444224453","building":"yes","_elevM":10,"_bbox":[99.9227789,8.393532,99.9228461,8.3936083]},"geometry":{"type":"Polygon","coordinates":[[[99.92278,8.39361],[99.92278,8.39353],[99.92284,8.39353],[99.92285,8.39361],[99.92278,8.39361]]]}},{"type":"Feature","id":"way/1444224454","properties":{"id":"way/1444224454","building":"yes","_elevM":10,"_bbox":[99.922693,8.3935386,99.9227602,8.3936148]},"geometry":{"type":"Polygon","coordinates":[[[99.9227,8.39361],[99.92269,8.39354],[99.92276,8.39354],[99.92276,8.39361],[99.9227,8.39361]]]}},{"type":"Feature","id":"way/1444224455","properties":{"id":"way/1444224455","building":"yes","_elevM":10,"_bbox":[99.9235029,8.3930118,99.9237363,8.3933366]},"geometry":{"type":"Polygon","coordinates":[[[99.9235,8.39334],[99.9235,8.39301],[99.92374,8.39301],[99.92374,8.39334],[99.9235,8.39334]]]}},{"type":"Feature","id":"way/1444234632","properties":{"id":"way/1444234632","building":"yes","_elevM":10,"_bbox":[99.9255486,8.391279,99.9257668,8.3916003]},"geometry":{"type":"Polygon","coordinates":[[[99.92559,8.3916],[99.92555,8.3913],[99.92572,8.39128],[99.92577,8.39158],[99.92559,8.3916]]]}},{"type":"Feature","id":"way/1444234633","properties":{"id":"way/1444234633","building":"yes","mnType":"temple","_elevM":28,"_bbox":[99.9258195,8.3912142,99.9259127,8.3913231]},"geometry":{"type":"Polygon","coordinates":[[[99.92582,8.39132],[99.92582,8.39122],[99.92591,8.39121],[99.92591,8.39132],[99.92582,8.39132]]]}},{"type":"Feature","id":"way/1444234634","properties":{"id":"way/1444234634","building":"yes","mnType":"temple","_elevM":28,"_bbox":[99.9255199,8.3907935,99.9259369,8.3909977]},"geometry":{"type":"Polygon","coordinates":[[[99.92553,8.391],[99.92552,8.39082],[99.92592,8.39079],[99.92594,8.39097],[99.92553,8.391]]]}},{"type":"Feature","id":"way/1444234635","properties":{"id":"way/1444234635","building":"yes","mnType":"temple","_elevM":28,"_bbox":[99.9255336,8.39074,99.9256322,8.3907881]},"geometry":{"type":"Polygon","coordinates":[[[99.92553,8.39079],[99.92553,8.39074],[99.92563,8.39074],[99.92563,8.39079],[99.92553,8.39079]]]}},{"type":"Feature","id":"way/1444234636","properties":{"id":"way/1444234636","building":"yes","mnType":"temple","_elevM":28,"_bbox":[99.9257094,8.390584,99.9258929,8.3906732]},"geometry":{"type":"Polygon","coordinates":[[[99.92572,8.39067],[99.92571,8.3906],[99.92589,8.39058],[99.92589,8.39066],[99.92572,8.39067]]]}},{"type":"Feature","id":"way/1444234638","properties":{"id":"way/1444234638","building":"yes","mnType":"temple","_elevM":28,"_bbox":[99.9449557,8.3959859,99.945157,8.3962476]},"geometry":{"type":"Polygon","coordinates":[[[99.94496,8.3962],[99.94505,8.39599],[99.94516,8.39603],[99.94507,8.39625],[99.94496,8.3962]]]}},{"type":"Feature","id":"way/1444234639","properties":{"id":"way/1444234639","building":"yes","mnType":"temple","_elevM":28,"_bbox":[99.9446398,8.3958986,99.9448668,8.3961854]},"geometry":{"type":"Polygon","coordinates":[[[99.94464,8.39613],[99.94474,8.3959],[99.94487,8.39595],[99.94477,8.39619],[99.94464,8.39613]]]}},{"type":"Feature","id":"way/1444234640","properties":{"id":"way/1444234640","building":"yes","_elevM":10,"_bbox":[99.9446825,8.3964941,99.9449151,8.3966922]},"geometry":{"type":"Polygon","coordinates":[[[99.94468,8.39657],[99.94474,8.39649],[99.94492,8.39662],[99.94486,8.39669],[99.94468,8.39657]]]}},{"type":"Feature","id":"way/1444234641","properties":{"id":"way/1444234641","building":"yes","mnType":"temple","_elevM":28,"_bbox":[99.9447018,8.3962512,99.9448746,8.3964432]},"geometry":{"type":"Polygon","coordinates":[[[99.9447,8.3964],[99.94476,8.39625],[99.94487,8.3963],[99.94482,8.39644],[99.9447,8.3964]]]}},{"type":"Feature","id":"way/1444234642","properties":{"id":"way/1444234642","building":"yes","mnType":"temple","_elevM":28,"_bbox":[99.9445486,8.3958198,99.9447171,8.3960595]},"geometry":{"type":"Polygon","coordinates":[[[99.94455,8.39603],[99.94464,8.39582],[99.94472,8.39585],[99.94462,8.39606],[99.94455,8.39603]]]}},{"type":"Feature","id":"way/1444234643","properties":{"id":"way/1444234643","building":"yes","mnType":"temple","_elevM":28,"_bbox":[99.9448518,8.3959092,99.9450106,8.3960857]},"geometry":{"type":"Polygon","coordinates":[[[99.94485,8.39605],[99.9449,8.39591],[99.94501,8.39595],[99.94496,8.39609],[99.94485,8.39605]]]}},{"type":"Feature","id":"way/1444234644","properties":{"id":"way/1444234644","building":"yes","mnType":"temple","_elevM":28,"_bbox":[99.9448084,8.3960856,99.944901,8.3961804]},"geometry":{"type":"Polygon","coordinates":[[[99.94481,8.39615],[99.94484,8.39609],[99.9449,8.39611],[99.94487,8.39618],[99.94481,8.39615]]]}},{"type":"Feature","id":"way/1444234645","properties":{"id":"way/1444234645","building":"yes","mnType":"temple","_elevM":28,"_bbox":[99.944619,8.3962039,99.9447116,8.3962987]},"geometry":{"type":"Polygon","coordinates":[[[99.94462,8.39627],[99.94465,8.3962],[99.94471,8.39623],[99.94468,8.3963],[99.94462,8.39627]]]}},{"type":"Feature","id":"way/1444234648","properties":{"id":"way/1444234648","building":"yes","_elevM":10,"_bbox":[99.932898,8.3850909,99.9332209,8.3852594]},"geometry":{"type":"Polygon","coordinates":[[[99.93292,8.38526],[99.9329,8.38514],[99.9332,8.38509],[99.93322,8.38522],[99.93292,8.38526]]]}},{"type":"Feature","id":"way/1444234649","properties":{"id":"way/1444234649","building":"yes","_elevM":10,"_bbox":[99.9329932,8.3854268,99.9330963,8.385487]},"geometry":{"type":"Polygon","coordinates":[[[99.933,8.38549],[99.93299,8.38543],[99.93309,8.38543],[99.9331,8.38548],[99.933,8.38549]]]}},{"type":"Feature","id":"way/1444234650","properties":{"id":"way/1444234650","building":"yes","_elevM":10,"_bbox":[99.9329803,8.3855639,99.9330834,8.3856241]},"geometry":{"type":"Polygon","coordinates":[[[99.93298,8.38562],[99.93298,8.38557],[99.93308,8.38556],[99.93308,8.38562],[99.93298,8.38562]]]}},{"type":"Feature","id":"way/1444234651","properties":{"id":"way/1444234651","building":"yes","mnType":"temple","_elevM":28,"_bbox":[99.932818,8.3857529,99.9329946,8.3859036]},"geometry":{"type":"Polygon","coordinates":[[[99.93283,8.3859],[99.93282,8.38577],[99.93298,8.38575],[99.93299,8.38588],[99.93283,8.3859]]]}},{"type":"Feature","id":"way/1444234652","properties":{"id":"way/1444234652","building":"yes","mnType":"temple","_elevM":28,"_bbox":[99.9324015,8.385787,99.9325519,8.3858714]},"geometry":{"type":"Polygon","coordinates":[[[99.93241,8.38587],[99.9324,8.3858],[99.93254,8.38579],[99.93255,8.38586],[99.93241,8.38587]]]}},{"type":"Feature","id":"way/1444234653","properties":{"id":"way/1444234653","building":"yes","mnType":"temple","_elevM":28,"_bbox":[99.9322482,8.3860169,99.9323245,8.3861644]},"geometry":{"type":"Polygon","coordinates":[[[99.93225,8.38616],[99.93225,8.38602],[99.93232,8.38602],[99.93232,8.38616],[99.93225,8.38616]]]}},{"type":"Feature","id":"way/1444234654","properties":{"id":"way/1444234654","building":"yes","mnType":"temple","_elevM":28,"_bbox":[99.9322244,8.3858093,99.9323007,8.3859569]},"geometry":{"type":"Polygon","coordinates":[[[99.93223,8.38596],[99.93222,8.38581],[99.9323,8.38581],[99.9323,8.38596],[99.93223,8.38596]]]}},{"type":"Feature","id":"way/1444234655","properties":{"id":"way/1444234655","building":"yes","mnType":"temple","_elevM":28,"_bbox":[99.9327676,8.3862917,99.9329971,8.3864116]},"geometry":{"type":"Polygon","coordinates":[[[99.93277,8.38641],[99.93277,8.3863],[99.93299,8.38629],[99.933,8.3864],[99.93277,8.38641]]]}},{"type":"Feature","id":"way/1444234656","properties":{"id":"way/1444234656","building":"yes","_elevM":10,"_bbox":[99.9331403,8.3864144,99.9332132,8.3865052]},"geometry":{"type":"Polygon","coordinates":[[[99.93314,8.3865],[99.93314,8.38641],[99.93321,8.38642],[99.93321,8.38651],[99.93314,8.3865]]]}},{"type":"Feature","id":"way/1444234657","properties":{"id":"way/1444234657","building":"yes","mnType":"temple","_elevM":28,"_bbox":[99.9327991,8.3860671,99.9329091,8.3861358]},"geometry":{"type":"Polygon","coordinates":[[[99.9328,8.38613],[99.9328,8.38607],[99.93291,8.38608],[99.9329,8.38614],[99.9328,8.38613]]]}},{"type":"Feature","id":"way/1444234658","properties":{"id":"way/1444234658","name":"วัดมะม่วงขาว","nameEn":"Wat Mamuang Khao","building":"yes","mnType":"temple","_elevM":28,"_bbox":[99.9326541,8.3860426,99.9327404,8.3861318]},"geometry":{"type":"Polygon","coordinates":[[[99.93265,8.38613],[99.93266,8.38604],[99.93274,8.38605],[99.93274,8.38613],[99.93265,8.38613]]]}},{"type":"Feature","id":"way/1444234663","properties":{"id":"way/1444234663","building":"yes","mnType":"temple","_elevM":28,"_bbox":[99.9290877,8.3799259,99.9293056,8.3800882]},"geometry":{"type":"Polygon","coordinates":[[[99.92909,8.38009],[99.92909,8.37993],[99.9293,8.37993],[99.92931,8.38009],[99.92909,8.38009]]]}},{"type":"Feature","id":"way/1444234667","properties":{"id":"way/1444234667","building":"yes","_elevM":10,"_bbox":[99.9284858,8.3801052,99.9286386,8.38024]},"geometry":{"type":"Polygon","coordinates":[[[99.92852,8.38024],[99.92849,8.38014],[99.92861,8.38011],[99.92864,8.3802],[99.92852,8.38024]]]}},{"type":"Feature","id":"way/1444234668","properties":{"id":"way/1444234668","building":"yes","_elevM":10,"_bbox":[99.9284185,8.3801873,99.9284763,8.3802685]},"geometry":{"type":"Polygon","coordinates":[[[99.92844,8.38027],[99.92842,8.3802],[99.92846,8.38019],[99.92848,8.38026],[99.92844,8.38027]]]}},{"type":"Feature","id":"way/1444234716","properties":{"id":"way/1444234716","building":"yes","mnType":"commercial","_elevM":10,"_bbox":[99.9736384,8.3811639,99.9737335,8.3813166]},"geometry":{"type":"Polygon","coordinates":[[[99.97364,8.3813],[99.97367,8.38116],[99.97373,8.38118],[99.9737,8.38132],[99.97364,8.3813]]]}},{"type":"Feature","id":"way/1444234717","properties":{"id":"way/1444234717","building":"yes","mnType":"commercial","_elevM":10,"_bbox":[99.9735719,8.381121,99.9736375,8.3812913]},"geometry":{"type":"Polygon","coordinates":[[[99.97357,8.38129],[99.97359,8.38112],[99.97364,8.38113],[99.97362,8.38129],[99.97357,8.38129]]]}},{"type":"Feature","id":"way/1444234719","properties":{"id":"way/1444234719","building":"yes","_elevM":10,"_bbox":[99.9710271,8.3814501,99.9714116,8.3822015]},"geometry":{"type":"Polygon","coordinates":[[[99.97103,8.38215],[99.97117,8.38145],[99.97141,8.3815],[99.97127,8.3822],[99.97103,8.38215]]]}},{"type":"Feature","id":"way/1444234721","properties":{"id":"way/1444234721","building":"yes","mnType":"temple","_elevM":28,"_bbox":[99.9712637,8.38279,99.9714635,8.3830594]},"geometry":{"type":"Polygon","coordinates":[[[99.97126,8.38304],[99.9713,8.38279],[99.97146,8.38281],[99.97143,8.38306],[99.97126,8.38304]]]}},{"type":"Feature","id":"way/1444234722","properties":{"id":"way/1444234722","building":"yes","mnType":"temple","_elevM":28,"_bbox":[99.9717762,8.3828322,99.9718627,8.3829811]},"geometry":{"type":"Polygon","coordinates":[[[99.97178,8.38297],[99.9718,8.38283],[99.97186,8.38284],[99.97184,8.38298],[99.97178,8.38297]]]}},{"type":"Feature","id":"way/1444234723","properties":{"id":"way/1444234723","building":"yes","mnType":"temple","_elevM":28,"_bbox":[99.9716565,8.3832939,99.9720247,8.3835594]},"geometry":{"type":"Polygon","coordinates":[[[99.97166,8.38352],[99.97168,8.38329],[99.97202,8.38333],[99.972,8.38356],[99.97166,8.38352]]]}},{"type":"Feature","id":"way/1444234724","properties":{"id":"way/1444234724","building":"yes","mnType":"commercial","_elevM":10,"_bbox":[99.9711834,8.3833113,99.9713179,8.3835241]},"geometry":{"type":"Polygon","coordinates":[[[99.97118,8.38352],[99.9712,8.38331],[99.97132,8.38332],[99.9713,8.38352],[99.97118,8.38352]]]}},{"type":"Feature","id":"way/1444234725","properties":{"id":"way/1444234725","building":"yes","_elevM":10,"_bbox":[99.9713332,8.383465,99.971525,8.3835482]},"geometry":{"type":"Polygon","coordinates":[[[99.97134,8.38346],[99.97152,8.38349],[99.97152,8.38355],[99.97133,8.38352],[99.97134,8.38346]]]}},{"type":"Feature","id":"way/1444234726","properties":{"id":"way/1444234726","building":"yes","mnType":"temple","_elevM":28,"_bbox":[99.9714844,8.3832716,99.9715971,8.3834215]},"geometry":{"type":"Polygon","coordinates":[[[99.97148,8.38341],[99.97151,8.38327],[99.9716,8.38329],[99.97157,8.38342],[99.97148,8.38341]]]}},{"type":"Feature","id":"way/1444234727","properties":{"id":"way/1444234727","building":"yes","mnType":"temple","_elevM":28,"_bbox":[99.9713491,8.3832775,99.9714196,8.383429]},"geometry":{"type":"Polygon","coordinates":[[[99.97135,8.38342],[99.97136,8.38328],[99.97142,8.38328],[99.9714,8.38343],[99.97135,8.38342]]]}},{"type":"Feature","id":"way/1444234732","properties":{"id":"way/1444234732","building":"yes","amenity":"place_of_worship","religion":"buddhist","mnType":"temple","_elevM":28,"_bbox":[99.9707137,8.3879544,99.9709049,8.3882478]},"geometry":{"type":"Polygon","coordinates":[[[99.97071,8.38823],[99.97074,8.38795],[99.9709,8.38797],[99.97087,8.38825],[99.97071,8.38823]]]}},{"type":"Feature","id":"way/1444234733","properties":{"id":"way/1444234733","building":"yes","amenity":"place_of_worship","religion":"buddhist","mnType":"temple","_elevM":28,"_bbox":[99.9704936,8.3881404,99.9706487,8.3882288]},"geometry":{"type":"Polygon","coordinates":[[[99.97049,8.38821],[99.9705,8.38814],[99.97065,8.38816],[99.97064,8.38823],[99.97049,8.38821]]]}},{"type":"Feature","id":"way/1444234734","properties":{"id":"way/1444234734","building":"yes","mnType":"temple","_elevM":28,"_bbox":[99.9709182,8.3879842,99.9710183,8.3880451]},"geometry":{"type":"Polygon","coordinates":[[[99.97092,8.38803],[99.97092,8.38798],[99.97102,8.388],[99.97101,8.38805],[99.97092,8.38803]]]}},{"type":"Feature","id":"way/1512584039","properties":{"id":"way/1512584039","building":"yes","_elevM":10,"_bbox":[99.9588369,8.453268,99.9592151,8.4536553]},"geometry":{"type":"Polygon","coordinates":[[[99.95884,8.45362],[99.95888,8.45327],[99.95922,8.45331],[99.95918,8.45366],[99.95884,8.45362]]]}},{"type":"Feature","id":"way/1512614684","properties":{"id":"way/1512614684","building":"roof","_elevM":10,"_bbox":[99.9246429,8.4841669,99.9249886,8.4842654]},"geometry":{"type":"Polygon","coordinates":[[[99.92464,8.48426],[99.92465,8.48417],[99.92499,8.48418],[99.92499,8.48427],[99.92464,8.48426]]]}},{"type":"Feature","id":"hand/mahatat-chedi","properties":{"id":"hand/mahatat-chedi","name":"วัดพระมหาธาตุ วรมหาวิหาร — เจดีย์","nameEn":"Wat Phra Mahathat Voramahavihan — Chedi","nameTh":"วัดพระมหาธาตุ วรมหาวิหาร — เจดีย์","building":"temple","religion":"buddhist","amenity":"place_of_worship","tourism":"attraction","height":78,"levels":null,"operator":null,"office":null,"healthcare":null,"shop":null,"source":"hand-authored","mnType":"temple","_elevM":78,"_bbox":[99.96361999999999,8.4365452,99.9639,8.4367748]},"geometry":{"type":"Polygon","coordinates":[[[99.96361999999999,8.4365452],[99.9639,8.4365452],[99.9639,8.4367748],[99.96361999999999,8.4367748],[99.96361999999999,8.4365452]]]}},{"type":"Feature","id":"hand/mahatat-cloister","properties":{"id":"hand/mahatat-cloister","name":"วัดพระมหาธาตุ วรมหาวิหาร — กำแพงแก้ว","nameEn":"Wat Phra Mahathat Voramahavihan — Cloister","nameTh":"วัดพระมหาธาตุ วรมหาวิหาร — กำแพงแก้ว","building":"temple","religion":"buddhist","amenity":"place_of_worship","tourism":"attraction","height":12,"levels":3,"operator":null,"office":null,"healthcare":null,"shop":null,"source":"hand-authored","mnType":"temple","_elevM":12,"_bbox":[99.96171,8.434849999999999,99.96580999999999,8.43847]},"geometry":{"type":"Polygon","coordinates":[[[99.96171,8.434849999999999],[99.96580999999999,8.434849999999999],[99.96580999999999,8.43847],[99.96171,8.43847],[99.96171,8.434849999999999]]]}}]}